#VRML V2.0 utf8
# 3D model generated by easyeda2kicad.py (https://github.com/uPesy/easyeda2kicad.py)

Shape{
    appearance Appearance {
        material  Material 	{
            diffuseColor 0.8274509803921568 0.6666666666666666 0.12941176470588237
            specularColor 0.4117647058823529 0.3333333333333333 0.06666666666666667
            ambientIntensity 0.6535
            transparency 0.0
            shininess 0.5
        }
    }
    geometry IndexedFaceSet {
        ccw TRUE
        solid FALSE
        coord DEF co Coordinate {
            point [
                -1.7569 -1.0658 0.4213, -1.7569 -1.0658 0.5787, -1.628 -1.0658 0.4213, -1.628 -1.0658 0.5787, -1.714 -1.7566 0.5787, -1.714 -1.7566 0.4213, -1.7121 -1.7023 0.5787, -1.7121 -1.7023 0.4213, -1.6965 -1.6502 0.5787, -1.6965 -1.6502 0.4213, -1.6682 -1.6038 0.5787, -1.6682 -1.6038 0.4213, -1.6291 -1.5661 0.5787, -1.6291 -1.5661 0.4213, -1.5817 -1.5395 0.5787, -1.5817 -1.5395 0.4213, -1.5291 -1.5257 0.5787, -1.5291 -1.5257 0.4213, -1.4748 -1.5257 0.5787, -1.4748 -1.5257 0.4213, -1.4222 -1.5395 0.5787, -1.4222 -1.5395 0.4213, -1.3748 -1.5661 0.5787, -1.3748 -1.5661 0.4213, -1.3357 -1.6038 0.5787, -1.3357 -1.6038 0.4213, -1.3074 -1.6502 0.5787, -1.3074 -1.6502 0.4213, -1.2918 -1.7023 0.5787, -1.2918 -1.7023 0.4213, -1.2899 -1.7566 0.5787, -1.2899 -1.7566 0.4213, -1.4139 -3.0954 0.5787, -1.4139 -3.0954 0.4213, -1.4139 -3.1027 0.4213, -1.4139 -3.1027 0.5787, -1.4125 -3.1099 0.4213, -1.4125 -3.1099 0.5787, -1.3567 -3.304 0.5787, -1.3567 -3.304 0.4213, -1.3528 -3.3131 0.4213, -1.3528 -3.3131 0.5787, -1.3468 -3.3209 0.4213, -1.3468 -3.3209 0.5787, -1.339 -3.3269 0.4213, -1.339 -3.3269 0.5787, -1.3299 -3.3309 0.4213, -1.3299 -3.3309 0.5787, -1.3202 -3.3324 0.4213, -1.3202 -3.3324 0.5787, -1.3103 -3.3315 0.4213, -1.3103 -3.3315 0.5787, -1.301 -3.3282 0.4213, -1.301 -3.3282 0.5787, -1.2928 -3.3226 0.4213, -1.2928 -3.3226 0.5787, -1.2863 -3.3152 0.4213, -1.2863 -3.3152 0.5787, -1.2818 -3.3064 0.4213, -1.2818 -3.3064 0.5787, -1.2797 -3.2967 0.4213, -1.2797 -3.2967 0.5787, -1.247 -2.9446 0.5787, -1.247 -2.9446 0.4213, -1.247 -1.0658 0.5787, -1.247 -1.0658 0.4213, -1.376 -1.0658 0.5787, -1.376 -1.0658 0.4213, -1.7569 -2.9446 0.5787, -1.7569 -2.9446 0.4213, -1.7243 -3.2967 0.5787, -1.7243 -3.2967 0.4213, -1.7221 -3.3064 0.4213, -1.7221 -3.3064 0.5787, -1.7176 -3.3152 0.4213, -1.7176 -3.3152 0.5787, -1.7111 -3.3226 0.4213, -1.7111 -3.3226 0.5787, -1.7029 -3.3282 0.4213, -1.7029 -3.3282 0.5787, -1.6936 -3.3315 0.4213, -1.6936 -3.3315 0.5787, -1.6838 -3.3324 0.4213, -1.6838 -3.3324 0.5787, -1.674 -3.3309 0.4213, -1.674 -3.3309 0.5787, -1.665 -3.3269 0.4213, -1.665 -3.3269 0.5787, -1.6572 -3.3209 0.4213, -1.6572 -3.3209 0.5787, -1.6511 -3.3131 0.4213, -1.6511 -3.3131 0.5787, -1.6472 -3.304 0.4213, -1.6472 -3.304 0.5787, -1.5914 -3.1099 0.5787, -1.5914 -3.1099 0.4213, -1.5901 -3.1027 0.4213, -1.5901 -3.1027 0.5787, -1.5901 -3.0954 0.4213, -1.5901 -3.0954 0.5787, -1.376 -0.5706 0.5787, -1.628 -0.5706 0.5787, -1.628 -0.5706 0.4213, -1.376 -0.5706 0.4213, -1.376 -0.1526 0.0, -1.628 -0.1526 0.0, -1.376 0.1386 0.0, -1.628 0.1386 0.0, -1.419 0.2567 0.0, -1.585 0.2567 0.0, -1.419 0.2567 0.1575, -1.585 0.2567 0.1575, -1.376 0.1386 0.1575, -1.628 0.1386 0.1575, -1.376 -0.1526 0.1575, -1.628 -0.1526 0.1575, -1.376 -0.162 0.1586, -1.628 -0.162 0.1586, -1.376 -0.1708 0.1619, -1.628 -0.1708 0.1619, -1.376 -0.1786 0.1673, -1.628 -0.1786 0.1673, -1.376 -0.1849 0.1743, -1.628 -0.1849 0.1743, -1.376 -0.4093 0.4948, -1.628 -0.4093 0.4948, -1.628 -0.4408 0.5299, -1.376 -0.4408 0.5299, -1.628 -0.4797 0.5565, -1.376 -0.4797 0.5565, -1.628 -0.5238 0.5731, -1.376 -0.5238 0.5731, -1.376 -0.5612 0.4201, -1.628 -0.5612 0.4201, -1.376 -0.5524 0.4168, -1.628 -0.5524 0.4168, -1.376 -0.5446 0.4115, -1.628 -0.5446 0.4115, -1.376 -0.5383 0.4045, -1.628 -0.5383 0.4045, -1.376 -0.3139 0.0839, -1.628 -0.3139 0.0839, -1.628 -0.2824 0.0489, -1.376 -0.2824 0.0489, -1.628 -0.2435 0.0222, -1.376 -0.2435 0.0222, -1.628 -0.1994 0.0056, -1.376 -0.1994 0.0056, -0.7569 -1.0658 0.4213, -0.7569 -1.0658 0.5787, -0.628 -1.0658 0.4213, -0.628 -1.0658 0.5787, -0.714 -1.7566 0.5787, -0.714 -1.7566 0.4213, -0.7121 -1.7023 0.5787, -0.7121 -1.7023 0.4213, -0.6965 -1.6502 0.5787, -0.6965 -1.6502 0.4213, -0.6682 -1.6038 0.5787, -0.6682 -1.6038 0.4213, -0.6291 -1.5661 0.5787, -0.6291 -1.5661 0.4213, -0.5817 -1.5395 0.5787, -0.5817 -1.5395 0.4213, -0.5291 -1.5257 0.5787, -0.5291 -1.5257 0.4213, -0.4748 -1.5257 0.5787, -0.4748 -1.5257 0.4213, -0.4222 -1.5395 0.5787, -0.4222 -1.5395 0.4213, -0.3748 -1.5661 0.5787, -0.3748 -1.5661 0.4213, -0.3357 -1.6038 0.5787, -0.3357 -1.6038 0.4213, -0.3074 -1.6502 0.5787, -0.3074 -1.6502 0.4213, -0.2918 -1.7023 0.5787, -0.2918 -1.7023 0.4213, -0.2899 -1.7566 0.5787, -0.2899 -1.7566 0.4213, -0.4139 -3.0954 0.5787, -0.4139 -3.0954 0.4213, -0.4139 -3.1027 0.4213, -0.4139 -3.1027 0.5787, -0.4125 -3.1099 0.4213, -0.4125 -3.1099 0.5787, -0.3567 -3.304 0.5787, -0.3567 -3.304 0.4213, -0.3528 -3.3131 0.4213, -0.3528 -3.3131 0.5787, -0.3468 -3.3209 0.4213, -0.3468 -3.3209 0.5787, -0.339 -3.3269 0.4213, -0.339 -3.3269 0.5787, -0.3299 -3.3309 0.4213, -0.3299 -3.3309 0.5787, -0.3202 -3.3324 0.4213, -0.3202 -3.3324 0.5787, -0.3103 -3.3315 0.4213, -0.3103 -3.3315 0.5787, -0.301 -3.3282 0.4213, -0.301 -3.3282 0.5787, -0.2928 -3.3226 0.4213, -0.2928 -3.3226 0.5787, -0.2863 -3.3152 0.4213, -0.2863 -3.3152 0.5787, -0.2818 -3.3064 0.4213, -0.2818 -3.3064 0.5787, -0.2797 -3.2967 0.4213, -0.2797 -3.2967 0.5787, -0.247 -2.9446 0.5787, -0.247 -2.9446 0.4213, -0.247 -1.0658 0.5787, -0.247 -1.0658 0.4213, -0.376 -1.0658 0.5787, -0.376 -1.0658 0.4213, -0.7569 -2.9446 0.5787, -0.7569 -2.9446 0.4213, -0.7243 -3.2967 0.5787, -0.7243 -3.2967 0.4213, -0.7221 -3.3064 0.4213, -0.7221 -3.3064 0.5787, -0.7176 -3.3152 0.4213, -0.7176 -3.3152 0.5787, -0.7111 -3.3226 0.4213, -0.7111 -3.3226 0.5787, -0.7029 -3.3282 0.4213, -0.7029 -3.3282 0.5787, -0.6936 -3.3315 0.4213, -0.6936 -3.3315 0.5787, -0.6838 -3.3324 0.4213, -0.6838 -3.3324 0.5787, -0.674 -3.3309 0.4213, -0.674 -3.3309 0.5787, -0.665 -3.3269 0.4213, -0.665 -3.3269 0.5787, -0.6572 -3.3209 0.4213, -0.6572 -3.3209 0.5787, -0.6511 -3.3131 0.4213, -0.6511 -3.3131 0.5787, -0.6472 -3.304 0.4213, -0.6472 -3.304 0.5787, -0.5914 -3.1099 0.5787, -0.5914 -3.1099 0.4213, -0.5901 -3.1027 0.4213, -0.5901 -3.1027 0.5787, -0.5901 -3.0954 0.4213, -0.5901 -3.0954 0.5787, -0.376 -0.5706 0.5787, -0.628 -0.5706 0.5787, -0.628 -0.5706 0.4213, -0.376 -0.5706 0.4213, -0.376 -0.1526 0.0, -0.628 -0.1526 0.0, -0.376 0.1386 0.0, -0.628 0.1386 0.0, -0.419 0.2567 0.0, -0.585 0.2567 0.0, -0.419 0.2567 0.1575, -0.585 0.2567 0.1575, -0.376 0.1386 0.1575, -0.628 0.1386 0.1575, -0.376 -0.1526 0.1575, -0.628 -0.1526 0.1575, -0.376 -0.162 0.1586, -0.628 -0.162 0.1586, -0.376 -0.1708 0.1619, -0.628 -0.1708 0.1619, -0.376 -0.1786 0.1673, -0.628 -0.1786 0.1673, -0.376 -0.1849 0.1743, -0.628 -0.1849 0.1743, -0.376 -0.4093 0.4948, -0.628 -0.4093 0.4948, -0.628 -0.4408 0.5299, -0.376 -0.4408 0.5299, -0.628 -0.4797 0.5565, -0.376 -0.4797 0.5565, -0.628 -0.5238 0.5731, -0.376 -0.5238 0.5731, -0.376 -0.5612 0.4201, -0.628 -0.5612 0.4201, -0.376 -0.5524 0.4168, -0.628 -0.5524 0.4168, -0.376 -0.5446 0.4115, -0.628 -0.5446 0.4115, -0.376 -0.5383 0.4045, -0.628 -0.5383 0.4045, -0.376 -0.3139 0.0839, -0.628 -0.3139 0.0839, -0.628 -0.2824 0.0489, -0.376 -0.2824 0.0489, -0.628 -0.2435 0.0222, -0.376 -0.2435 0.0222, -0.628 -0.1994 0.0056, -0.376 -0.1994 0.0056
            ]
        }
        coordIndex [
            0,1,2,-1,2,1,3,-1,4,5,6,-1,6,5,7,-1,6,7,8,-1,8,7,9,-1,8,9,10,-1,10,9,11,-1,10,11,12,-1,12,11,13,-1,12,13,14,-1,14,13,15,-1,14,15,16,-1,16,15,17,-1,16,17,18,-1,18,17,19,-1,18,19,20,-1,20,19,21,-1,20,21,22,-1,22,21,23,-1,22,23,24,-1,24,23,25,-1,24,25,26,-1,26,25,27,-1,26,27,28,-1,28,27,29,-1,28,29,30,-1,30,29,31,-1,32,30,33,-1,33,30,31,-1,32,33,34,-1,32,34,35,-1,35,34,36,-1,35,36,37,-1,38,37,39,-1,39,37,36,-1,38,39,40,-1,38,40,41,-1,41,40,42,-1,41,42,43,-1,43,42,44,-1,43,44,45,-1,45,44,46,-1,45,46,47,-1,47,46,48,-1,47,48,49,-1,49,48,50,-1,49,50,51,-1,51,50,52,-1,51,52,53,-1,53,52,54,-1,53,54,55,-1,55,54,56,-1,55,56,57,-1,57,56,58,-1,57,58,59,-1,59,58,60,-1,59,60,61,-1,62,61,63,-1,63,61,60,-1,64,62,65,-1,65,62,63,-1,66,64,67,-1,67,64,65,-1,68,1,69,-1,69,1,0,-1,70,68,71,-1,71,68,69,-1,70,71,72,-1,70,72,73,-1,73,72,74,-1,73,74,75,-1,75,74,76,-1,75,76,77,-1,77,76,78,-1,77,78,79,-1,79,78,80,-1,79,80,81,-1,81,80,82,-1,81,82,83,-1,83,82,84,-1,83,84,85,-1,85,84,86,-1,85,86,87,-1,87,86,88,-1,87,88,89,-1,89,88,90,-1,89,90,91,-1,91,90,92,-1,91,92,93,-1,94,93,95,-1,95,93,92,-1,94,95,96,-1,94,96,97,-1,97,96,98,-1,97,98,99,-1,4,99,5,-1,5,99,98,-1,66,12,14,-1,20,64,18,-1,18,64,66,-1,18,66,16,-1,16,66,14,-1,20,22,64,-1,64,22,24,-1,64,24,26,-1,100,101,66,-1,66,101,3,-1,97,99,68,-1,68,99,4,-1,68,4,1,-1,1,4,6,-1,1,6,3,-1,3,6,8,-1,3,8,66,-1,66,8,10,-1,66,10,12,-1,93,70,73,-1,70,93,68,-1,68,93,94,-1,68,94,97,-1,26,28,64,-1,64,28,30,-1,64,30,62,-1,62,30,32,-1,73,75,93,-1,93,75,77,-1,93,77,79,-1,79,81,93,-1,93,81,83,-1,93,83,85,-1,85,87,93,-1,93,87,89,-1,93,89,91,-1,41,43,61,-1,32,35,62,-1,62,35,37,-1,62,37,61,-1,61,37,38,-1,61,38,41,-1,43,45,61,-1,61,45,47,-1,61,47,59,-1,51,53,49,-1,49,53,55,-1,49,55,47,-1,47,55,57,-1,47,57,59,-1,23,21,2,-1,0,5,69,-1,69,5,98,-1,102,103,2,-1,2,103,67,-1,34,33,63,-1,63,33,31,-1,63,31,65,-1,65,31,29,-1,65,29,67,-1,67,29,27,-1,67,27,2,-1,2,27,25,-1,2,25,23,-1,13,11,0,-1,21,19,2,-1,2,19,17,-1,2,17,0,-1,0,17,15,-1,0,15,13,-1,11,9,0,-1,0,9,7,-1,0,7,5,-1,98,96,69,-1,69,96,95,-1,69,95,71,-1,71,95,92,-1,42,40,60,-1,60,40,39,-1,60,39,63,-1,63,39,36,-1,63,36,34,-1,76,74,92,-1,92,74,72,-1,92,72,71,-1,58,46,60,-1,60,46,44,-1,60,44,42,-1,92,90,88,-1,88,86,92,-1,92,86,84,-1,92,84,82,-1,82,80,92,-1,92,80,78,-1,92,78,76,-1,58,56,46,-1,46,56,54,-1,46,54,48,-1,48,54,52,-1,48,52,50,-1,104,105,106,-1,106,105,107,-1,106,107,108,-1,108,107,109,-1,108,109,110,-1,110,109,111,-1,110,111,112,-1,112,111,113,-1,112,113,114,-1,114,113,115,-1,114,115,116,-1,116,115,117,-1,116,117,118,-1,118,117,119,-1,118,119,120,-1,120,119,121,-1,120,121,122,-1,122,121,123,-1,124,122,125,-1,125,122,123,-1,124,125,126,-1,124,126,127,-1,127,126,128,-1,127,128,129,-1,129,128,130,-1,129,130,131,-1,131,130,101,-1,131,101,100,-1,103,102,132,-1,132,102,133,-1,132,133,134,-1,134,133,135,-1,134,135,136,-1,136,135,137,-1,136,137,138,-1,138,137,139,-1,140,138,141,-1,141,138,139,-1,140,141,142,-1,140,142,143,-1,143,142,144,-1,143,144,145,-1,145,144,146,-1,145,146,147,-1,147,146,105,-1,147,105,104,-1,106,112,104,-1,104,112,114,-1,104,114,147,-1,147,114,116,-1,147,116,145,-1,145,116,118,-1,145,118,143,-1,143,118,120,-1,143,120,140,-1,140,120,122,-1,140,122,138,-1,138,122,124,-1,138,124,136,-1,136,124,127,-1,136,127,134,-1,134,127,129,-1,134,129,132,-1,132,129,131,-1,132,131,103,-1,103,131,100,-1,103,100,67,-1,67,100,66,-1,113,107,115,-1,115,107,105,-1,115,105,117,-1,117,105,146,-1,117,146,119,-1,119,146,144,-1,119,144,121,-1,121,144,142,-1,121,142,123,-1,123,142,141,-1,123,141,125,-1,125,141,139,-1,125,139,126,-1,126,139,137,-1,126,137,128,-1,128,137,135,-1,128,135,130,-1,130,135,133,-1,130,133,101,-1,101,133,102,-1,101,102,3,-1,3,102,2,-1,106,108,112,-1,112,108,110,-1,109,107,111,-1,111,107,113,-1,148,149,150,-1,150,149,151,-1,152,153,154,-1,154,153,155,-1,154,155,156,-1,156,155,157,-1,156,157,158,-1,158,157,159,-1,158,159,160,-1,160,159,161,-1,160,161,162,-1,162,161,163,-1,162,163,164,-1,164,163,165,-1,164,165,166,-1,166,165,167,-1,166,167,168,-1,168,167,169,-1,168,169,170,-1,170,169,171,-1,170,171,172,-1,172,171,173,-1,172,173,174,-1,174,173,175,-1,174,175,176,-1,176,175,177,-1,176,177,178,-1,178,177,179,-1,180,178,181,-1,181,178,179,-1,180,181,182,-1,180,182,183,-1,183,182,184,-1,183,184,185,-1,186,185,187,-1,187,185,184,-1,186,187,188,-1,186,188,189,-1,189,188,190,-1,189,190,191,-1,191,190,192,-1,191,192,193,-1,193,192,194,-1,193,194,195,-1,195,194,196,-1,195,196,197,-1,197,196,198,-1,197,198,199,-1,199,198,200,-1,199,200,201,-1,201,200,202,-1,201,202,203,-1,203,202,204,-1,203,204,205,-1,205,204,206,-1,205,206,207,-1,207,206,208,-1,207,208,209,-1,210,209,211,-1,211,209,208,-1,212,210,213,-1,213,210,211,-1,214,212,215,-1,215,212,213,-1,216,149,217,-1,217,149,148,-1,218,216,219,-1,219,216,217,-1,218,219,220,-1,218,220,221,-1,221,220,222,-1,221,222,223,-1,223,222,224,-1,223,224,225,-1,225,224,226,-1,225,226,227,-1,227,226,228,-1,227,228,229,-1,229,228,230,-1,229,230,231,-1,231,230,232,-1,231,232,233,-1,233,232,234,-1,233,234,235,-1,235,234,236,-1,235,236,237,-1,237,236,238,-1,237,238,239,-1,239,238,240,-1,239,240,241,-1,242,241,243,-1,243,241,240,-1,242,243,244,-1,242,244,245,-1,245,244,246,-1,245,246,247,-1,152,247,153,-1,153,247,246,-1,172,174,212,-1,214,160,162,-1,172,212,170,-1,174,176,212,-1,212,176,178,-1,212,178,210,-1,210,178,180,-1,248,249,214,-1,214,249,151,-1,216,152,149,-1,149,152,154,-1,149,154,151,-1,151,154,156,-1,151,156,214,-1,214,156,158,-1,214,158,160,-1,162,164,214,-1,214,164,166,-1,214,166,212,-1,212,166,168,-1,212,168,170,-1,242,245,216,-1,216,245,247,-1,216,247,152,-1,242,216,241,-1,241,216,218,-1,241,218,221,-1,180,183,210,-1,210,183,185,-1,210,185,209,-1,209,185,186,-1,221,223,241,-1,241,223,225,-1,241,225,227,-1,237,231,235,-1,235,231,233,-1,227,229,241,-1,241,229,231,-1,241,231,239,-1,239,231,237,-1,205,191,203,-1,203,191,193,-1,186,189,209,-1,209,189,191,-1,209,191,207,-1,207,191,205,-1,199,201,197,-1,197,201,203,-1,197,203,195,-1,195,203,193,-1,171,169,150,-1,188,187,208,-1,169,167,150,-1,150,167,165,-1,150,165,148,-1,148,165,163,-1,250,251,150,-1,150,251,215,-1,182,181,211,-1,211,181,179,-1,211,179,213,-1,213,179,177,-1,213,177,215,-1,215,177,175,-1,215,175,150,-1,150,175,173,-1,150,173,171,-1,163,161,148,-1,148,161,159,-1,148,159,157,-1,192,190,202,-1,208,187,211,-1,211,187,184,-1,211,184,182,-1,202,190,204,-1,200,198,196,-1,157,155,148,-1,148,155,153,-1,148,153,217,-1,217,153,246,-1,188,208,190,-1,190,208,206,-1,190,206,204,-1,200,196,202,-1,202,196,194,-1,202,194,192,-1,226,224,240,-1,246,244,217,-1,217,244,243,-1,217,243,219,-1,219,243,240,-1,224,222,240,-1,240,222,220,-1,240,220,219,-1,238,236,230,-1,230,236,234,-1,230,234,232,-1,238,230,240,-1,240,230,228,-1,240,228,226,-1,252,253,254,-1,254,253,255,-1,254,255,256,-1,256,255,257,-1,256,257,258,-1,258,257,259,-1,258,259,260,-1,260,259,261,-1,260,261,262,-1,262,261,263,-1,262,263,264,-1,264,263,265,-1,264,265,266,-1,266,265,267,-1,266,267,268,-1,268,267,269,-1,268,269,270,-1,270,269,271,-1,272,270,273,-1,273,270,271,-1,272,273,274,-1,272,274,275,-1,275,274,276,-1,275,276,277,-1,277,276,278,-1,277,278,279,-1,279,278,249,-1,279,249,248,-1,251,250,280,-1,280,250,281,-1,280,281,282,-1,282,281,283,-1,282,283,284,-1,284,283,285,-1,284,285,286,-1,286,285,287,-1,288,286,289,-1,289,286,287,-1,288,289,290,-1,288,290,291,-1,291,290,292,-1,291,292,293,-1,293,292,294,-1,293,294,295,-1,295,294,253,-1,295,253,252,-1,254,260,252,-1,252,260,262,-1,252,262,295,-1,295,262,264,-1,295,264,293,-1,293,264,266,-1,293,266,291,-1,291,266,268,-1,291,268,288,-1,288,268,270,-1,288,270,286,-1,286,270,272,-1,286,272,284,-1,284,272,275,-1,284,275,282,-1,282,275,277,-1,282,277,280,-1,280,277,279,-1,280,279,251,-1,251,279,248,-1,251,248,215,-1,215,248,214,-1,261,255,263,-1,263,255,253,-1,263,253,265,-1,265,253,294,-1,265,294,267,-1,267,294,292,-1,267,292,269,-1,269,292,290,-1,269,290,271,-1,271,290,289,-1,271,289,273,-1,273,289,287,-1,273,287,274,-1,274,287,285,-1,274,285,276,-1,276,285,283,-1,276,283,278,-1,278,283,281,-1,278,281,249,-1,249,281,250,-1,249,250,151,-1,151,250,150,-1,254,256,260,-1,260,256,258,-1,257,255,259,-1,259,255,261,-1,
        ]
    }
}
Shape{
    appearance Appearance {
        material  Material 	{
            diffuseColor 0.25098039215686274 0.25098039215686274 0.25098039215686274
            specularColor 0.12549019607843137 0.12549019607843137 0.12549019607843137
            ambientIntensity 0.251
            transparency 0.0
            shininess 0.5
        }
    }
    geometry IndexedFaceSet {
        ccw TRUE
        solid FALSE
        coord DEF co Coordinate {
            point [
                2.0965 -3.6206 0.1457, 2.0965 -3.6206 0.0928, 2.0965 -3.4922 0.0928, 2.0965 -3.6206 0.3574, 2.0965 -3.6206 0.3182, 2.0965 -3.4922 0.3182, 2.0965 -3.4413 0.4918, 2.0965 -3.431 0.4931, 2.0965 -3.4842 0.4931, 2.0965 -3.4068 0.3582, 2.0965 -3.4154 0.3574, 2.0965 -3.3712 0.3574, 2.0965 -3.3463 0.4766, 2.0965 -3.3463 0.4339, 2.0965 -3.3102 0.4339, 2.0965 -3.3378 0.1464, 2.0965 -3.3438 0.1457, 2.0965 -3.3102 0.1457, 2.0965 -3.3673 0.146, 2.0965 -3.3712 0.1474, 2.0965 -3.3712 0.1457, 2.0965 -3.1792 0.2649, 2.0965 -3.1792 0.2222, 2.0965 -3.1542 0.2222, 2.0965 -3.734 0.3863, 2.0965 -3.7087 0.3641, 2.0965 -3.6206 0.4931, 2.0965 -3.8422 0.4931, 2.0965 -3.8204 0.4784, 2.0965 -3.7894 0.4426, 2.0965 -3.7692 0.4035, 2.0965 -3.762 0.401, 2.0965 -3.9104 0.5236, 2.0965 -3.8627 0.5069, 2.0965 -3.6206 0.9921, 2.0965 -4.0403 0.505, 2.0965 -3.9965 0.5219, 2.0965 -4.3151 0.9921, 2.0965 -3.9495 0.5278, 2.0965 -4.3151 0.4931, 2.0965 -4.1644 0.4462, 2.0965 -4.1269 0.4509, 2.0965 -4.3151 0.3574, 2.0965 -4.2671 0.3574, 2.0965 -4.259 0.3759, 2.0965 -4.236 0.4054, 2.0965 -4.0596 0.4931, 2.0965 -4.0633 0.4908, 2.0965 -4.0856 0.4717, 2.0965 -4.116 0.4503, 2.0965 -4.1051 0.449, 2.0965 -4.2297 0.4113, 2.0965 -4.1996 0.4326, 2.0965 -4.1648 0.1482, 2.0965 -4.177 0.1519, 2.0965 -4.3151 0.1457, 2.0965 -4.2113 0.1686, 2.0965 -4.2407 0.1938, 2.0965 -4.2623 0.2244, 2.0965 -4.2759 0.2597, 2.0965 -4.3151 0.3182, 2.0965 -4.2806 0.2972, 2.0965 -4.2803 0.306, 2.0965 -4.2782 0.3182, 2.0965 -4.274 0.3417, 2.0965 -4.1227 0.0965, 2.0965 -4.1413 0.1105, 2.0965 -4.3151 0.0928, 2.0965 -4.1554 0.1279, 2.0965 -4.1636 0.1457, 2.0965 -4.0354 0.0928, 2.0965 -4.0518 0.0865, 2.0965 -3.6206 0.0079, 2.0965 -4.0747 0.0837, 2.0965 -4.3151 0.0079, 2.0965 -4.0784 0.0838, 2.0965 -4.1008 0.0873, 2.0965 -4.1139 0.0928, 2.0965 -3.9858 0.1457, 2.0965 -3.9858 0.1455, 2.0965 -3.997 0.1243, 2.0965 -4.0117 0.1078, 2.0965 -4.0306 0.0946, 2.0965 -4.0035 0.2422, 2.0965 -3.8764 0.3086, 2.0965 -4.0201 0.2572, 2.0965 -4.0402 0.268, 2.0965 -3.8562 0.1468, 2.0965 -3.8626 0.1488, 2.0965 -3.869 0.1528, 2.0965 -3.8731 0.1568, 2.0965 -3.7345 0.2864, 2.0965 -3.7389 0.3046, 2.0965 -3.7463 0.3182, 2.0965 -4.2185 0.3182, 2.0965 -3.8699 0.198, 2.0965 -3.864 0.202, 2.0965 -3.847 0.2583, 2.0965 -3.8574 0.2044, 2.0965 -3.693 0.2126, 2.0965 -3.7104 0.189, 2.0965 -3.7137 0.1855, 2.0965 -3.7387 0.1655, 2.0965 -4.213 0.2614, 2.0965 -4.2015 0.242, 2.0965 -4.1534 0.2323, 2.0965 -4.1845 0.2245, 2.0965 -4.1639 0.2118, 2.0965 -4.1183 0.2636, 2.0965 -4.1377 0.2502, 2.0965 -4.2208 0.2991, 2.0965 -4.2197 0.2847, 2.0965 -3.6789 0.3076, 2.0965 -3.6753 0.2792, 2.0965 -3.6754 0.2733, 2.0965 -3.6804 0.2423, 2.0965 -3.7679 0.1521, 2.0965 -3.7967 0.1463, 2.0965 -3.8527 0.1463, 2.0965 -3.8802 0.1757, 2.0965 -3.8801 0.1787, 2.0965 -3.9798 0.1881, 2.0965 -3.8783 0.186, 2.0965 -3.8749 0.1926, 2.0965 -4.0973 0.2716, 2.0965 -4.0747 0.2744, 2.0965 -4.0631 0.2737, 2.0965 -3.8771 0.1628, 2.0965 -3.8794 0.1692, 2.0965 -3.9803 0.1689, 2.0965 -3.9798 0.1786, 2.0965 -3.8508 0.2052, 2.0965 -3.8499 0.2051, 2.0965 -3.847 0.2045, 2.0965 -3.7533 0.2281, 2.0965 -3.7429 0.2429, 2.0965 -3.7364 0.2598, 2.0965 -3.7341 0.2782, 2.0965 -3.8451 0.2042, 2.0965 -3.8024 0.2042, 2.0965 -3.7855 0.2074, 2.0965 -3.7687 0.2152, 2.0965 -3.7547 0.2266, 2.0965 -3.8157 0.3522, 2.0965 -4.2099 0.3432, 2.0965 -4.218 0.322, 2.0965 -3.8081 0.3522, 2.0965 -3.7477 0.321, 2.0965 -3.7588 0.3334, 2.0965 -3.7735 0.3436, 2.0965 -3.7901 0.35, 2.0965 -4.2 0.3574, 2.0965 -4.0757 0.3797, 2.0965 -4.0827 0.3836, 2.0965 -3.8309 0.4005, 2.0965 -3.8504 0.4277, 2.0965 -3.8625 0.4392, 2.0965 -3.8895 0.457, 2.0965 -3.9195 0.4676, 2.0965 -4.104 0.3913, 2.0965 -4.1259 0.394, 2.0965 -4.1356 0.3935, 2.0965 -3.8166 0.3574, 2.0965 -3.8187 0.3688, 2.0965 -3.9485 0.4708, 2.0965 -3.9541 0.4707, 2.0965 -4.0631 0.4067, 2.0965 -3.9857 0.4657, 2.0965 -4.0425 0.4327, 2.0965 -4.0164 0.4526, 2.0965 -4.1591 0.388, 2.0965 -4.1802 0.3768, 2.0965 -4.1968 0.3621, 2.0965 -3.7041 0.3574, 2.0965 -3.6899 0.3367, 2.0965 -3.683 0.3182, 2.0965 -3.1246 0.1468, 2.0965 -3.112 0.1457, 2.0965 -3.1246 0.162, 2.0965 -3.112 0.3182, 2.0965 -3.1276 0.2649, 2.0965 -3.1276 0.2802, 2.0965 -3.1792 0.162, 2.0965 -3.1542 0.162, 2.0965 -3.1792 0.2069, 2.0965 -3.1542 0.2069, 2.0965 -3.1314 0.2069, 2.0965 -3.1314 0.2222, 2.0965 -3.1542 0.2649, 2.0965 -3.1542 0.1468, 2.0965 -3.1542 0.1457, 2.0965 -3.1964 0.1468, 2.0965 -3.2054 0.1457, 2.0965 -3.1964 0.2802, 2.0965 -3.4715 0.1922, 2.0965 -3.4689 0.2192, 2.0965 -3.4748 0.1874, 2.0965 -3.4771 0.1815, 2.0965 -3.427 0.1516, 2.0965 -3.4331 0.1477, 2.0965 -3.4183 0.1468, 2.0965 -3.4391 0.1457, 2.0965 -3.4016 0.1468, 2.0965 -3.4531 0.2422, 2.0965 -3.4842 0.3182, 2.0965 -3.4656 0.2374, 2.0965 -3.4689 0.2354, 2.0965 -3.4842 0.1457, 2.0965 -3.4647 0.1483, 2.0965 -3.47 0.152, 2.0965 -3.4663 0.1966, 2.0965 -3.4592 0.2003, 2.0965 -3.4573 0.2265, 2.0965 -3.4466 0.2034, 2.0965 -3.4319 0.2301, 2.0965 -3.4376 0.2307, 2.0965 -3.4468 0.2298, 2.0965 -3.4723 0.1545, 2.0965 -3.4754 0.1591, 2.0965 -3.4774 0.1648, 2.0965 -3.4135 0.2381, 2.0965 -3.409 0.2339, 2.0965 -3.3763 0.2275, 2.0965 -3.4183 0.1615, 2.0965 -3.4188 0.1615, 2.0965 -3.4216 0.1572, 2.0965 -3.3714 0.1984, 2.0965 -3.379 0.1674, 2.0965 -3.3712 0.1984, 2.0965 -3.3729 0.1636, 2.0965 -3.3712 0.163, 2.0965 -3.3783 0.2221, 2.0965 -3.4056 0.2285, 2.0965 -3.4029 0.221, 2.0965 -3.4361 0.2443, 2.0965 -3.4262 0.2434, 2.0965 -3.4191 0.2413, 2.0965 -3.4183 0.2074, 2.0965 -3.4189 0.2146, 2.0965 -3.4206 0.2206, 2.0965 -3.4225 0.2241, 2.0965 -3.4782 0.1723, 2.0965 -3.4781 0.1743, 2.0965 -3.3741 0.2013, 2.0965 -3.4016 0.2081, 2.0965 -3.379 0.1501, 2.0965 -3.4251 0.2268, 2.0965 -3.428 0.2287, 2.0965 -3.3761 0.2045, 2.0965 -3.3781 0.2096, 2.0965 -3.3789 0.2164, 2.0965 -3.3639 0.1457, 2.0965 -3.3712 0.0928, 2.0965 -3.3531 0.1445, 2.0965 -3.3192 0.2401, 2.0965 -3.3192 0.2238, 2.0965 -3.3173 0.161, 2.0965 -3.3203 0.1566, 2.0965 -3.3733 0.232, 2.0965 -3.3712 0.2339, 2.0965 -3.3712 0.3182, 2.0965 -3.3681 0.2367, 2.0965 -3.3641 0.2392, 2.0965 -3.3153 0.1663, 2.0965 -3.3552 0.2427, 2.0965 -3.3417 0.2443, 2.0965 -3.3102 0.3182, 2.0965 -3.33 0.2432, 2.0965 -3.3253 0.1521, 2.0965 -3.3291 0.1498, 2.0965 -3.3202 0.1885, 2.0965 -3.3172 0.1842, 2.0965 -3.3154 0.1794, 2.0965 -3.3146 0.1727, 2.0965 -3.3434 0.2307, 2.0965 -3.3483 0.2303, 2.0965 -3.3616 0.2179, 2.0965 -3.3528 0.2292, 2.0965 -3.3565 0.2272, 2.0965 -3.3615 0.2157, 2.0965 -3.3608 0.2131, 2.0965 -3.3596 0.2108, 2.0965 -3.358 0.209, 2.0965 -3.3521 0.2053, 2.0965 -3.3317 0.2293, 2.0965 -3.3417 0.2008, 2.0965 -3.3222 0.2256, 2.0965 -3.3353 0.1982, 2.0965 -3.3242 0.192, 2.0965 -3.3591 0.2249, 2.0965 -3.3605 0.2228, 2.0965 -3.3613 0.2206, 2.0965 -3.3625 0.1595, 2.0965 -3.3535 0.1887, 2.0965 -3.3635 0.1933, 2.0965 -3.3515 0.1582, 2.0965 -3.3507 0.1582, 2.0965 -3.3426 0.1841, 2.0965 -3.3422 0.1592, 2.0965 -3.3317 0.1711, 2.0965 -3.3319 0.1732, 2.0965 -3.3378 0.1607, 2.0965 -3.3363 0.1617, 2.0965 -3.3344 0.1634, 2.0965 -3.3329 0.1655, 2.0965 -3.3321 0.1679, 2.0965 -3.3327 0.1758, 2.0965 -3.334 0.178, 2.0965 -3.336 0.1802, 2.0965 -3.063 0.395, 2.0965 -3.112 0.395, 2.0965 -3.0494 0.3585, 2.0965 -3.112 0.3574, 2.0965 -3.0304 0.3585, 2.0965 -1.0819 0.3574, 2.0965 -1.0819 0.4931, 2.0965 -3.0812 0.4919, 2.0965 -3.112 0.4931, 2.0965 -3.1186 0.395, 2.0965 -3.1314 0.3585, 2.0965 -3.1542 0.3574, 2.0965 -3.1505 0.3585, 2.0965 -3.1542 0.4931, 2.0965 -3.112 0.4595, 2.0965 -3.0996 0.4919, 2.0965 -3.2054 0.3574, 2.0965 -3.2069 0.3613, 2.0965 -3.2298 0.3585, 2.0965 -3.2285 0.4919, 2.0965 -3.2054 0.4931, 2.0965 -3.2791 0.4931, 2.0965 -3.2791 0.3574, 2.0965 -3.2665 0.3585, 2.0965 -3.2665 0.4919, 2.0965 -3.1615 0.4028, 2.0965 -3.1681 0.389, 2.0965 -3.1734 0.4698, 2.0965 -3.1651 0.4582, 2.0965 -3.178 0.3772, 2.0965 -3.1917 0.3673, 2.0965 -3.2054 0.3619, 2.0965 -3.178 0.4743, 2.0965 -3.2081 0.4897, 2.0965 -3.2054 0.4887, 2.0965 -3.192 0.4838, 2.0965 -3.1601 0.4455, 2.0965 -3.1579 0.4269, 2.0965 -3.1583 0.4185, 2.0965 -3.3102 0.4931, 2.0965 -3.2948 0.4919, 2.0965 -3.3102 0.4919, 2.0965 -3.2948 0.4766, 2.0965 -3.2917 0.3737, 2.0965 -3.2917 0.3585, 2.0965 -3.3102 0.3574, 2.0965 -3.3463 0.3737, 2.0965 -3.3102 0.3737, 2.0965 -3.3463 0.4186, 2.0965 -3.3102 0.4186, 2.0965 -3.2986 0.4186, 2.0965 -3.2986 0.4339, 2.0965 -3.3102 0.4766, 2.0965 -3.3635 0.4919, 2.0965 -3.3712 0.4931, 2.0965 -3.3635 0.3585, 2.0965 -1.0031 0.8543, 2.0965 -1.0031 0.9921, 2.0965 -1.0819 0.8543, 2.0965 -3.112 0.9921, 2.0965 -1.0819 0.3182, 2.0965 -2.8823 0.1468, 2.0965 -2.8959 0.1833, 2.0965 -2.9515 0.1833, 2.0965 -2.9912 0.2068, 2.0965 -2.9944 0.1911, 2.0965 -2.9834 0.1468, 2.0965 -3.0009 0.1773, 2.0965 -3.0109 0.1655, 2.0965 -1.0819 0.1457, 2.0965 -2.9141 0.2802, 2.0965 -2.9325 0.2802, 2.0965 -2.9908 0.2152, 2.0965 -2.993 0.2338, 2.0965 -3.0613 0.2802, 2.0965 -3.041 0.278, 2.0965 -3.0246 0.1556, 2.0965 -3.0398 0.1496, 2.0965 -3.0627 0.1468, 2.0965 -3.0109 0.2626, 2.0965 -3.0063 0.2581, 2.0965 -2.998 0.2465, 2.0965 -3.0249 0.2721, 2.0965 -2.8633 0.1468, 2.0965 -2.9643 0.1468, 2.0965 -3.0994 0.1468, 2.0965 -3.0994 0.2802, 2.0965 -3.4041 0.4928, 2.0965 -3.3902 0.4887, 2.0965 -3.3102 0.3585, 2.0965 -3.3902 0.4707, 2.0965 -3.3925 0.3629, 2.0965 -3.4184 0.3718, 2.0965 -3.4033 0.3747, 2.0965 -3.3902 0.3805, 2.0965 -3.3902 0.364, 2.0965 -3.4719 0.4188, 2.0965 -3.3917 0.4715, 2.0965 -3.4052 0.4767, 2.0965 -3.4655 0.3947, 2.0965 -3.459 0.3857, 2.0965 -3.4564 0.3831, 2.0965 -3.4477 0.3769, 2.0965 -3.4382 0.3732, 2.0965 -3.4247 0.3716, 2.0965 -3.4653 0.4538, 2.0965 -3.4384 0.4762, 2.0965 -3.458 0.4638, 2.0965 -3.4489 0.4714, 2.0965 -3.4217 0.4786, 2.0965 -3.4268 0.4784, 2.0965 -3.4721 0.4237, 2.0965 -3.4698 0.4423, 2.0965 -3.4698 0.4054, 2.0965 -3.4218 0.4942, 2.0965 -3.4842 0.9921, 2.0965 -3.3712 0.9921, 2.0965 -3.4215 0.4942, 2.0965 -3.4077 0.4931, 2.0965 -3.4805 0.4619, 2.0965 -3.4709 0.4746, 2.0965 -3.4677 0.4776, 2.0965 -3.4552 0.4864, 2.0965 -3.4842 0.3922, 2.0965 -3.488 0.4028, 2.0965 -3.4922 0.3574, 2.0965 -3.4901 0.4227, 2.0965 -3.4899 0.4297, 2.0965 -3.4922 0.4931, 2.0965 -3.4869 0.4471, 2.0965 -3.4842 0.4534, 2.0965 -3.4623 0.3655, 2.0965 -3.473 0.3745, 2.0965 -3.4842 0.3574, 2.0965 -3.4751 0.3768, 2.0965 -3.4828 0.3885, 2.0965 -3.4272 0.3562, 2.0965 -3.4352 0.3566, 2.0965 -3.4388 0.3574, 2.0965 -3.4497 0.3596, 2.0965 -3.448 0.1445, 2.0965 -3.4842 0.0928, 2.0965 -3.44 0.1454, 2.0965 -3.4505 0.1446, 2.0965 -3.4574 0.1457, 2.0965 -3.4584 0.1458, 2.0965 -3.2317 0.2421, 2.0965 -3.2144 0.2421, 2.0965 -3.2054 0.3182, 2.0965 -3.1542 0.2802, 2.0965 -3.1542 0.3182, 2.0965 -3.2524 0.1457, 2.0965 -3.2623 0.1705, 2.0965 -3.2602 0.1626, 2.0965 -3.2598 0.1626, 2.0965 -3.2791 0.3182, 2.0965 -3.2791 0.2189, 2.0965 -3.2578 0.1703, 2.0965 -3.259 0.1659, 2.0965 -3.2791 0.1457, 2.0965 -3.2791 0.174, 2.0965 -3.3059 0.2421, 2.0965 -3.2872 0.2421, 2.0965 -3.2685 0.147, 2.0965 -3.2691 0.1457, 2.0965 -3.2758 0.1297, 2.0965 -3.3102 0.0928, 2.0965 -3.3024 0.1033, 2.0965 -3.3024 0.1181, 2.0965 -3.299 0.117, 2.0965 -3.293 0.1162, 2.0965 -3.2916 0.1163, 2.0965 -3.2878 0.117, 2.0965 -3.2843 0.1186, 2.0965 -3.2825 0.1199, 2.0965 -3.2794 0.1233, 2.0965 -3.2791 0.1238, 2.0965 -3.2791 0.1049, 2.0965 -3.2848 0.1027, 2.0965 -3.2791 0.0928, 2.0965 -3.2917 0.1019, 2.0965 -3.2956 0.1021, 2.0965 -3.2577 0.1324, 2.0965 -3.2654 0.1174, 2.0965 -3.2054 0.0928, 2.0965 -3.2716 0.1101, 2.0965 -3.2724 0.1093, 2.0965 -3.2782 0.1052, 2.0965 -4.3496 0.0079, 2.0965 -4.3496 0.0928, 2.0965 -4.3496 0.1457, 2.0965 -4.3496 0.3182, 2.0965 -4.3496 0.3574, 2.0965 -4.3496 0.4931, 2.0965 -4.3496 0.9921, 2.0965 -3.4956 0.3737, 2.0965 -3.4956 0.3585, 2.0965 -3.566 0.3585, 2.0965 -3.5487 0.4919, 2.0965 -3.5487 0.3737, 2.0965 -3.566 0.4919, 2.0965 -3.4922 0.1457, 2.0965 -3.4942 0.1468, 2.0965 -3.566 0.1468, 2.0965 -3.4942 0.162, 2.0965 -3.4972 0.2649, 2.0965 -3.5487 0.2069, 2.0965 -3.5487 0.162, 2.0965 -3.501 0.2069, 2.0965 -3.501 0.2222, 2.0965 -3.5487 0.2222, 2.0965 -3.5487 0.2649, 2.0965 -3.566 0.2802, 2.0965 -3.4972 0.2802, 2.0965 -3.4922 0.9921, 2.0965 -3.112 0.0928, 2.0965 -3.1542 0.0928, 2.0965 -3.1542 0.9921, 2.0965 -3.2054 0.9921, 2.0965 -3.2791 0.9921, 2.0965 -3.3102 0.9921, 2.0965 -1.0031 0.0928, 2.0965 -1.0031 0.1457, 2.0965 -3.4922 0.0079, 2.0965 -3.4842 0.0079, 2.0965 -3.3712 0.0079, 2.0965 -3.3102 0.0079, 2.0965 -3.2791 0.0079, 2.0965 -3.2054 0.0079, 2.0965 -3.1542 0.0079, 2.0965 -3.112 0.0079, 2.0965 -1.0031 0.0079, 2.0965 -1.0031 0.1457, -2.1004 -1.0031 0.1457, -2.1004 -1.0031 0.0079, 1.6949 -4.2709 0.3031, 1.6949 -4.2709 0.6969, 1.6949 -3.759 0.3031, 1.6949 -3.759 0.6969, 1.3012 -4.2709 0.3031, 1.3012 -3.759 0.3031, 1.3012 -4.2709 0.6969, 1.3012 -3.759 0.6969, 0.6949 -4.2709 0.3031, 0.6949 -4.2709 0.6969, 0.6949 -3.759 0.3031, 0.6949 -3.759 0.6969, 0.3012 -4.2709 0.3031, 0.3012 -3.759 0.3031, 0.3012 -4.2709 0.6969, 0.3012 -3.759 0.6969, -0.3051 -4.2709 0.3031, -0.3051 -4.2709 0.6969, -0.3051 -3.759 0.3031, -0.3051 -3.759 0.6969, -0.6988 -4.2709 0.3031, -0.6988 -3.759 0.3031, -0.6988 -4.2709 0.6969, -0.6988 -3.759 0.6969, -1.3051 -4.2709 0.3031, -1.3051 -4.2709 0.6969, -1.3051 -3.759 0.3031, -1.3051 -3.759 0.6969, -1.6988 -4.2709 0.3031, -1.6988 -3.759 0.3031, -1.6988 -4.2709 0.6969, -1.6988 -3.759 0.6969, -2.1004 -1.0031 0.8543, -2.1004 -1.0031 0.9921, -2.1004 -1.0819 0.8543, -2.1004 -1.0819 0.1457, -2.1004 -4.3496 0.0079, -2.1004 -4.3496 0.9921, -1.2264 -4.3496 0.2244, -1.7776 -4.3496 0.2244, 1.2224 -4.3496 0.7756, 1.7736 -4.3496 0.7756, -1.7776 -4.3496 0.7756, -1.2264 -4.3496 0.7756, -0.2264 -4.3496 0.7756, -0.7776 -4.3496 0.7756, -0.7776 -4.3496 0.2244, 0.7736 -4.3496 0.7756, 0.7736 -4.3496 0.2244, 1.2224 -4.3496 0.2244, 1.7736 -4.3496 0.2244, 0.2224 -4.3496 0.2244, 0.2224 -4.3496 0.7756, -0.2264 -4.3496 0.2244, -1.2264 -3.759 0.2244, -1.7776 -3.759 0.2244, -1.7776 -3.759 0.7756, -1.2264 -3.759 0.7756, -1.7776 -1.0819 0.7756, -1.7776 -1.0819 0.2244, -1.2264 -1.0819 0.2244, -1.2264 -1.0819 0.7756, -0.2264 -3.759 0.2244, -0.7776 -3.759 0.2244, -0.7776 -3.759 0.7756, -0.2264 -3.759 0.7756, -0.7776 -1.0819 0.7756, -0.7776 -1.0819 0.2244, -0.2264 -1.0819 0.2244, -0.2264 -1.0819 0.7756, 0.7736 -3.759 0.2244, 0.2224 -3.759 0.2244, 0.2224 -3.759 0.7756, 0.7736 -3.759 0.7756, 0.2224 -1.0819 0.7756, 0.2224 -1.0819 0.2244, 0.7736 -1.0819 0.2244, 0.7736 -1.0819 0.7756, 1.7736 -3.759 0.2244, 1.2224 -3.759 0.2244, 1.2224 -3.759 0.7756, 1.7736 -3.759 0.7756, 1.2224 -1.0819 0.7756, 1.2224 -1.0819 0.2244, 1.7736 -1.0819 0.2244, 1.7736 -1.0819 0.7756
            ]
        }
        coordIndex [
            0,1,2,-1,3,4,5,-1,6,7,8,-1,9,10,11,-1,12,13,14,-1,15,16,17,-1,18,19,20,-1,21,22,23,-1,24,25,26,-1,26,25,3,-1,27,28,26,-1,26,28,29,-1,29,30,26,-1,26,30,31,-1,26,31,24,-1,32,33,34,-1,35,36,37,-1,37,36,34,-1,34,36,38,-1,34,38,32,-1,39,40,41,-1,42,43,39,-1,39,43,44,-1,39,44,45,-1,35,37,46,-1,46,37,39,-1,46,39,47,-1,47,39,41,-1,47,41,48,-1,48,41,49,-1,48,49,50,-1,45,51,39,-1,39,51,52,-1,39,52,40,-1,53,54,55,-1,55,54,56,-1,55,56,57,-1,57,58,55,-1,55,58,59,-1,55,59,60,-1,60,59,61,-1,61,62,60,-1,60,62,63,-1,60,63,42,-1,42,63,64,-1,42,64,43,-1,65,66,67,-1,67,66,68,-1,67,68,55,-1,55,68,69,-1,55,69,53,-1,70,71,72,-1,72,71,73,-1,72,73,74,-1,73,75,74,-1,74,75,76,-1,74,76,67,-1,67,76,77,-1,67,77,65,-1,0,78,1,-1,1,78,79,-1,1,79,80,-1,80,81,1,-1,1,81,82,-1,1,82,70,-1,83,84,85,-1,85,84,86,-1,87,88,78,-1,78,88,89,-1,78,89,90,-1,91,92,84,-1,84,92,93,-1,84,93,94,-1,95,96,97,-1,97,96,98,-1,99,100,0,-1,0,100,101,-1,0,101,102,-1,103,104,105,-1,105,104,106,-1,105,106,107,-1,108,94,109,-1,109,94,110,-1,109,110,105,-1,105,110,111,-1,105,111,103,-1,112,113,4,-1,4,113,114,-1,4,114,0,-1,0,114,115,-1,0,115,99,-1,102,116,0,-1,0,116,117,-1,0,117,78,-1,78,117,118,-1,78,118,87,-1,119,120,121,-1,121,120,122,-1,121,122,97,-1,97,122,123,-1,97,123,95,-1,108,124,94,-1,94,124,125,-1,94,125,84,-1,84,125,126,-1,84,126,86,-1,90,127,78,-1,78,127,128,-1,78,128,129,-1,129,128,119,-1,129,119,130,-1,130,119,121,-1,98,131,97,-1,97,131,132,-1,97,132,133,-1,134,135,97,-1,97,135,136,-1,97,136,84,-1,84,136,137,-1,84,137,91,-1,133,138,97,-1,97,138,139,-1,97,139,140,-1,140,141,97,-1,97,141,142,-1,97,142,134,-1,143,144,145,-1,145,94,143,-1,143,94,93,-1,143,93,146,-1,146,93,147,-1,147,148,146,-1,146,148,149,-1,146,149,150,-1,151,152,153,-1,154,155,152,-1,155,156,152,-1,152,156,157,-1,152,157,158,-1,153,159,151,-1,151,159,160,-1,151,160,161,-1,144,143,151,-1,151,143,162,-1,151,162,152,-1,152,162,163,-1,152,163,154,-1,158,164,152,-1,152,164,165,-1,152,165,166,-1,166,165,167,-1,166,167,168,-1,168,167,169,-1,170,171,161,-1,161,171,172,-1,161,172,151,-1,25,173,3,-1,3,173,174,-1,3,174,4,-1,4,174,175,-1,4,175,112,-1,176,177,178,-1,178,177,179,-1,178,179,180,-1,180,179,181,-1,182,183,184,-1,184,183,185,-1,185,183,186,-1,186,183,178,-1,186,178,187,-1,187,178,180,-1,187,180,23,-1,23,180,188,-1,23,188,21,-1,176,189,190,-1,190,189,191,-1,190,191,192,-1,192,191,193,-1,194,195,196,-1,196,195,197,-1,198,199,200,-1,200,199,201,-1,200,201,202,-1,203,204,205,-1,205,204,206,-1,207,208,209,-1,194,210,195,-1,195,210,211,-1,195,211,212,-1,212,211,213,-1,214,215,213,-1,213,215,216,-1,213,216,212,-1,209,217,207,-1,207,217,218,-1,207,218,219,-1,220,221,222,-1,223,224,200,-1,200,224,225,-1,200,225,198,-1,226,227,228,-1,228,227,229,-1,228,229,230,-1,222,221,231,-1,231,221,232,-1,231,232,233,-1,203,234,204,-1,204,234,235,-1,204,235,236,-1,237,238,213,-1,213,238,239,-1,213,239,240,-1,219,241,207,-1,207,241,242,-1,207,242,204,-1,204,242,197,-1,204,197,206,-1,206,197,195,-1,226,243,227,-1,227,243,244,-1,227,244,245,-1,245,244,202,-1,240,246,213,-1,213,246,247,-1,213,247,214,-1,243,248,244,-1,244,248,249,-1,244,249,233,-1,233,249,250,-1,233,250,231,-1,18,20,251,-1,251,20,252,-1,251,252,253,-1,254,255,17,-1,256,257,17,-1,258,259,260,-1,260,259,261,-1,260,261,262,-1,256,17,263,-1,262,264,260,-1,260,264,265,-1,260,265,266,-1,266,265,267,-1,266,267,254,-1,257,268,17,-1,17,268,269,-1,17,269,15,-1,270,271,255,-1,255,271,272,-1,255,272,17,-1,17,272,273,-1,17,273,263,-1,274,275,276,-1,276,275,277,-1,276,277,278,-1,276,279,274,-1,274,279,280,-1,274,280,281,-1,281,282,274,-1,274,282,283,-1,274,283,284,-1,284,283,285,-1,284,285,286,-1,286,285,287,-1,286,287,255,-1,255,287,288,-1,255,288,270,-1,289,290,278,-1,278,290,291,-1,278,291,276,-1,292,293,230,-1,230,293,294,-1,230,294,228,-1,292,295,293,-1,293,295,296,-1,293,296,297,-1,297,296,298,-1,297,299,300,-1,298,301,297,-1,297,301,302,-1,297,302,303,-1,303,304,297,-1,297,304,305,-1,297,305,299,-1,300,306,297,-1,297,306,307,-1,297,307,308,-1,309,310,311,-1,311,310,312,-1,311,312,313,-1,314,315,316,-1,316,315,317,-1,310,318,312,-1,312,318,319,-1,312,319,320,-1,320,319,321,-1,320,321,322,-1,322,321,323,-1,322,323,317,-1,317,323,324,-1,317,324,316,-1,325,326,327,-1,328,329,330,-1,325,327,331,-1,331,327,332,-1,331,332,330,-1,330,332,333,-1,330,333,328,-1,334,335,320,-1,336,337,322,-1,335,338,320,-1,320,338,339,-1,320,339,325,-1,325,339,340,-1,325,340,326,-1,336,322,341,-1,328,342,329,-1,329,342,343,-1,329,343,322,-1,322,343,344,-1,322,344,341,-1,337,345,322,-1,322,345,346,-1,322,346,320,-1,320,346,347,-1,320,347,334,-1,330,348,349,-1,349,348,350,-1,349,351,330,-1,330,351,352,-1,330,352,331,-1,331,352,353,-1,331,353,354,-1,355,356,357,-1,357,356,358,-1,358,356,359,-1,359,356,352,-1,359,352,360,-1,360,352,351,-1,360,351,14,-1,14,351,361,-1,14,361,12,-1,350,348,362,-1,362,348,363,-1,362,363,364,-1,365,366,367,-1,367,366,368,-1,367,368,315,-1,316,313,314,-1,314,313,312,-1,314,312,369,-1,370,371,372,-1,373,374,375,-1,375,374,376,-1,375,376,377,-1,378,369,379,-1,379,369,179,-1,379,179,380,-1,373,375,381,-1,381,375,380,-1,381,380,382,-1,383,384,179,-1,377,385,375,-1,375,385,386,-1,375,386,387,-1,388,389,380,-1,380,389,390,-1,380,390,382,-1,179,384,380,-1,380,384,391,-1,380,391,388,-1,379,392,378,-1,378,392,370,-1,378,370,393,-1,393,370,372,-1,393,375,378,-1,378,375,387,-1,378,387,177,-1,177,387,394,-1,177,394,179,-1,179,394,395,-1,179,395,383,-1,396,397,363,-1,353,398,354,-1,354,398,364,-1,354,364,11,-1,11,364,363,-1,11,363,399,-1,399,363,397,-1,9,11,400,-1,401,402,399,-1,399,402,403,-1,399,403,11,-1,11,403,404,-1,11,404,400,-1,405,406,407,-1,408,409,399,-1,399,409,410,-1,399,410,411,-1,411,412,399,-1,399,412,413,-1,399,413,401,-1,414,415,416,-1,416,415,417,-1,407,418,405,-1,405,418,419,-1,405,419,420,-1,420,419,415,-1,420,415,421,-1,421,415,414,-1,406,405,399,-1,399,405,422,-1,399,422,408,-1,7,423,424,-1,424,423,425,-1,425,423,426,-1,425,426,427,-1,8,428,429,-1,429,430,8,-1,8,430,431,-1,8,431,6,-1,432,433,434,-1,435,436,437,-1,437,436,438,-1,437,438,8,-1,8,438,439,-1,8,439,428,-1,440,441,442,-1,442,441,443,-1,442,443,444,-1,445,446,204,-1,204,446,447,-1,204,447,442,-1,442,447,448,-1,442,448,440,-1,220,222,236,-1,236,222,258,-1,236,258,204,-1,204,258,260,-1,204,260,445,-1,449,450,451,-1,451,450,252,-1,451,252,201,-1,201,252,20,-1,201,20,202,-1,202,20,19,-1,202,19,245,-1,449,452,450,-1,450,452,453,-1,450,453,207,-1,207,453,454,-1,207,454,208,-1,455,456,457,-1,181,179,458,-1,458,179,459,-1,458,459,193,-1,193,459,457,-1,193,457,192,-1,192,457,456,-1,192,456,460,-1,461,462,463,-1,457,464,455,-1,455,464,465,-1,455,465,466,-1,466,465,461,-1,466,461,467,-1,467,461,463,-1,468,469,17,-1,17,469,470,-1,254,17,266,-1,266,17,470,-1,266,470,464,-1,464,470,471,-1,464,471,465,-1,472,469,473,-1,473,469,468,-1,473,468,474,-1,475,476,477,-1,478,479,17,-1,253,252,16,-1,16,252,475,-1,16,475,17,-1,17,475,477,-1,17,477,478,-1,479,480,17,-1,17,480,481,-1,17,481,482,-1,482,483,17,-1,17,483,484,-1,17,484,468,-1,468,484,485,-1,468,485,474,-1,486,487,488,-1,488,487,489,-1,488,489,475,-1,475,489,490,-1,475,490,476,-1,491,492,493,-1,492,494,493,-1,493,494,495,-1,493,495,488,-1,488,495,496,-1,488,496,486,-1,497,74,498,-1,498,74,67,-1,498,67,499,-1,499,67,55,-1,499,55,500,-1,500,55,60,-1,500,60,501,-1,501,60,42,-1,501,42,502,-1,502,42,39,-1,502,39,503,-1,503,39,37,-1,504,505,434,-1,434,505,506,-1,507,437,26,-1,433,435,434,-1,434,435,437,-1,434,437,504,-1,504,437,507,-1,504,507,508,-1,5,434,3,-1,3,434,506,-1,3,506,26,-1,26,506,509,-1,26,509,507,-1,510,511,512,-1,511,510,513,-1,513,510,5,-1,513,5,514,-1,515,516,517,-1,517,516,513,-1,517,513,518,-1,518,513,514,-1,518,514,519,-1,519,514,520,-1,2,510,0,-1,0,510,512,-1,0,512,4,-1,4,512,521,-1,4,521,5,-1,5,521,522,-1,5,522,514,-1,7,424,8,-1,8,424,523,-1,8,523,437,-1,437,523,34,-1,437,34,26,-1,26,34,33,-1,26,33,27,-1,2,450,510,-1,510,450,207,-1,510,207,5,-1,5,207,204,-1,5,204,434,-1,434,204,442,-1,434,442,432,-1,432,442,444,-1,524,190,525,-1,525,190,192,-1,525,192,493,-1,493,192,460,-1,493,460,491,-1,315,368,317,-1,317,368,526,-1,317,526,322,-1,322,526,527,-1,322,527,329,-1,329,527,528,-1,329,528,330,-1,330,528,529,-1,330,529,348,-1,348,529,425,-1,348,425,363,-1,363,425,427,-1,363,427,396,-1,369,312,179,-1,179,312,320,-1,179,320,459,-1,459,320,325,-1,459,325,457,-1,457,325,331,-1,457,331,464,-1,464,331,354,-1,464,354,266,-1,266,354,11,-1,266,11,260,-1,260,11,10,-1,260,10,445,-1,176,190,177,-1,177,190,524,-1,177,524,378,-1,378,524,530,-1,378,530,531,-1,70,72,1,-1,1,72,532,-1,1,532,2,-1,2,532,533,-1,2,533,450,-1,450,533,534,-1,450,534,252,-1,252,534,535,-1,252,535,475,-1,475,535,536,-1,475,536,488,-1,488,536,537,-1,488,537,493,-1,493,537,538,-1,493,538,525,-1,525,538,539,-1,525,539,524,-1,524,539,540,-1,524,540,530,-1,541,540,542,-1,542,540,543,-1,544,545,546,-1,546,545,547,-1,548,544,549,-1,549,544,546,-1,550,548,551,-1,551,548,549,-1,545,550,547,-1,547,550,551,-1,552,553,554,-1,554,553,555,-1,556,552,557,-1,557,552,554,-1,558,556,559,-1,559,556,557,-1,553,558,555,-1,555,558,559,-1,560,561,562,-1,562,561,563,-1,564,560,565,-1,565,560,562,-1,566,564,567,-1,567,564,565,-1,561,566,563,-1,563,566,567,-1,568,569,570,-1,570,569,571,-1,572,568,573,-1,573,568,570,-1,574,572,575,-1,575,572,573,-1,569,574,571,-1,571,574,575,-1,576,577,365,-1,365,577,366,-1,577,576,578,-1,542,543,579,-1,579,543,580,-1,579,580,578,-1,578,580,581,-1,578,581,577,-1,582,583,580,-1,581,584,503,-1,503,584,585,-1,503,585,497,-1,580,583,581,-1,581,583,586,-1,581,586,587,-1,588,581,589,-1,589,581,587,-1,589,587,590,-1,591,592,593,-1,585,594,497,-1,497,594,593,-1,497,593,580,-1,580,593,592,-1,580,592,595,-1,593,584,591,-1,591,584,581,-1,591,581,596,-1,596,581,588,-1,596,588,595,-1,595,588,597,-1,595,597,580,-1,580,597,590,-1,580,590,582,-1,582,590,587,-1,577,581,366,-1,366,581,503,-1,580,543,497,-1,497,543,540,-1,587,569,582,-1,582,569,568,-1,586,574,587,-1,587,574,569,-1,572,583,568,-1,568,583,582,-1,583,572,586,-1,586,572,574,-1,570,598,573,-1,573,598,599,-1,573,599,575,-1,575,599,600,-1,575,600,571,-1,571,600,601,-1,571,601,570,-1,570,601,598,-1,602,600,603,-1,603,600,599,-1,603,599,604,-1,604,599,598,-1,604,598,605,-1,605,598,601,-1,605,601,602,-1,602,601,600,-1,588,561,597,-1,597,561,560,-1,589,566,588,-1,588,566,561,-1,564,590,560,-1,560,590,597,-1,590,564,589,-1,589,564,566,-1,591,553,592,-1,592,553,552,-1,596,558,591,-1,591,558,553,-1,556,595,552,-1,552,595,592,-1,595,556,596,-1,596,556,558,-1,585,545,594,-1,594,545,544,-1,584,550,585,-1,585,550,545,-1,548,593,544,-1,544,593,594,-1,593,548,584,-1,584,548,550,-1,562,606,565,-1,565,606,607,-1,565,607,567,-1,567,607,608,-1,567,608,563,-1,563,608,609,-1,563,609,562,-1,562,609,606,-1,610,608,611,-1,611,608,607,-1,611,607,612,-1,612,607,606,-1,612,606,613,-1,613,606,609,-1,613,609,610,-1,610,609,608,-1,554,614,557,-1,557,614,615,-1,557,615,559,-1,559,615,616,-1,559,616,555,-1,555,616,617,-1,555,617,554,-1,554,617,614,-1,618,616,619,-1,619,616,615,-1,619,615,620,-1,620,615,614,-1,620,614,621,-1,621,614,617,-1,621,617,618,-1,618,617,616,-1,546,622,549,-1,549,622,623,-1,549,623,551,-1,551,623,624,-1,551,624,547,-1,547,624,625,-1,547,625,546,-1,546,625,622,-1,626,624,627,-1,627,624,623,-1,627,623,628,-1,628,623,622,-1,628,622,629,-1,629,622,625,-1,629,625,626,-1,626,625,624,-1,378,541,579,-1,579,541,542,-1,578,576,367,-1,367,576,365,-1,604,378,579,-1,605,602,578,-1,367,613,610,-1,578,602,579,-1,579,602,603,-1,579,603,604,-1,619,620,378,-1,618,619,612,-1,612,619,378,-1,612,378,611,-1,611,378,604,-1,611,604,610,-1,610,604,605,-1,610,605,367,-1,367,605,578,-1,612,613,618,-1,618,613,367,-1,618,367,621,-1,621,367,626,-1,621,626,620,-1,620,626,627,-1,620,627,378,-1,378,627,628,-1,378,628,367,-1,367,628,629,-1,367,629,626,-1,
        ]
    }
}
Shape{
    appearance Appearance {
        material  Material 	{
            diffuseColor 1.0 1.0 1.0
            specularColor 0.5019607843137255 0.5019607843137255 0.5019607843137255
            ambientIntensity 1.0
            transparency 0.0
            shininess 0.5
        }
    }
    geometry IndexedFaceSet {
        ccw TRUE
        solid FALSE
        coord DEF co Coordinate {
            point [
                2.1004 -3.4956 0.3737, 2.1004 -3.4956 0.3585, 2.0965 -3.4956 0.3737, 2.0965 -3.4956 0.3585, 2.1004 -3.5487 0.3737, 2.0965 -3.5487 0.3737, 2.1004 -3.5487 0.4919, 2.0965 -3.5487 0.4919, 2.1004 -3.566 0.4919, 2.0965 -3.566 0.4919, 2.1004 -3.566 0.3585, 2.0965 -3.566 0.3585, 2.1004 -3.4272 0.3562, 2.0965 -3.4272 0.3562, 2.1004 -3.4068 0.3582, 2.0965 -3.4154 0.3574, 2.0965 -3.4068 0.3582, 2.0965 -3.3925 0.3629, 2.1004 -3.3925 0.3629, 2.0965 -3.3902 0.364, 2.1004 -3.3902 0.364, 2.1004 -3.3902 0.3805, 2.0965 -3.3902 0.3805, 2.0965 -3.4033 0.3747, 2.1004 -3.4033 0.3747, 2.0965 -3.4184 0.3718, 2.1004 -3.4184 0.3718, 2.0965 -3.4247 0.3716, 2.1004 -3.4247 0.3716, 2.0965 -3.4382 0.3732, 2.1004 -3.4382 0.3732, 2.0965 -3.4477 0.3769, 2.1004 -3.4477 0.3769, 2.0965 -3.4564 0.3831, 2.1004 -3.4564 0.3831, 2.0965 -3.459 0.3857, 2.1004 -3.459 0.3857, 2.0965 -3.4655 0.3947, 2.1004 -3.4655 0.3947, 2.0965 -3.4698 0.4054, 2.1004 -3.4698 0.4054, 2.0965 -3.4719 0.4188, 2.1004 -3.4719 0.4188, 2.0965 -3.4721 0.4237, 2.1004 -3.4721 0.4237, 2.0965 -3.4698 0.4423, 2.1004 -3.4698 0.4423, 2.0965 -3.4653 0.4538, 2.1004 -3.4653 0.4538, 2.0965 -3.458 0.4638, 2.1004 -3.458 0.4638, 2.0965 -3.4489 0.4714, 2.1004 -3.4489 0.4714, 2.0965 -3.4384 0.4762, 2.1004 -3.4384 0.4762, 2.0965 -3.4268 0.4784, 2.1004 -3.4268 0.4784, 2.0965 -3.4217 0.4786, 2.1004 -3.4217 0.4786, 2.0965 -3.4052 0.4767, 2.1004 -3.4052 0.4767, 2.0965 -3.3917 0.4715, 2.1004 -3.3917 0.4715, 2.0965 -3.3902 0.4707, 2.1004 -3.3902 0.4707, 2.1004 -3.3902 0.4887, 2.0965 -3.3902 0.4887, 2.0965 -3.4218 0.4942, 2.1004 -3.4218 0.4942, 2.1004 -3.4215 0.4942, 2.0965 -3.4041 0.4928, 2.1004 -3.4041 0.4928, 2.0965 -3.4077 0.4931, 2.0965 -3.4215 0.4942, 2.0965 -3.431 0.4931, 2.1004 -3.4413 0.4918, 2.0965 -3.4413 0.4918, 2.0965 -3.4552 0.4864, 2.1004 -3.4552 0.4864, 2.0965 -3.4677 0.4776, 2.1004 -3.4677 0.4776, 2.0965 -3.4709 0.4746, 2.1004 -3.4709 0.4746, 2.0965 -3.4805 0.4619, 2.0965 -3.4842 0.4534, 2.1004 -3.4869 0.4471, 2.1004 -3.4805 0.4619, 2.0965 -3.4869 0.4471, 2.0965 -3.4899 0.4297, 2.1004 -3.4899 0.4297, 2.0965 -3.4901 0.4227, 2.1004 -3.4901 0.4227, 2.0965 -3.488 0.4028, 2.0965 -3.4842 0.3922, 2.1004 -3.4828 0.3885, 2.1004 -3.488 0.4028, 2.0965 -3.4828 0.3885, 2.0965 -3.4751 0.3768, 2.1004 -3.4751 0.3768, 2.0965 -3.473 0.3745, 2.1004 -3.473 0.3745, 2.0965 -3.4497 0.3596, 2.1004 -3.4623 0.3655, 2.0965 -3.4623 0.3655, 2.0965 -3.4388 0.3574, 2.1004 -3.4352 0.3566, 2.1004 -3.4497 0.3596, 2.0965 -3.4352 0.3566, 2.1004 -3.2917 0.3737, 2.1004 -3.2917 0.3585, 2.0965 -3.2917 0.3737, 2.0965 -3.2917 0.3585, 2.0965 -3.3463 0.3737, 2.1004 -3.3463 0.3737, 2.0965 -3.3102 0.3737, 2.1004 -3.3463 0.4186, 2.0965 -3.3463 0.4186, 2.1004 -3.2986 0.4186, 2.0965 -3.3102 0.4186, 2.0965 -3.2986 0.4186, 2.1004 -3.2986 0.4339, 2.0965 -3.2986 0.4339, 2.0965 -3.3463 0.4339, 2.1004 -3.3463 0.4339, 2.0965 -3.3102 0.4339, 2.1004 -3.3463 0.4766, 2.0965 -3.3463 0.4766, 2.0965 -3.2948 0.4766, 2.1004 -3.2948 0.4766, 2.0965 -3.3102 0.4766, 2.1004 -3.2948 0.4919, 2.0965 -3.2948 0.4919, 2.0965 -3.3635 0.4919, 2.1004 -3.3635 0.4919, 2.0965 -3.3102 0.4919, 2.1004 -3.3635 0.3585, 2.0965 -3.3635 0.3585, 2.0965 -3.3102 0.3585, 2.1004 -3.1836 0.3959, 2.1004 -3.1902 0.3876, 2.1004 -3.178 0.3772, 2.1004 -3.1927 0.3854, 2.1004 -3.1917 0.3673, 2.1004 -3.2015 0.3796, 2.1004 -3.2069 0.3613, 2.1004 -3.213 0.3755, 2.1004 -3.2298 0.3585, 2.1004 -3.2299 0.3737, 2.1004 -3.2665 0.3585, 2.1004 -3.2493 0.3737, 2.1004 -3.2665 0.4919, 2.1004 -3.2493 0.4766, 2.1004 -3.2285 0.4919, 2.1004 -3.2291 0.4766, 2.1004 -3.2081 0.4897, 2.1004 -3.212 0.4747, 2.1004 -3.192 0.4838, 2.1004 -3.2004 0.4705, 2.1004 -3.178 0.4743, 2.1004 -3.1906 0.464, 2.1004 -3.1734 0.4698, 2.1004 -3.1862 0.4596, 2.1004 -3.1651 0.4582, 2.1004 -3.1812 0.4519, 2.1004 -3.1601 0.4455, 2.1004 -3.1776 0.4418, 2.1004 -3.1579 0.4269, 2.1004 -3.176 0.4265, 2.1004 -3.1583 0.4185, 2.1004 -3.1764 0.418, 2.1004 -3.1615 0.4028, 2.1004 -3.179 0.4058, 2.1004 -3.1681 0.389, 2.0965 -3.2298 0.3585, 2.0965 -3.2665 0.3585, 2.0965 -3.178 0.3772, 2.0965 -3.2069 0.3613, 2.0965 -3.2054 0.3619, 2.0965 -3.1917 0.3673, 2.0965 -3.1681 0.389, 2.0965 -3.1615 0.4028, 2.0965 -3.1583 0.4185, 2.0965 -3.1579 0.4269, 2.0965 -3.1601 0.4455, 2.0965 -3.1651 0.4582, 2.0965 -3.1734 0.4698, 2.0965 -3.178 0.4743, 2.0965 -3.192 0.4838, 2.0965 -3.2054 0.4887, 2.0965 -3.2081 0.4897, 2.0965 -3.2285 0.4919, 2.0965 -3.2665 0.4919, 2.0965 -3.2291 0.4766, 2.0965 -3.2493 0.4766, 2.0965 -3.2493 0.3737, 2.0965 -3.2299 0.3737, 2.0965 -3.1902 0.3876, 2.0965 -3.1927 0.3854, 2.0965 -3.2015 0.3796, 2.0965 -3.213 0.3755, 2.0965 -3.176 0.4265, 2.0965 -3.1764 0.418, 2.0965 -3.179 0.4058, 2.0965 -3.1836 0.3959, 2.0965 -3.1906 0.464, 2.0965 -3.1862 0.4596, 2.0965 -3.1812 0.4519, 2.0965 -3.1776 0.4418, 2.0965 -3.212 0.4747, 2.0965 -3.2004 0.4705
            ]
        }
        coordIndex [
            0,1,2,-1,2,1,3,-1,4,0,5,-1,5,0,2,-1,6,4,7,-1,7,4,5,-1,8,6,9,-1,9,6,7,-1,10,8,11,-1,11,8,9,-1,1,10,3,-1,3,10,11,-1,6,8,4,-1,4,8,10,-1,4,10,0,-1,0,10,1,-1,12,13,14,-1,14,13,15,-1,15,16,14,-1,14,16,17,-1,14,17,18,-1,18,17,19,-1,18,19,20,-1,21,20,22,-1,22,20,19,-1,21,22,23,-1,21,23,24,-1,24,23,25,-1,24,25,26,-1,26,25,27,-1,26,27,28,-1,28,27,29,-1,28,29,30,-1,30,29,31,-1,30,31,32,-1,32,31,33,-1,32,33,34,-1,34,33,35,-1,34,35,36,-1,36,35,37,-1,36,37,38,-1,38,37,39,-1,38,39,40,-1,40,39,41,-1,40,41,42,-1,42,41,43,-1,42,43,44,-1,44,43,45,-1,44,45,46,-1,46,45,47,-1,46,47,48,-1,48,47,49,-1,48,49,50,-1,50,49,51,-1,50,51,52,-1,52,51,53,-1,52,53,54,-1,54,53,55,-1,54,55,56,-1,56,55,57,-1,56,57,58,-1,58,57,59,-1,58,59,60,-1,60,59,61,-1,60,61,62,-1,62,61,63,-1,62,63,64,-1,65,64,66,-1,66,64,63,-1,67,68,69,-1,65,66,70,-1,65,70,71,-1,71,70,72,-1,71,72,69,-1,69,72,73,-1,69,73,67,-1,68,67,74,-1,68,74,75,-1,74,76,75,-1,75,76,77,-1,75,77,78,-1,78,77,79,-1,78,79,80,-1,80,79,81,-1,80,81,82,-1,82,81,83,-1,84,85,83,-1,83,85,86,-1,83,86,82,-1,84,87,85,-1,85,87,88,-1,85,88,89,-1,89,88,90,-1,89,90,91,-1,91,90,92,-1,93,94,92,-1,92,94,95,-1,92,95,91,-1,93,96,94,-1,94,96,97,-1,94,97,98,-1,98,97,99,-1,98,99,100,-1,101,102,103,-1,103,102,100,-1,103,100,99,-1,104,105,101,-1,101,105,106,-1,101,106,102,-1,104,107,105,-1,105,107,13,-1,105,13,12,-1,62,64,65,-1,52,80,50,-1,50,80,82,-1,50,82,48,-1,48,82,86,-1,48,86,46,-1,62,65,60,-1,60,65,71,-1,60,71,58,-1,58,71,69,-1,58,69,56,-1,56,69,68,-1,56,68,54,-1,54,68,75,-1,54,75,52,-1,52,75,78,-1,52,78,80,-1,20,21,18,-1,18,21,24,-1,18,24,14,-1,14,24,26,-1,14,26,12,-1,12,26,28,-1,12,28,105,-1,105,28,30,-1,105,30,106,-1,106,30,32,-1,106,32,102,-1,102,32,34,-1,102,34,100,-1,100,34,36,-1,100,36,98,-1,98,36,38,-1,98,38,94,-1,91,44,89,-1,89,44,46,-1,89,46,85,-1,85,46,86,-1,94,38,95,-1,95,38,40,-1,95,40,91,-1,91,40,42,-1,91,42,44,-1,108,109,110,-1,110,109,111,-1,112,113,114,-1,114,113,108,-1,114,108,110,-1,115,113,116,-1,116,113,112,-1,115,116,117,-1,117,116,118,-1,117,118,119,-1,120,117,121,-1,121,117,119,-1,122,123,124,-1,124,123,120,-1,124,120,121,-1,125,123,126,-1,126,123,122,-1,127,128,129,-1,129,128,125,-1,129,125,126,-1,130,128,131,-1,131,128,127,-1,132,133,134,-1,134,133,130,-1,134,130,131,-1,135,133,136,-1,136,133,132,-1,111,109,137,-1,137,109,135,-1,137,135,136,-1,135,109,108,-1,108,113,135,-1,135,113,115,-1,135,115,133,-1,128,130,125,-1,125,130,133,-1,125,133,123,-1,123,133,115,-1,123,115,120,-1,120,115,117,-1,138,139,140,-1,140,139,141,-1,140,141,142,-1,142,141,143,-1,142,143,144,-1,144,143,145,-1,144,145,146,-1,146,145,147,-1,146,147,148,-1,148,147,149,-1,148,149,150,-1,150,149,151,-1,150,151,152,-1,152,151,153,-1,152,153,154,-1,154,153,155,-1,154,155,156,-1,156,155,157,-1,156,157,158,-1,158,157,159,-1,158,159,160,-1,160,159,161,-1,160,161,162,-1,162,161,163,-1,162,163,164,-1,164,163,165,-1,164,165,166,-1,166,165,167,-1,166,167,168,-1,168,167,169,-1,168,169,170,-1,170,169,171,-1,170,171,172,-1,172,171,138,-1,172,138,140,-1,146,148,173,-1,173,148,174,-1,175,140,142,-1,146,173,176,-1,146,176,144,-1,144,176,177,-1,144,177,142,-1,142,177,178,-1,142,178,175,-1,140,175,179,-1,140,179,172,-1,172,179,180,-1,172,180,170,-1,170,180,181,-1,170,181,168,-1,168,181,182,-1,168,182,166,-1,166,182,183,-1,166,183,164,-1,164,183,184,-1,164,184,162,-1,162,184,185,-1,162,185,160,-1,160,185,186,-1,160,186,158,-1,158,186,187,-1,188,154,187,-1,187,154,156,-1,187,156,158,-1,188,189,154,-1,154,189,190,-1,154,190,152,-1,150,152,191,-1,191,152,190,-1,148,150,174,-1,174,150,191,-1,153,151,192,-1,192,151,193,-1,151,149,193,-1,193,149,194,-1,149,147,194,-1,194,147,195,-1,139,196,197,-1,139,197,141,-1,141,197,198,-1,141,198,143,-1,143,198,199,-1,143,199,145,-1,145,199,195,-1,145,195,147,-1,167,200,201,-1,167,201,169,-1,169,201,202,-1,169,202,171,-1,171,202,203,-1,171,203,138,-1,138,203,196,-1,138,196,139,-1,159,204,205,-1,159,205,161,-1,161,205,206,-1,161,206,163,-1,163,206,207,-1,163,207,165,-1,165,207,200,-1,165,200,167,-1,153,192,208,-1,153,208,155,-1,155,208,209,-1,155,209,157,-1,157,209,204,-1,157,204,159,-1,
        ]
    }
}
Shape{
    appearance Appearance {
        material  Material 	{
            diffuseColor 0.25098039215686274 0.25098039215686274 0.25098039215686274
            specularColor 0.12549019607843137 0.12549019607843137 0.12549019607843137
            ambientIntensity 0.251
            transparency 0.0
            shininess 0.5
        }
    }
    geometry IndexedFaceSet {
        ccw TRUE
        solid FALSE
        coord DEF co Coordinate {
            point [
                2.0965 -3.2493 0.4766, 2.0965 -3.2493 0.3737, 2.0965 -3.2291 0.4766, 2.0965 -3.2299 0.3737, 2.0965 -3.213 0.3755, 2.0965 -3.2015 0.3796, 2.0965 -3.1927 0.3854, 2.0965 -3.1902 0.3876, 2.0965 -3.1836 0.3959, 2.0965 -3.179 0.4058, 2.0965 -3.1764 0.418, 2.0965 -3.176 0.4265, 2.0965 -3.1776 0.4418, 2.0965 -3.1812 0.4519, 2.0965 -3.1862 0.4596, 2.0965 -3.1906 0.464, 2.0965 -3.212 0.4747, 2.0965 -3.2004 0.4705
            ]
        }
        coordIndex [
            0,1,2,-1,2,1,3,-1,2,3,4,-1,4,5,2,-1,2,5,6,-1,2,6,7,-1,7,8,2,-1,2,8,9,-1,2,9,10,-1,10,11,2,-1,2,11,12,-1,2,12,13,-1,13,14,2,-1,2,14,15,-1,2,15,16,-1,16,15,17,-1,
        ]
    }
}
Shape{
    appearance Appearance {
        material  Material 	{
            diffuseColor 1.0 1.0 1.0
            specularColor 0.5019607843137255 0.5019607843137255 0.5019607843137255
            ambientIntensity 1.0
            transparency 0.0
            shininess 0.5
        }
    }
    geometry IndexedFaceSet {
        ccw TRUE
        solid FALSE
        coord DEF co Coordinate {
            point [
                2.1004 -3.1132 0.4101, 2.1004 -3.1186 0.395, 2.1004 -3.0684 0.4101, 2.1004 -3.063 0.395, 2.1004 -3.0932 0.4655, 2.1004 -3.0996 0.4919, 2.1004 -3.1505 0.3585, 2.1004 -3.1314 0.3585, 2.1004 -3.092 0.4695, 2.1004 -3.091 0.4749, 2.1004 -3.0812 0.4919, 2.1004 -3.0906 0.4749, 2.1004 -3.0895 0.4692, 2.1004 -3.0885 0.4655, 2.1004 -3.0304 0.3585, 2.1004 -3.0494 0.3585, 2.0965 -3.0812 0.4919, 2.0965 -3.0304 0.3585, 2.0965 -3.0996 0.4919, 2.0965 -3.1505 0.3585, 2.0965 -3.112 0.4595, 2.0965 -3.1314 0.3585, 2.0965 -3.1186 0.395, 2.0965 -3.063 0.395, 2.0965 -3.112 0.395, 2.0965 -3.0494 0.3585, 2.0965 -3.1132 0.4101, 2.0965 -3.0684 0.4101, 2.0965 -3.0885 0.4655, 2.0965 -3.0906 0.4749, 2.0965 -3.0895 0.4692, 2.0965 -3.091 0.4749, 2.0965 -3.0932 0.4655, 2.0965 -3.092 0.4695
            ]
        }
        coordIndex [
            0,1,2,-1,2,1,3,-1,4,5,0,-1,0,5,6,-1,0,6,1,-1,1,6,7,-1,4,8,5,-1,5,8,9,-1,5,9,10,-1,10,9,11,-1,10,11,12,-1,12,13,10,-1,10,13,2,-1,10,2,14,-1,14,2,3,-1,14,3,15,-1,10,14,16,-1,16,14,17,-1,5,10,18,-1,18,10,16,-1,19,6,20,-1,20,6,5,-1,20,5,18,-1,7,6,21,-1,21,6,19,-1,1,7,22,-1,22,7,21,-1,23,3,24,-1,24,3,1,-1,24,1,22,-1,15,3,25,-1,25,3,23,-1,14,15,17,-1,17,15,25,-1,0,2,26,-1,26,2,27,-1,2,13,27,-1,27,13,28,-1,11,29,30,-1,11,30,12,-1,12,30,28,-1,12,28,13,-1,11,9,29,-1,29,9,31,-1,4,32,33,-1,4,33,8,-1,8,33,31,-1,8,31,9,-1,4,0,32,-1,32,0,26,-1,
        ]
    }
}
Shape{
    appearance Appearance {
        material  Material 	{
            diffuseColor 0.25098039215686274 0.25098039215686274 0.25098039215686274
            specularColor 0.12549019607843137 0.12549019607843137 0.12549019607843137
            ambientIntensity 0.251
            transparency 0.0
            shininess 0.5
        }
    }
    geometry IndexedFaceSet {
        ccw TRUE
        solid FALSE
        coord DEF co Coordinate {
            point [
                2.0965 -3.0906 0.4749, 2.0965 -3.091 0.4749, 2.0965 -3.0895 0.4692, 2.0965 -3.092 0.4695, 2.0965 -3.0885 0.4655, 2.0965 -3.0932 0.4655, 2.0965 -3.0684 0.4101, 2.0965 -3.1132 0.4101
            ]
        }
        coordIndex [
            0,1,2,-1,2,1,3,-1,2,3,4,-1,4,3,5,-1,4,5,6,-1,6,5,7,-1,
        ]
    }
}
Shape{
    appearance Appearance {
        material  Material 	{
            diffuseColor 1.0 1.0 1.0
            specularColor 0.5019607843137255 0.5019607843137255 0.5019607843137255
            ambientIntensity 1.0
            transparency 0.0
            shininess 0.5
        }
    }
    geometry IndexedFaceSet {
        ccw TRUE
        solid FALSE
        coord DEF co Coordinate {
            point [
                2.1004 -3.4942 0.162, 2.1004 -3.4942 0.1468, 2.0965 -3.4942 0.162, 2.0965 -3.4942 0.1468, 2.1004 -3.5487 0.162, 2.0965 -3.5487 0.162, 2.1004 -3.5487 0.2069, 2.0965 -3.5487 0.2069, 2.1004 -3.501 0.2069, 2.0965 -3.501 0.2069, 2.1004 -3.501 0.2222, 2.0965 -3.501 0.2222, 2.1004 -3.5487 0.2222, 2.0965 -3.5487 0.2222, 2.1004 -3.5487 0.2649, 2.0965 -3.5487 0.2649, 2.1004 -3.4972 0.2649, 2.0965 -3.4972 0.2649, 2.1004 -3.4972 0.2802, 2.0965 -3.4972 0.2802, 2.1004 -3.566 0.2802, 2.0965 -3.566 0.2802, 2.1004 -3.566 0.1468, 2.0965 -3.566 0.1468, 2.1004 -3.4016 0.2081, 2.1004 -3.4183 0.1946, 2.1004 -3.4183 0.1855, 2.1004 -3.4188 0.1615, 2.1004 -3.4183 0.1615, 2.1004 -3.4193 0.1773, 2.1004 -3.4183 0.1468, 2.1004 -3.4016 0.1468, 2.1004 -3.4597 0.1668, 2.1004 -3.4723 0.1545, 2.1004 -3.4578 0.164, 2.1004 -3.47 0.152, 2.1004 -3.4564 0.1626, 2.1004 -3.4647 0.1483, 2.1004 -3.4531 0.1603, 2.1004 -3.4584 0.1458, 2.1004 -3.4493 0.1589, 2.1004 -3.4592 0.2003, 2.1004 -3.4545 0.1875, 2.1004 -3.4505 0.1894, 2.1004 -3.4505 0.1446, 2.1004 -3.448 0.1445, 2.1004 -3.4436 0.1583, 2.1004 -3.44 0.1454, 2.1004 -3.437 0.1591, 2.1004 -3.4331 0.1477, 2.1004 -3.432 0.161, 2.1004 -3.427 0.1516, 2.1004 -3.4273 0.1642, 2.1004 -3.4216 0.1572, 2.1004 -3.4255 0.166, 2.1004 -3.4217 0.1713, 2.1004 -3.4466 0.2034, 2.1004 -3.4406 0.1916, 2.1004 -3.4183 0.2074, 2.1004 -3.4689 0.2354, 2.1004 -3.4689 0.2192, 2.1004 -3.4656 0.2374, 2.1004 -3.4573 0.2265, 2.1004 -3.4531 0.2422, 2.1004 -3.4468 0.2298, 2.1004 -3.4361 0.2443, 2.1004 -3.4376 0.2307, 2.1004 -3.4262 0.2434, 2.1004 -3.4319 0.2301, 2.1004 -3.4191 0.2413, 2.1004 -3.428 0.2287, 2.1004 -3.4135 0.2381, 2.1004 -3.4251 0.2268, 2.1004 -3.409 0.2339, 2.1004 -3.4225 0.2241, 2.1004 -3.4056 0.2285, 2.1004 -3.4206 0.2206, 2.1004 -3.4029 0.221, 2.1004 -3.4189 0.2146, 2.1004 -3.4611 0.1763, 2.1004 -3.4781 0.1743, 2.1004 -3.4612 0.1737, 2.1004 -3.4782 0.1723, 2.1004 -3.4608 0.1698, 2.1004 -3.4774 0.1648, 2.1004 -3.4754 0.1591, 2.1004 -3.4568 0.1858, 2.1004 -3.4663 0.1966, 2.1004 -3.4588 0.1833, 2.1004 -3.4715 0.1922, 2.1004 -3.4603 0.1802, 2.1004 -3.4748 0.1874, 2.1004 -3.4771 0.1815, 2.0965 -3.4361 0.2443, 2.0965 -3.4531 0.2422, 2.0965 -3.4656 0.2374, 2.0965 -3.4689 0.2354, 2.0965 -3.4689 0.2192, 2.0965 -3.4573 0.2265, 2.0965 -3.4468 0.2298, 2.0965 -3.4376 0.2307, 2.0965 -3.4319 0.2301, 2.0965 -3.428 0.2287, 2.0965 -3.4251 0.2268, 2.0965 -3.4225 0.2241, 2.0965 -3.4206 0.2206, 2.0965 -3.4189 0.2146, 2.0965 -3.4183 0.2074, 2.0965 -3.4466 0.2034, 2.0965 -3.4592 0.2003, 2.0965 -3.4663 0.1966, 2.0965 -3.4715 0.1922, 2.0965 -3.4748 0.1874, 2.0965 -3.4771 0.1815, 2.0965 -3.4781 0.1743, 2.0965 -3.4782 0.1723, 2.0965 -3.4774 0.1648, 2.0965 -3.4754 0.1591, 2.0965 -3.4723 0.1545, 2.0965 -3.47 0.152, 2.0965 -3.448 0.1445, 2.0965 -3.4647 0.1483, 2.0965 -3.4584 0.1458, 2.0965 -3.4574 0.1457, 2.0965 -3.4505 0.1446, 2.0965 -3.44 0.1454, 2.0965 -3.4391 0.1457, 2.0965 -3.4331 0.1477, 2.0965 -3.427 0.1516, 2.0965 -3.4216 0.1572, 2.0965 -3.4188 0.1615, 2.0965 -3.4183 0.1615, 2.0965 -3.4183 0.1468, 2.0965 -3.4016 0.1468, 2.0965 -3.4016 0.2081, 2.0965 -3.4029 0.221, 2.0965 -3.4056 0.2285, 2.0965 -3.409 0.2339, 2.0965 -3.4135 0.2381, 2.0965 -3.4191 0.2413, 2.0965 -3.4262 0.2434, 2.0965 -3.4568 0.1858, 2.0965 -3.4545 0.1875, 2.0965 -3.4505 0.1894, 2.0965 -3.4406 0.1916, 2.0965 -3.4612 0.1737, 2.0965 -3.4611 0.1763, 2.0965 -3.4603 0.1802, 2.0965 -3.4588 0.1833, 2.0965 -3.4564 0.1626, 2.0965 -3.4578 0.164, 2.0965 -3.4597 0.1668, 2.0965 -3.4608 0.1698, 2.0965 -3.4436 0.1583, 2.0965 -3.4493 0.1589, 2.0965 -3.4531 0.1603, 2.0965 -3.4255 0.166, 2.0965 -3.4273 0.1642, 2.0965 -3.432 0.161, 2.0965 -3.437 0.1591, 2.0965 -3.4183 0.1855, 2.0965 -3.4193 0.1773, 2.0965 -3.4217 0.1713, 2.0965 -3.4183 0.1946
            ]
        }
        coordIndex [
            0,1,2,-1,2,1,3,-1,4,0,5,-1,5,0,2,-1,6,4,7,-1,7,4,5,-1,8,6,9,-1,9,6,7,-1,10,8,11,-1,11,8,9,-1,12,10,13,-1,13,10,11,-1,14,12,15,-1,15,12,13,-1,16,14,17,-1,17,14,15,-1,18,16,19,-1,19,16,17,-1,20,18,21,-1,21,18,19,-1,22,20,23,-1,23,20,21,-1,1,22,3,-1,3,22,23,-1,22,1,0,-1,0,4,22,-1,22,4,6,-1,22,6,20,-1,16,18,14,-1,14,18,20,-1,14,20,12,-1,12,20,6,-1,12,6,10,-1,10,6,8,-1,24,25,26,-1,27,28,29,-1,30,31,28,-1,28,31,24,-1,28,24,29,-1,29,24,26,-1,32,33,34,-1,34,33,35,-1,34,35,36,-1,36,35,37,-1,36,37,38,-1,38,37,39,-1,38,39,40,-1,41,42,43,-1,39,44,40,-1,40,44,45,-1,40,45,46,-1,46,45,47,-1,46,47,48,-1,48,47,49,-1,48,49,50,-1,50,49,51,-1,50,51,52,-1,52,51,53,-1,52,53,54,-1,54,53,27,-1,54,27,55,-1,55,27,29,-1,41,43,56,-1,56,43,57,-1,56,57,58,-1,59,60,61,-1,61,60,62,-1,61,62,63,-1,63,62,64,-1,63,64,65,-1,65,64,66,-1,65,66,67,-1,67,66,68,-1,67,68,69,-1,69,68,70,-1,69,70,71,-1,71,70,72,-1,71,72,73,-1,73,72,74,-1,73,74,75,-1,75,74,76,-1,75,76,77,-1,77,76,78,-1,77,78,24,-1,24,78,58,-1,24,58,25,-1,25,58,57,-1,79,80,81,-1,81,80,82,-1,81,82,83,-1,83,82,84,-1,83,84,32,-1,32,84,85,-1,32,85,33,-1,42,41,86,-1,86,41,87,-1,86,87,88,-1,88,87,89,-1,88,89,90,-1,90,89,91,-1,90,91,79,-1,79,91,92,-1,79,92,80,-1,65,93,94,-1,65,94,63,-1,63,94,95,-1,63,95,61,-1,61,95,96,-1,61,96,59,-1,60,59,97,-1,97,59,96,-1,60,97,98,-1,60,98,62,-1,62,98,99,-1,62,99,64,-1,64,99,100,-1,64,100,66,-1,66,100,101,-1,66,101,68,-1,68,101,102,-1,68,102,70,-1,70,102,103,-1,70,103,72,-1,72,103,104,-1,72,104,74,-1,74,104,105,-1,74,105,76,-1,76,105,106,-1,76,106,78,-1,78,106,107,-1,78,107,58,-1,56,58,108,-1,108,58,107,-1,56,108,109,-1,56,109,41,-1,41,109,110,-1,41,110,87,-1,87,110,111,-1,87,111,89,-1,89,111,112,-1,89,112,91,-1,91,112,113,-1,91,113,92,-1,92,113,114,-1,92,114,80,-1,80,114,115,-1,80,115,82,-1,82,115,116,-1,82,116,84,-1,84,116,117,-1,84,117,85,-1,85,117,118,-1,85,118,33,-1,33,118,119,-1,33,119,35,-1,120,45,44,-1,35,119,121,-1,35,121,37,-1,37,121,122,-1,37,122,39,-1,39,122,123,-1,39,123,44,-1,44,123,124,-1,44,124,120,-1,45,120,125,-1,45,125,47,-1,47,125,126,-1,47,126,49,-1,126,127,49,-1,49,127,128,-1,49,128,51,-1,51,128,129,-1,51,129,53,-1,53,129,130,-1,53,130,27,-1,28,27,131,-1,131,27,130,-1,30,28,132,-1,132,28,131,-1,31,30,133,-1,133,30,132,-1,24,31,134,-1,134,31,133,-1,24,134,135,-1,24,135,77,-1,77,135,136,-1,77,136,75,-1,75,136,137,-1,75,137,73,-1,73,137,138,-1,73,138,71,-1,71,138,139,-1,71,139,69,-1,69,139,140,-1,69,140,67,-1,67,140,93,-1,67,93,65,-1,86,141,142,-1,86,142,42,-1,42,142,143,-1,42,143,43,-1,43,143,144,-1,43,144,57,-1,81,145,146,-1,81,146,79,-1,79,146,147,-1,79,147,90,-1,90,147,148,-1,90,148,88,-1,88,148,141,-1,88,141,86,-1,36,149,150,-1,36,150,34,-1,34,150,151,-1,34,151,32,-1,32,151,152,-1,32,152,83,-1,83,152,145,-1,83,145,81,-1,46,153,154,-1,46,154,40,-1,40,154,155,-1,40,155,38,-1,38,155,149,-1,38,149,36,-1,54,156,157,-1,54,157,52,-1,52,157,158,-1,52,158,50,-1,50,158,159,-1,50,159,48,-1,48,159,153,-1,48,153,46,-1,26,160,161,-1,26,161,29,-1,29,161,162,-1,29,162,55,-1,55,162,156,-1,55,156,54,-1,26,25,160,-1,160,25,163,-1,25,57,163,-1,163,57,144,-1,
        ]
    }
}
Shape{
    appearance Appearance {
        material  Material 	{
            diffuseColor 0.25098039215686274 0.25098039215686274 0.25098039215686274
            specularColor 0.12549019607843137 0.12549019607843137 0.12549019607843137
            ambientIntensity 0.251
            transparency 0.0
            shininess 0.5
        }
    }
    geometry IndexedFaceSet {
        ccw TRUE
        solid FALSE
        coord DEF co Coordinate {
            point [
                2.0965 -3.4273 0.1642, 2.0965 -3.4255 0.166, 2.0965 -3.4406 0.1916, 2.0965 -3.4217 0.1713, 2.0965 -3.437 0.1591, 2.0965 -3.4505 0.1894, 2.0965 -3.4545 0.1875, 2.0965 -3.432 0.161, 2.0965 -3.4193 0.1773, 2.0965 -3.4183 0.1855, 2.0965 -3.4183 0.1946, 2.0965 -3.4603 0.1802, 2.0965 -3.4611 0.1763, 2.0965 -3.4612 0.1737, 2.0965 -3.4608 0.1698, 2.0965 -3.4531 0.1603, 2.0965 -3.4493 0.1589, 2.0965 -3.4564 0.1626, 2.0965 -3.4436 0.1583, 2.0965 -3.4568 0.1858, 2.0965 -3.4588 0.1833, 2.0965 -3.4597 0.1668, 2.0965 -3.4578 0.164
            ]
        }
        coordIndex [
            0,1,2,-1,2,1,3,-1,4,5,6,-1,5,4,2,-1,2,4,7,-1,2,7,0,-1,3,8,2,-1,2,8,9,-1,2,9,10,-1,11,12,4,-1,4,12,13,-1,4,13,14,-1,15,16,17,-1,17,16,18,-1,17,18,4,-1,6,19,4,-1,4,19,20,-1,4,20,11,-1,14,21,4,-1,4,21,22,-1,4,22,17,-1,
        ]
    }
}
Shape{
    appearance Appearance {
        material  Material 	{
            diffuseColor 1.0 1.0 1.0
            specularColor 0.5019607843137255 0.5019607843137255 0.5019607843137255
            ambientIntensity 1.0
            transparency 0.0
            shininess 0.5
        }
    }
    geometry IndexedFaceSet {
        ccw TRUE
        solid FALSE
        coord DEF co Coordinate {
            point [
                2.0965 -3.379 0.1674, 2.1004 -3.379 0.1674, 2.1004 -3.3729 0.1636, 2.1004 -3.3515 0.1582, 2.0965 -3.3515 0.1582, 2.0965 -3.3625 0.1595, 2.1004 -3.3625 0.1595, 2.0965 -3.3712 0.163, 2.0965 -3.3729 0.1636, 2.1004 -3.379 0.1501, 2.0965 -3.379 0.1501, 2.1004 -3.3673 0.146, 2.0965 -3.3712 0.1474, 2.0965 -3.3531 0.1445, 2.1004 -3.3531 0.1445, 2.0965 -3.3639 0.1457, 2.0965 -3.3673 0.146, 2.1004 -3.3378 0.1464, 2.0965 -3.3438 0.1457, 2.0965 -3.3378 0.1464, 2.0965 -3.3291 0.1498, 2.1004 -3.3291 0.1498, 2.0965 -3.3253 0.1521, 2.1004 -3.3253 0.1521, 2.0965 -3.3203 0.1566, 2.1004 -3.3203 0.1566, 2.0965 -3.3173 0.161, 2.1004 -3.3173 0.161, 2.0965 -3.3153 0.1663, 2.1004 -3.3153 0.1663, 2.0965 -3.3146 0.1727, 2.1004 -3.3146 0.1727, 2.0965 -3.3154 0.1794, 2.1004 -3.3154 0.1794, 2.0965 -3.3172 0.1842, 2.1004 -3.3172 0.1842, 2.0965 -3.3202 0.1885, 2.1004 -3.3202 0.1885, 2.0965 -3.3242 0.192, 2.1004 -3.3242 0.192, 2.0965 -3.3353 0.1982, 2.1004 -3.3353 0.1982, 2.0965 -3.3417 0.2008, 2.1004 -3.3417 0.2008, 2.0965 -3.3521 0.2053, 2.1004 -3.3521 0.2053, 2.0965 -3.358 0.209, 2.1004 -3.358 0.209, 2.0965 -3.3596 0.2108, 2.1004 -3.3596 0.2108, 2.0965 -3.3608 0.2131, 2.1004 -3.3608 0.2131, 2.0965 -3.3615 0.2157, 2.1004 -3.3615 0.2157, 2.0965 -3.3616 0.2179, 2.1004 -3.3616 0.2179, 2.0965 -3.3613 0.2206, 2.1004 -3.3613 0.2206, 2.0965 -3.3605 0.2228, 2.1004 -3.3605 0.2228, 2.0965 -3.3591 0.2249, 2.1004 -3.3591 0.2249, 2.0965 -3.3565 0.2272, 2.1004 -3.3565 0.2272, 2.0965 -3.3528 0.2292, 2.1004 -3.3528 0.2292, 2.0965 -3.3483 0.2303, 2.1004 -3.3483 0.2303, 2.0965 -3.3434 0.2307, 2.1004 -3.3434 0.2307, 2.0965 -3.3317 0.2293, 2.1004 -3.3317 0.2293, 2.0965 -3.3222 0.2256, 2.1004 -3.3222 0.2256, 2.0965 -3.3192 0.2238, 2.1004 -3.3192 0.2238, 2.1004 -3.3192 0.2401, 2.0965 -3.3192 0.2401, 2.0965 -3.33 0.2432, 2.1004 -3.33 0.2432, 2.0965 -3.3417 0.2443, 2.1004 -3.3417 0.2443, 2.0965 -3.3552 0.2427, 2.1004 -3.3552 0.2427, 2.0965 -3.3641 0.2392, 2.1004 -3.3641 0.2392, 2.0965 -3.3681 0.2367, 2.1004 -3.3681 0.2367, 2.1004 -3.3733 0.232, 2.0965 -3.3712 0.2339, 2.0965 -3.3733 0.232, 2.0965 -3.3763 0.2275, 2.1004 -3.3763 0.2275, 2.0965 -3.3783 0.2221, 2.1004 -3.3783 0.2221, 2.0965 -3.3789 0.2164, 2.1004 -3.3789 0.2164, 2.0965 -3.3781 0.2096, 2.1004 -3.3781 0.2096, 2.0965 -3.3761 0.2045, 2.1004 -3.3761 0.2045, 2.0965 -3.3741 0.2013, 2.1004 -3.3741 0.2013, 2.0965 -3.3535 0.1887, 2.1004 -3.3535 0.1887, 2.1004 -3.3635 0.1933, 2.0965 -3.3714 0.1984, 2.1004 -3.3714 0.1984, 2.0965 -3.3712 0.1984, 2.0965 -3.3635 0.1933, 2.0965 -3.3426 0.1841, 2.1004 -3.3426 0.1841, 2.0965 -3.336 0.1802, 2.1004 -3.336 0.1802, 2.0965 -3.334 0.178, 2.1004 -3.334 0.178, 2.0965 -3.3327 0.1758, 2.1004 -3.3327 0.1758, 2.0965 -3.3319 0.1732, 2.1004 -3.3319 0.1732, 2.0965 -3.3317 0.1711, 2.1004 -3.3317 0.1711, 2.0965 -3.3321 0.1679, 2.1004 -3.3321 0.1679, 2.0965 -3.3329 0.1655, 2.1004 -3.3329 0.1655, 2.0965 -3.3344 0.1634, 2.1004 -3.3344 0.1634, 2.0965 -3.3363 0.1617, 2.1004 -3.3363 0.1617, 2.0965 -3.3378 0.1607, 2.1004 -3.3378 0.1607, 2.0965 -3.3422 0.1592, 2.1004 -3.3422 0.1592, 2.0965 -3.3507 0.1582, 2.1004 -3.3507 0.1582, 2.1004 -3.2317 0.2421, 2.1004 -3.2144 0.2421, 2.0965 -3.2317 0.2421, 2.0965 -3.2144 0.2421, 2.1004 -3.2578 0.1703, 2.0965 -3.2578 0.1703, 2.0965 -3.259 0.1659, 2.1004 -3.259 0.1659, 2.0965 -3.2598 0.1626, 2.1004 -3.2598 0.1626, 2.1004 -3.2602 0.1626, 2.0965 -3.2602 0.1626, 2.1004 -3.2623 0.1705, 2.0965 -3.2623 0.1705, 2.0965 -3.2872 0.2421, 2.1004 -3.2872 0.2421, 2.0965 -3.2791 0.2189, 2.1004 -3.3059 0.2421, 2.0965 -3.3059 0.2421, 2.0965 -3.2685 0.147, 2.1004 -3.2685 0.147, 2.0965 -3.2791 0.174, 2.0965 -3.2758 0.1297, 2.1004 -3.2758 0.1297, 2.0965 -3.2691 0.1457, 2.0965 -3.2791 0.1238, 2.1004 -3.2794 0.1233, 2.0965 -3.2794 0.1233, 2.0965 -3.2825 0.1199, 2.1004 -3.2825 0.1199, 2.0965 -3.2843 0.1186, 2.1004 -3.2843 0.1186, 2.0965 -3.2878 0.117, 2.1004 -3.2878 0.117, 2.0965 -3.2916 0.1163, 2.1004 -3.2916 0.1163, 2.0965 -3.293 0.1162, 2.1004 -3.293 0.1162, 2.0965 -3.299 0.117, 2.1004 -3.299 0.117, 2.0965 -3.3024 0.1181, 2.1004 -3.3024 0.1181, 2.1004 -3.3024 0.1033, 2.0965 -3.3024 0.1033, 2.0965 -3.2956 0.1021, 2.1004 -3.2956 0.1021, 2.0965 -3.2917 0.1019, 2.1004 -3.2917 0.1019, 2.0965 -3.2848 0.1027, 2.1004 -3.2848 0.1027, 2.0965 -3.2791 0.1049, 2.1004 -3.2782 0.1052, 2.0965 -3.2782 0.1052, 2.0965 -3.2724 0.1093, 2.1004 -3.2724 0.1093, 2.0965 -3.2716 0.1101, 2.1004 -3.2716 0.1101, 2.0965 -3.2654 0.1174, 2.1004 -3.2654 0.1174, 2.0965 -3.2577 0.1324, 2.1004 -3.2577 0.1324, 2.0965 -3.2524 0.1457, 2.1004 -3.1246 0.162, 2.1004 -3.1246 0.1468, 2.0965 -3.1246 0.162, 2.0965 -3.1246 0.1468, 2.0965 -3.1792 0.162, 2.1004 -3.1792 0.162, 2.0965 -3.1542 0.162, 2.1004 -3.1792 0.2069, 2.0965 -3.1792 0.2069, 2.0965 -3.1314 0.2069, 2.1004 -3.1314 0.2069, 2.0965 -3.1542 0.2069, 2.1004 -3.1314 0.2222, 2.0965 -3.1314 0.2222, 2.0965 -3.1792 0.2222, 2.1004 -3.1792 0.2222, 2.0965 -3.1542 0.2222, 2.1004 -3.1792 0.2649, 2.0965 -3.1792 0.2649, 2.0965 -3.1276 0.2649, 2.1004 -3.1276 0.2649, 2.0965 -3.1542 0.2649, 2.1004 -3.1276 0.2802, 2.0965 -3.1276 0.2802, 2.0965 -3.1964 0.2802, 2.1004 -3.1964 0.2802, 2.0965 -3.1542 0.2802, 2.1004 -3.1964 0.1468, 2.0965 -3.1964 0.1468, 2.0965 -3.1542 0.1468, 2.1004 -3.0165 0.1842, 2.1004 -3.0231 0.1759, 2.1004 -3.0109 0.1655, 2.1004 -3.0256 0.1737, 2.1004 -3.0246 0.1556, 2.1004 -3.0344 0.1679, 2.1004 -3.0398 0.1496, 2.1004 -3.0458 0.1638, 2.1004 -3.0627 0.1468, 2.1004 -3.0628 0.162, 2.1004 -3.0994 0.1468, 2.1004 -3.0822 0.162, 2.1004 -3.0994 0.2802, 2.1004 -3.0822 0.2649, 2.1004 -3.0613 0.2802, 2.1004 -3.062 0.2649, 2.1004 -3.041 0.278, 2.1004 -3.0448 0.263, 2.1004 -3.0249 0.2721, 2.1004 -3.0333 0.2588, 2.1004 -3.0109 0.2626, 2.1004 -3.0235 0.2523, 2.1004 -3.0063 0.2581, 2.1004 -3.0191 0.2479, 2.1004 -2.998 0.2465, 2.1004 -3.0141 0.2402, 2.1004 -2.993 0.2338, 2.1004 -3.0105 0.2301, 2.1004 -2.9908 0.2152, 2.1004 -3.0089 0.2147, 2.1004 -2.9912 0.2068, 2.1004 -3.0093 0.2063, 2.1004 -2.9944 0.1911, 2.1004 -3.0119 0.1941, 2.1004 -3.0009 0.1773, 2.0965 -3.0627 0.1468, 2.0965 -3.0994 0.1468, 2.0965 -3.0398 0.1496, 2.0965 -3.0246 0.1556, 2.0965 -3.0109 0.1655, 2.0965 -3.0009 0.1773, 2.0965 -2.9944 0.1911, 2.0965 -2.9912 0.2068, 2.0965 -2.9908 0.2152, 2.0965 -2.993 0.2338, 2.0965 -2.998 0.2465, 2.0965 -3.0063 0.2581, 2.0965 -3.0109 0.2626, 2.0965 -3.0249 0.2721, 2.0965 -3.041 0.278, 2.0965 -3.0613 0.2802, 2.0965 -3.0994 0.2802, 2.0965 -3.062 0.2649, 2.0965 -3.0822 0.2649, 2.0965 -3.0822 0.162, 2.0965 -3.0628 0.162, 2.0965 -3.0231 0.1759, 2.0965 -3.0256 0.1737, 2.0965 -3.0344 0.1679, 2.0965 -3.0458 0.1638, 2.0965 -3.0089 0.2147, 2.0965 -3.0093 0.2063, 2.0965 -3.0119 0.1941, 2.0965 -3.0165 0.1842, 2.0965 -3.0235 0.2523, 2.0965 -3.0191 0.2479, 2.0965 -3.0141 0.2402, 2.0965 -3.0105 0.2301, 2.0965 -3.0448 0.263, 2.0965 -3.0333 0.2588
            ]
        }
        coordIndex [
            0,1,2,-1,3,4,5,-1,3,5,6,-1,6,5,7,-1,6,7,2,-1,2,7,8,-1,2,8,0,-1,9,1,10,-1,10,1,0,-1,9,10,11,-1,11,10,12,-1,13,14,15,-1,15,14,11,-1,15,11,16,-1,16,11,12,-1,14,13,17,-1,17,13,18,-1,18,19,17,-1,17,19,20,-1,17,20,21,-1,21,20,22,-1,21,22,23,-1,23,22,24,-1,23,24,25,-1,25,24,26,-1,25,26,27,-1,27,26,28,-1,27,28,29,-1,29,28,30,-1,29,30,31,-1,31,30,32,-1,31,32,33,-1,33,32,34,-1,33,34,35,-1,35,34,36,-1,35,36,37,-1,37,36,38,-1,37,38,39,-1,39,38,40,-1,39,40,41,-1,41,40,42,-1,41,42,43,-1,43,42,44,-1,43,44,45,-1,45,44,46,-1,45,46,47,-1,47,46,48,-1,47,48,49,-1,49,48,50,-1,49,50,51,-1,51,50,52,-1,51,52,53,-1,53,52,54,-1,53,54,55,-1,55,54,56,-1,55,56,57,-1,57,56,58,-1,57,58,59,-1,59,58,60,-1,59,60,61,-1,61,60,62,-1,61,62,63,-1,63,62,64,-1,63,64,65,-1,65,64,66,-1,65,66,67,-1,67,66,68,-1,67,68,69,-1,69,68,70,-1,69,70,71,-1,71,70,72,-1,71,72,73,-1,73,72,74,-1,73,74,75,-1,76,75,77,-1,77,75,74,-1,76,77,78,-1,76,78,79,-1,79,78,80,-1,79,80,81,-1,81,80,82,-1,81,82,83,-1,83,82,84,-1,83,84,85,-1,85,84,86,-1,85,86,87,-1,87,86,88,-1,88,86,89,-1,89,90,88,-1,88,90,91,-1,88,91,92,-1,92,91,93,-1,92,93,94,-1,94,93,95,-1,94,95,96,-1,96,95,97,-1,96,97,98,-1,98,97,99,-1,98,99,100,-1,100,99,101,-1,100,101,102,-1,103,104,105,-1,102,101,106,-1,102,106,107,-1,107,106,108,-1,107,108,105,-1,105,108,109,-1,105,109,103,-1,104,103,110,-1,104,110,111,-1,111,110,112,-1,111,112,113,-1,113,112,114,-1,113,114,115,-1,115,114,116,-1,115,116,117,-1,117,116,118,-1,117,118,119,-1,119,118,120,-1,119,120,121,-1,121,120,122,-1,121,122,123,-1,123,122,124,-1,123,124,125,-1,125,124,126,-1,125,126,127,-1,127,126,128,-1,127,128,129,-1,129,128,130,-1,129,130,131,-1,131,130,132,-1,131,132,133,-1,133,132,134,-1,133,134,135,-1,135,134,4,-1,135,4,3,-1,59,61,87,-1,87,61,85,-1,85,61,63,-1,85,63,83,-1,125,25,27,-1,111,43,104,-1,104,43,45,-1,125,27,123,-1,123,27,29,-1,123,29,121,-1,121,29,31,-1,121,31,119,-1,119,31,33,-1,119,33,117,-1,117,33,35,-1,117,35,115,-1,115,35,37,-1,115,37,113,-1,113,37,39,-1,113,39,111,-1,111,39,41,-1,111,41,43,-1,25,125,23,-1,23,125,127,-1,23,127,21,-1,14,3,11,-1,11,3,6,-1,11,6,9,-1,9,6,2,-1,9,2,1,-1,63,65,83,-1,83,65,67,-1,83,67,81,-1,81,67,69,-1,81,69,79,-1,79,69,71,-1,79,71,76,-1,76,71,73,-1,76,73,75,-1,127,129,21,-1,21,129,131,-1,21,131,17,-1,17,131,133,-1,17,133,14,-1,14,133,135,-1,14,135,3,-1,87,88,59,-1,59,88,92,-1,59,92,57,-1,57,92,94,-1,57,94,55,-1,55,94,96,-1,55,96,53,-1,53,96,98,-1,53,98,51,-1,51,98,100,-1,51,100,49,-1,49,100,102,-1,49,102,47,-1,47,102,107,-1,47,107,45,-1,45,107,105,-1,45,105,104,-1,136,137,138,-1,138,137,139,-1,140,136,141,-1,141,136,138,-1,140,141,142,-1,140,142,143,-1,143,142,144,-1,143,144,145,-1,146,145,147,-1,147,145,144,-1,148,146,149,-1,149,146,147,-1,150,151,152,-1,152,151,148,-1,152,148,149,-1,153,151,154,-1,154,151,150,-1,155,156,157,-1,157,156,153,-1,157,153,154,-1,158,159,160,-1,160,159,156,-1,160,156,155,-1,158,161,159,-1,159,161,162,-1,161,163,162,-1,162,163,164,-1,162,164,165,-1,165,164,166,-1,165,166,167,-1,167,166,168,-1,167,168,169,-1,169,168,170,-1,169,170,171,-1,171,170,172,-1,171,172,173,-1,173,172,174,-1,173,174,175,-1,175,174,176,-1,175,176,177,-1,178,177,179,-1,179,177,176,-1,178,179,180,-1,178,180,181,-1,181,180,182,-1,181,182,183,-1,183,182,184,-1,183,184,185,-1,185,184,186,-1,185,186,187,-1,186,188,187,-1,187,188,189,-1,187,189,190,-1,190,189,191,-1,190,191,192,-1,192,191,193,-1,192,193,194,-1,194,193,195,-1,194,195,196,-1,139,137,197,-1,197,137,196,-1,197,196,195,-1,143,145,196,-1,175,177,178,-1,137,136,196,-1,196,136,140,-1,196,140,143,-1,151,153,148,-1,148,153,156,-1,148,156,146,-1,145,146,196,-1,196,146,156,-1,196,156,194,-1,175,178,173,-1,173,178,181,-1,173,181,171,-1,171,181,183,-1,171,183,169,-1,169,183,185,-1,169,185,167,-1,167,185,187,-1,167,187,165,-1,156,159,194,-1,194,159,162,-1,194,162,192,-1,192,162,165,-1,192,165,190,-1,190,165,187,-1,198,199,200,-1,200,199,201,-1,202,203,204,-1,204,203,198,-1,204,198,200,-1,205,203,206,-1,206,203,202,-1,207,208,209,-1,209,208,205,-1,209,205,206,-1,210,208,211,-1,211,208,207,-1,212,213,214,-1,214,213,210,-1,214,210,211,-1,215,213,216,-1,216,213,212,-1,217,218,219,-1,219,218,215,-1,219,215,216,-1,220,218,221,-1,221,218,217,-1,222,223,224,-1,224,223,220,-1,224,220,221,-1,225,223,226,-1,226,223,222,-1,201,199,227,-1,227,199,225,-1,227,225,226,-1,218,220,215,-1,215,220,223,-1,215,223,213,-1,199,198,225,-1,225,198,203,-1,225,203,205,-1,208,210,205,-1,205,210,213,-1,205,213,225,-1,225,213,223,-1,228,229,230,-1,230,229,231,-1,230,231,232,-1,232,231,233,-1,232,233,234,-1,234,233,235,-1,234,235,236,-1,236,235,237,-1,236,237,238,-1,238,237,239,-1,238,239,240,-1,240,239,241,-1,240,241,242,-1,242,241,243,-1,242,243,244,-1,244,243,245,-1,244,245,246,-1,246,245,247,-1,246,247,248,-1,248,247,249,-1,248,249,250,-1,250,249,251,-1,250,251,252,-1,252,251,253,-1,252,253,254,-1,254,253,255,-1,254,255,256,-1,256,255,257,-1,256,257,258,-1,258,257,259,-1,258,259,260,-1,260,259,261,-1,260,261,262,-1,262,261,228,-1,262,228,230,-1,236,238,263,-1,263,238,264,-1,236,263,265,-1,236,265,234,-1,234,265,266,-1,234,266,232,-1,232,266,267,-1,232,267,230,-1,230,267,268,-1,230,268,262,-1,262,268,269,-1,262,269,260,-1,260,269,270,-1,260,270,258,-1,258,270,271,-1,258,271,256,-1,256,271,272,-1,256,272,254,-1,254,272,273,-1,254,273,252,-1,252,273,274,-1,252,274,250,-1,250,274,275,-1,250,275,248,-1,248,275,276,-1,248,276,246,-1,246,276,277,-1,246,277,244,-1,244,277,278,-1,244,278,242,-1,240,242,279,-1,279,242,278,-1,238,240,264,-1,264,240,279,-1,243,241,280,-1,280,241,281,-1,241,239,281,-1,281,239,282,-1,239,237,282,-1,282,237,283,-1,229,284,285,-1,229,285,231,-1,231,285,286,-1,231,286,233,-1,233,286,287,-1,233,287,235,-1,235,287,283,-1,235,283,237,-1,257,288,289,-1,257,289,259,-1,259,289,290,-1,259,290,261,-1,261,290,291,-1,261,291,228,-1,228,291,284,-1,228,284,229,-1,249,292,293,-1,249,293,251,-1,251,293,294,-1,251,294,253,-1,253,294,295,-1,253,295,255,-1,255,295,288,-1,255,288,257,-1,243,280,296,-1,243,296,245,-1,245,296,297,-1,245,297,247,-1,247,297,292,-1,247,292,249,-1,
        ]
    }
}
Shape{
    appearance Appearance {
        material  Material 	{
            diffuseColor 0.25098039215686274 0.25098039215686274 0.25098039215686274
            specularColor 0.12549019607843137 0.12549019607843137 0.12549019607843137
            ambientIntensity 0.251
            transparency 0.0
            shininess 0.5
        }
    }
    geometry IndexedFaceSet {
        ccw TRUE
        solid FALSE
        coord DEF co Coordinate {
            point [
                2.0965 -3.0822 0.2649, 2.0965 -3.0822 0.162, 2.0965 -3.062 0.2649, 2.0965 -3.0628 0.162, 2.0965 -3.0458 0.1638, 2.0965 -3.0344 0.1679, 2.0965 -3.0256 0.1737, 2.0965 -3.0231 0.1759, 2.0965 -3.0165 0.1842, 2.0965 -3.0119 0.1941, 2.0965 -3.0093 0.2063, 2.0965 -3.0089 0.2147, 2.0965 -3.0105 0.2301, 2.0965 -3.0141 0.2402, 2.0965 -3.0191 0.2479, 2.0965 -3.0235 0.2523, 2.0965 -3.0448 0.263, 2.0965 -3.0333 0.2588
            ]
        }
        coordIndex [
            0,1,2,-1,2,1,3,-1,2,3,4,-1,4,5,2,-1,2,5,6,-1,2,6,7,-1,7,8,2,-1,2,8,9,-1,2,9,10,-1,10,11,2,-1,2,11,12,-1,2,12,13,-1,13,14,2,-1,2,14,15,-1,2,15,16,-1,16,15,17,-1,
        ]
    }
}
Shape{
    appearance Appearance {
        material  Material 	{
            diffuseColor 1.0 1.0 1.0
            specularColor 0.5019607843137255 0.5019607843137255 0.5019607843137255
            ambientIntensity 1.0
            transparency 0.0
            shininess 0.5
        }
    }
    geometry IndexedFaceSet {
        ccw TRUE
        solid FALSE
        coord DEF co Coordinate {
            point [
                2.1004 -2.946 0.1984, 2.1004 -2.9515 0.1833, 2.1004 -2.9012 0.1984, 2.1004 -2.8959 0.1833, 2.1004 -2.9261 0.2538, 2.1004 -2.9325 0.2802, 2.1004 -2.9834 0.1468, 2.1004 -2.9643 0.1468, 2.1004 -2.9249 0.2578, 2.1004 -2.9239 0.2632, 2.1004 -2.9141 0.2802, 2.1004 -2.9235 0.2632, 2.1004 -2.9224 0.2575, 2.1004 -2.9214 0.2538, 2.1004 -2.8633 0.1468, 2.1004 -2.8823 0.1468, 2.0965 -2.9141 0.2802, 2.0965 -2.8633 0.1468, 2.0965 -2.9325 0.2802, 2.0965 -2.9834 0.1468, 2.0965 -2.9643 0.1468, 2.0965 -2.9515 0.1833, 2.0965 -2.8959 0.1833, 2.0965 -2.8823 0.1468, 2.0965 -2.946 0.1984, 2.0965 -2.9012 0.1984, 2.0965 -2.9214 0.2538, 2.0965 -2.9235 0.2632, 2.0965 -2.9224 0.2575, 2.0965 -2.9239 0.2632, 2.0965 -2.9261 0.2538, 2.0965 -2.9249 0.2578
            ]
        }
        coordIndex [
            0,1,2,-1,2,1,3,-1,4,5,0,-1,0,5,6,-1,0,6,1,-1,1,6,7,-1,4,8,5,-1,5,8,9,-1,5,9,10,-1,10,9,11,-1,10,11,12,-1,12,13,10,-1,10,13,2,-1,10,2,14,-1,14,2,3,-1,14,3,15,-1,10,14,16,-1,16,14,17,-1,5,10,18,-1,18,10,16,-1,6,5,19,-1,19,5,18,-1,7,6,20,-1,20,6,19,-1,1,7,21,-1,21,7,20,-1,3,1,22,-1,22,1,21,-1,15,3,23,-1,23,3,22,-1,14,15,17,-1,17,15,23,-1,0,2,24,-1,24,2,25,-1,2,13,25,-1,25,13,26,-1,11,27,28,-1,11,28,12,-1,12,28,26,-1,12,26,13,-1,11,9,27,-1,27,9,29,-1,4,30,31,-1,4,31,8,-1,8,31,29,-1,8,29,9,-1,4,0,30,-1,30,0,24,-1,
        ]
    }
}
Shape{
    appearance Appearance {
        material  Material 	{
            diffuseColor 0.25098039215686274 0.25098039215686274 0.25098039215686274
            specularColor 0.12549019607843137 0.12549019607843137 0.12549019607843137
            ambientIntensity 0.251
            transparency 0.0
            shininess 0.5
        }
    }
    geometry IndexedFaceSet {
        ccw TRUE
        solid FALSE
        coord DEF co Coordinate {
            point [
                2.0965 -2.9235 0.2632, 2.0965 -2.9239 0.2632, 2.0965 -2.9224 0.2575, 2.0965 -2.9249 0.2578, 2.0965 -2.9214 0.2538, 2.0965 -2.9261 0.2538, 2.0965 -2.9012 0.1984, 2.0965 -2.946 0.1984
            ]
        }
        coordIndex [
            0,1,2,-1,2,1,3,-1,2,3,4,-1,4,3,5,-1,4,5,6,-1,6,5,7,-1,
        ]
    }
}
Shape{
    appearance Appearance {
        material  Material 	{
            diffuseColor 1.0 1.0 1.0
            specularColor 0.5019607843137255 0.5019607843137255 0.5019607843137255
            ambientIntensity 1.0
            transparency 0.0
            shininess 0.5
        }
    }
    geometry IndexedFaceSet {
        ccw TRUE
        solid FALSE
        coord DEF co Coordinate {
            point [
                2.1004 -4.1554 0.1279, 2.1004 -4.1413 0.1105, 2.1004 -4.1639 0.2118, 2.1004 -4.1802 0.3768, 2.1004 -4.1591 0.388, 2.1004 -4.1644 0.4462, 2.1004 -3.997 0.1243, 2.1004 -3.9858 0.1455, 2.1004 -3.9803 0.1689, 2.1004 -4.1269 0.4509, 2.1004 -3.847 0.2583, 2.1004 -3.8764 0.3086, 2.1004 -3.9798 0.1881, 2.1004 -4.0035 0.2422, 2.1004 -3.9798 0.1786, 2.1004 -4.0306 0.0946, 2.1004 -4.0117 0.1078, 2.1004 -4.1006 0.1503, 2.1004 -4.0931 0.145, 2.1004 -4.1227 0.0965, 2.1004 -4.0843 0.1417, 2.1004 -4.0416 0.1923, 2.1004 -4.0391 0.1836, 2.1004 -4.0388 0.1744, 2.1004 -4.0408 0.1653, 2.1004 -4.045 0.157, 2.1004 -4.1051 0.449, 2.1004 -4.0757 0.3797, 2.1004 -4.0631 0.4067, 2.1004 -4.1845 0.2245, 2.1004 -4.177 0.1519, 2.1004 -4.1648 0.1482, 2.1004 -4.0856 0.4717, 2.1004 -4.0425 0.4327, 2.1004 -4.0633 0.4908, 2.1004 -4.0164 0.4526, 2.1004 -4.0403 0.505, 2.1004 -4.1356 0.3935, 2.1004 -4.1259 0.394, 2.1004 -4.116 0.4503, 2.1004 -4.104 0.3913, 2.1004 -4.0827 0.3836, 2.1004 -4.1125 0.1739, 2.1004 -4.1105 0.1651, 2.1004 -4.1065 0.1573, 2.1004 -4.1008 0.0873, 2.1004 -4.0784 0.0838, 2.1004 -4.0757 0.1406, 2.1004 -4.0747 0.0837, 2.1004 -4.0665 0.1418, 2.1004 -4.0518 0.0865, 2.1004 -4.0583 0.145, 2.1004 -4.051 0.15, 2.1004 -3.8562 0.1468, 2.1004 -3.8527 0.1463, 2.1004 -3.8451 0.2042, 2.1004 -3.9965 0.5219, 2.1004 -3.9857 0.4657, 2.1004 -3.9495 0.5278, 2.1004 -3.8204 0.4784, 2.1004 -3.8504 0.4277, 2.1004 -3.7894 0.4426, 2.1004 -3.8309 0.4005, 2.1004 -3.7692 0.4035, 2.1004 -3.8187 0.3688, 2.1004 -3.8157 0.3522, 2.1004 -4.218 0.322, 2.1004 -4.2803 0.306, 2.1004 -4.2208 0.2991, 2.1004 -4.2806 0.2972, 2.1004 -4.2197 0.2847, 2.1004 -4.2759 0.2597, 2.1004 -4.213 0.2614, 2.1004 -4.2623 0.2244, 2.1004 -4.2015 0.242, 2.1004 -4.2407 0.1938, 2.1004 -4.2113 0.1686, 2.1004 -3.8081 0.3522, 2.1004 -3.7901 0.35, 2.1004 -3.762 0.401, 2.1004 -3.7735 0.3436, 2.1004 -3.734 0.3863, 2.1004 -3.7588 0.3334, 2.1004 -3.7087 0.3641, 2.1004 -3.7477 0.321, 2.1004 -3.6899 0.3367, 2.1004 -3.7389 0.3046, 2.1004 -3.6789 0.3076, 2.1004 -3.7345 0.2864, 2.1004 -3.6753 0.2792, 2.1004 -3.7341 0.2782, 2.1004 -3.8024 0.2042, 2.1004 -3.7967 0.1463, 2.1004 -3.7855 0.2074, 2.1004 -3.7679 0.1521, 2.1004 -3.7687 0.2152, 2.1004 -3.7387 0.1655, 2.1004 -3.7547 0.2266, 2.1004 -3.7137 0.1855, 2.1004 -3.7533 0.2281, 2.1004 -3.7104 0.189, 2.1004 -3.7429 0.2429, 2.1004 -3.693 0.2126, 2.1004 -3.7364 0.2598, 2.1004 -3.6804 0.2423, 2.1004 -3.6754 0.2733, 2.1004 -4.1996 0.4326, 2.1004 -4.2297 0.4113, 2.1004 -4.1968 0.3621, 2.1004 -4.236 0.4054, 2.1004 -4.2099 0.3432, 2.1004 -4.259 0.3759, 2.1004 -4.274 0.3417, 2.1004 -4.1122 0.1832, 2.1004 -4.1097 0.1922, 2.1004 -4.1534 0.2323, 2.1004 -4.105 0.2002, 2.1004 -4.1377 0.2502, 2.1004 -4.1004 0.2051, 2.1004 -4.1183 0.2636, 2.1004 -4.0929 0.2103, 2.1004 -4.0973 0.2716, 2.1004 -4.0846 0.2135, 2.1004 -4.0747 0.2744, 2.1004 -4.0757 0.2146, 2.1004 -4.0631 0.2737, 2.1004 -4.0693 0.2141, 2.1004 -4.0402 0.268, 2.1004 -4.0603 0.2113, 2.1004 -4.0201 0.2572, 2.1004 -4.0525 0.2064, 2.1004 -4.0461 0.1999, 2.1004 -3.9541 0.4707, 2.1004 -3.9485 0.4708, 2.1004 -3.9104 0.5236, 2.1004 -3.9195 0.4676, 2.1004 -3.8627 0.5069, 2.1004 -3.8895 0.457, 2.1004 -3.8625 0.4392, 2.1004 -3.8801 0.1787, 2.1004 -3.8802 0.1757, 2.1004 -3.8499 0.2051, 2.1004 -3.8794 0.1692, 2.1004 -3.8771 0.1628, 2.1004 -3.8731 0.1568, 2.1004 -3.869 0.1528, 2.1004 -3.847 0.2045, 2.1004 -3.8626 0.1488, 2.1004 -3.8508 0.2052, 2.1004 -3.8574 0.2044, 2.1004 -3.864 0.202, 2.1004 -3.8699 0.198, 2.1004 -3.8749 0.1926, 2.1004 -3.8783 0.186, 2.0965 -3.7041 0.3574, 2.0965 -3.6899 0.3367, 2.0965 -3.683 0.3182, 2.0965 -3.6789 0.3076, 2.0965 -3.6753 0.2792, 2.0965 -3.7087 0.3641, 2.0965 -3.734 0.3863, 2.0965 -3.762 0.401, 2.0965 -3.7692 0.4035, 2.0965 -3.7894 0.4426, 2.0965 -3.8204 0.4784, 2.0965 -3.8422 0.4931, 2.0965 -3.8627 0.5069, 2.0965 -3.9104 0.5236, 2.0965 -3.9495 0.5278, 2.0965 -3.9965 0.5219, 2.0965 -4.0403 0.505, 2.0965 -4.0596 0.4931, 2.0965 -4.0633 0.4908, 2.0965 -4.0856 0.4717, 2.0965 -4.1051 0.449, 2.0965 -4.116 0.4503, 2.0965 -4.1269 0.4509, 2.0965 -4.1644 0.4462, 2.0965 -4.1996 0.4326, 2.0965 -4.2297 0.4113, 2.0965 -4.236 0.4054, 2.0965 -4.2806 0.2972, 2.0965 -4.259 0.3759, 2.0965 -4.2671 0.3574, 2.0965 -4.274 0.3417, 2.0965 -4.2782 0.3182, 2.0965 -4.2803 0.306, 2.0965 -4.2759 0.2597, 2.0965 -4.2623 0.2244, 2.0965 -4.2407 0.1938, 2.0965 -4.2113 0.1686, 2.0965 -4.177 0.1519, 2.0965 -4.1648 0.1482, 2.0965 -4.1636 0.1457, 2.0965 -4.1554 0.1279, 2.0965 -4.1413 0.1105, 2.0965 -4.1227 0.0965, 2.0965 -4.1139 0.0928, 2.0965 -4.1008 0.0873, 2.0965 -4.0784 0.0838, 2.0965 -4.0747 0.0837, 2.0965 -3.9798 0.1786, 2.0965 -4.0518 0.0865, 2.0965 -4.0354 0.0928, 2.0965 -4.0306 0.0946, 2.0965 -4.0117 0.1078, 2.0965 -3.997 0.1243, 2.0965 -3.9858 0.1455, 2.0965 -3.9858 0.1457, 2.0965 -3.9803 0.1689, 2.0965 -3.9798 0.1881, 2.0965 -3.847 0.2583, 2.0965 -3.8764 0.3086, 2.0965 -4.0035 0.2422, 2.0965 -4.0201 0.2572, 2.0965 -4.0402 0.268, 2.0965 -4.0631 0.2737, 2.0965 -4.0747 0.2744, 2.0965 -4.0973 0.2716, 2.0965 -4.1183 0.2636, 2.0965 -4.1377 0.2502, 2.0965 -4.1534 0.2323, 2.0965 -4.1639 0.2118, 2.0965 -4.1845 0.2245, 2.0965 -4.2015 0.242, 2.0965 -4.213 0.2614, 2.0965 -4.2197 0.2847, 2.0965 -4.2208 0.2991, 2.0965 -4.2185 0.3182, 2.0965 -4.218 0.322, 2.0965 -4.2099 0.3432, 2.0965 -4.2 0.3574, 2.0965 -4.1968 0.3621, 2.0965 -4.1802 0.3768, 2.0965 -4.1591 0.388, 2.0965 -4.1356 0.3935, 2.0965 -4.1259 0.394, 2.0965 -4.104 0.3913, 2.0965 -4.0827 0.3836, 2.0965 -4.0757 0.3797, 2.0965 -4.0631 0.4067, 2.0965 -4.0425 0.4327, 2.0965 -4.0164 0.4526, 2.0965 -3.9857 0.4657, 2.0965 -3.9541 0.4707, 2.0965 -3.9485 0.4708, 2.0965 -3.9195 0.4676, 2.0965 -3.8895 0.457, 2.0965 -3.8625 0.4392, 2.0965 -3.8504 0.4277, 2.0965 -3.8309 0.4005, 2.0965 -3.8187 0.3688, 2.0965 -3.8166 0.3574, 2.0965 -3.8157 0.3522, 2.0965 -3.8081 0.3522, 2.0965 -3.7901 0.35, 2.0965 -3.7735 0.3436, 2.0965 -3.7588 0.3334, 2.0965 -3.7477 0.321, 2.0965 -3.7463 0.3182, 2.0965 -3.7389 0.3046, 2.0965 -3.7345 0.2864, 2.0965 -3.7341 0.2782, 2.0965 -3.7364 0.2598, 2.0965 -3.7429 0.2429, 2.0965 -3.7533 0.2281, 2.0965 -3.7547 0.2266, 2.0965 -3.7687 0.2152, 2.0965 -3.7855 0.2074, 2.0965 -3.8024 0.2042, 2.0965 -3.8451 0.2042, 2.0965 -3.847 0.2045, 2.0965 -3.8499 0.2051, 2.0965 -3.8508 0.2052, 2.0965 -3.8574 0.2044, 2.0965 -3.864 0.202, 2.0965 -3.8699 0.198, 2.0965 -3.8749 0.1926, 2.0965 -3.8783 0.186, 2.0965 -3.8801 0.1787, 2.0965 -3.8802 0.1757, 2.0965 -3.8794 0.1692, 2.0965 -3.8771 0.1628, 2.0965 -3.8731 0.1568, 2.0965 -3.869 0.1528, 2.0965 -3.8626 0.1488, 2.0965 -3.8562 0.1468, 2.0965 -3.8527 0.1463, 2.0965 -3.7967 0.1463, 2.0965 -3.7679 0.1521, 2.0965 -3.7387 0.1655, 2.0965 -3.7137 0.1855, 2.0965 -3.7104 0.189, 2.0965 -3.693 0.2126, 2.0965 -3.6804 0.2423, 2.0965 -3.6754 0.2733, 2.0965 -4.0757 0.2146, 2.0965 -4.0693 0.2141, 2.0965 -4.0603 0.2113, 2.0965 -4.0525 0.2064, 2.0965 -4.0461 0.1999, 2.0965 -4.0416 0.1923, 2.0965 -4.0391 0.1836, 2.0965 -4.0388 0.1744, 2.0965 -4.0408 0.1653, 2.0965 -4.045 0.157, 2.0965 -4.051 0.15, 2.0965 -4.0583 0.145, 2.0965 -4.0665 0.1418, 2.0965 -4.0757 0.1406, 2.0965 -4.0843 0.1417, 2.0965 -4.0931 0.145, 2.0965 -4.1006 0.1503, 2.0965 -4.1065 0.1573, 2.0965 -4.1105 0.1651, 2.0965 -4.1125 0.1739, 2.0965 -4.1122 0.1832, 2.0965 -4.1097 0.1922, 2.0965 -4.105 0.2002, 2.0965 -4.1004 0.2051, 2.0965 -4.0929 0.2103, 2.0965 -4.0846 0.2135
            ]
        }
        coordIndex [
            0,1,2,-1,3,4,5,-1,6,7,8,-1,5,4,9,-1,10,11,12,-1,12,11,13,-1,12,13,14,-1,14,13,15,-1,14,15,8,-1,8,15,16,-1,8,16,6,-1,17,1,18,-1,18,1,19,-1,18,19,20,-1,21,22,13,-1,13,22,23,-1,13,23,15,-1,15,23,24,-1,15,24,25,-1,26,27,28,-1,29,30,2,-1,2,30,31,-1,2,31,0,-1,26,28,32,-1,32,28,33,-1,32,33,34,-1,34,33,35,-1,34,35,36,-1,4,37,9,-1,9,37,38,-1,9,38,39,-1,39,38,40,-1,39,40,26,-1,26,40,41,-1,26,41,27,-1,42,2,43,-1,43,2,1,-1,43,1,44,-1,44,1,17,-1,19,45,20,-1,20,45,46,-1,20,46,47,-1,47,46,48,-1,47,48,49,-1,49,48,50,-1,49,50,51,-1,51,50,15,-1,51,15,52,-1,52,15,25,-1,53,54,55,-1,36,35,56,-1,56,35,57,-1,56,57,58,-1,59,60,61,-1,61,60,62,-1,61,62,63,-1,63,62,64,-1,63,64,65,-1,66,67,68,-1,68,67,69,-1,68,69,70,-1,70,69,71,-1,70,71,72,-1,72,71,73,-1,72,73,74,-1,74,73,75,-1,74,75,29,-1,29,75,76,-1,29,76,30,-1,65,77,63,-1,63,77,78,-1,63,78,79,-1,79,78,80,-1,79,80,81,-1,81,80,82,-1,81,82,83,-1,83,82,84,-1,83,84,85,-1,85,84,86,-1,85,86,87,-1,87,86,88,-1,87,88,89,-1,89,88,90,-1,55,54,91,-1,91,54,92,-1,91,92,93,-1,93,92,94,-1,93,94,95,-1,95,94,96,-1,95,96,97,-1,97,96,98,-1,97,98,99,-1,99,98,100,-1,99,100,101,-1,101,100,102,-1,101,102,103,-1,103,102,104,-1,103,104,90,-1,90,104,105,-1,90,105,89,-1,5,106,3,-1,3,106,107,-1,3,107,108,-1,108,107,109,-1,108,109,110,-1,110,109,111,-1,110,111,66,-1,66,111,112,-1,66,112,67,-1,42,113,2,-1,2,113,114,-1,2,114,115,-1,115,114,116,-1,115,116,117,-1,117,116,118,-1,117,118,119,-1,119,118,120,-1,119,120,121,-1,121,120,122,-1,121,122,123,-1,123,122,124,-1,123,124,125,-1,125,124,126,-1,125,126,127,-1,127,126,128,-1,127,128,129,-1,129,128,130,-1,129,130,13,-1,13,130,131,-1,13,131,21,-1,57,132,58,-1,58,132,133,-1,58,133,134,-1,134,133,135,-1,134,135,136,-1,136,135,137,-1,136,137,59,-1,59,137,138,-1,59,138,60,-1,139,140,141,-1,141,140,142,-1,142,143,141,-1,141,143,144,-1,141,144,145,-1,55,146,53,-1,53,146,141,-1,53,141,147,-1,147,141,145,-1,141,148,139,-1,139,148,149,-1,139,149,150,-1,150,151,139,-1,139,151,152,-1,139,152,153,-1,154,83,155,-1,155,83,85,-1,155,85,156,-1,156,85,87,-1,156,87,157,-1,157,87,89,-1,157,89,158,-1,154,159,83,-1,83,159,160,-1,83,160,81,-1,81,160,161,-1,81,161,79,-1,79,161,162,-1,79,162,63,-1,63,162,163,-1,63,163,61,-1,61,163,164,-1,61,164,59,-1,136,59,165,-1,165,59,164,-1,165,166,136,-1,136,166,167,-1,136,167,134,-1,134,167,168,-1,134,168,58,-1,58,168,169,-1,58,169,56,-1,56,169,170,-1,56,170,36,-1,36,170,34,-1,34,170,171,-1,34,171,172,-1,34,172,173,-1,34,173,32,-1,32,173,174,-1,32,174,26,-1,26,174,175,-1,26,175,39,-1,39,175,176,-1,39,176,9,-1,9,176,177,-1,9,177,5,-1,5,177,178,-1,5,178,106,-1,106,178,179,-1,106,179,107,-1,107,179,180,-1,107,180,109,-1,181,69,67,-1,109,180,182,-1,109,182,111,-1,111,182,183,-1,111,183,112,-1,183,184,112,-1,112,184,185,-1,112,185,67,-1,67,185,186,-1,67,186,181,-1,69,181,187,-1,69,187,71,-1,71,187,188,-1,71,188,73,-1,73,188,189,-1,73,189,75,-1,75,189,190,-1,75,190,76,-1,76,190,191,-1,76,191,30,-1,30,191,192,-1,30,192,31,-1,31,192,193,-1,31,193,0,-1,193,194,0,-1,0,194,195,-1,0,195,1,-1,1,195,196,-1,1,196,19,-1,19,196,197,-1,19,197,45,-1,197,198,45,-1,45,198,199,-1,45,199,46,-1,46,199,200,-1,46,200,48,-1,201,14,8,-1,48,200,202,-1,203,15,202,-1,202,15,50,-1,202,50,48,-1,203,204,15,-1,15,204,205,-1,15,205,16,-1,16,205,206,-1,16,206,6,-1,6,206,207,-1,6,207,7,-1,7,207,208,-1,7,208,8,-1,8,208,209,-1,8,209,201,-1,12,14,210,-1,210,14,201,-1,10,12,211,-1,211,12,210,-1,11,10,212,-1,212,10,211,-1,13,11,213,-1,213,11,212,-1,13,213,214,-1,13,214,129,-1,129,214,215,-1,129,215,127,-1,127,215,216,-1,127,216,125,-1,125,216,217,-1,125,217,123,-1,123,217,218,-1,123,218,121,-1,121,218,219,-1,121,219,119,-1,119,219,220,-1,119,220,117,-1,117,220,221,-1,117,221,115,-1,115,221,222,-1,115,222,2,-1,2,222,223,-1,2,223,29,-1,29,223,224,-1,29,224,74,-1,74,224,225,-1,74,225,72,-1,72,225,226,-1,72,226,70,-1,70,226,227,-1,70,227,68,-1,66,68,227,-1,227,228,66,-1,66,228,229,-1,66,229,230,-1,231,108,230,-1,230,108,110,-1,230,110,66,-1,231,232,108,-1,108,232,233,-1,108,233,3,-1,3,233,234,-1,3,234,4,-1,4,234,235,-1,4,235,37,-1,37,235,236,-1,37,236,38,-1,38,236,237,-1,38,237,40,-1,40,237,238,-1,40,238,41,-1,41,238,239,-1,41,239,27,-1,27,239,240,-1,27,240,28,-1,28,240,241,-1,28,241,33,-1,33,241,242,-1,33,242,35,-1,35,242,243,-1,35,243,57,-1,57,243,244,-1,57,244,132,-1,132,244,245,-1,132,245,133,-1,133,245,246,-1,133,246,135,-1,135,246,247,-1,135,247,137,-1,137,247,248,-1,137,248,138,-1,138,248,249,-1,138,249,60,-1,60,249,250,-1,60,250,62,-1,62,250,251,-1,62,251,64,-1,64,251,65,-1,65,251,252,-1,65,252,253,-1,77,65,254,-1,254,65,253,-1,77,254,255,-1,77,255,78,-1,78,255,256,-1,78,256,80,-1,80,256,257,-1,80,257,82,-1,82,257,258,-1,82,258,84,-1,84,258,259,-1,84,259,86,-1,259,260,86,-1,86,260,261,-1,86,261,88,-1,88,261,262,-1,88,262,90,-1,90,262,263,-1,90,263,103,-1,103,263,264,-1,103,264,101,-1,101,264,265,-1,101,265,99,-1,99,265,266,-1,99,266,97,-1,97,266,267,-1,97,267,95,-1,95,267,268,-1,95,268,93,-1,93,268,269,-1,93,269,91,-1,55,91,270,-1,270,91,269,-1,55,270,271,-1,55,271,146,-1,146,271,272,-1,146,272,141,-1,141,272,273,-1,141,273,148,-1,148,273,274,-1,148,274,149,-1,149,274,275,-1,149,275,150,-1,150,275,276,-1,150,276,151,-1,151,276,277,-1,151,277,152,-1,152,277,278,-1,152,278,153,-1,153,278,279,-1,153,279,139,-1,139,279,280,-1,139,280,140,-1,140,280,281,-1,140,281,142,-1,142,281,282,-1,142,282,143,-1,143,282,283,-1,143,283,144,-1,144,283,284,-1,144,284,145,-1,145,284,285,-1,145,285,147,-1,147,285,286,-1,147,286,53,-1,53,286,287,-1,53,287,54,-1,92,54,288,-1,288,54,287,-1,92,288,289,-1,92,289,94,-1,94,289,290,-1,94,290,96,-1,96,290,291,-1,96,291,98,-1,98,291,292,-1,98,292,100,-1,100,292,293,-1,100,293,102,-1,102,293,294,-1,102,294,104,-1,104,294,295,-1,104,295,105,-1,105,295,158,-1,105,158,89,-1,124,296,297,-1,124,297,126,-1,126,297,298,-1,126,298,128,-1,128,298,299,-1,128,299,130,-1,130,299,300,-1,130,300,131,-1,131,300,301,-1,131,301,21,-1,21,301,302,-1,21,302,22,-1,22,302,303,-1,22,303,23,-1,23,303,304,-1,23,304,24,-1,24,304,305,-1,24,305,25,-1,25,305,306,-1,25,306,52,-1,52,306,307,-1,52,307,51,-1,51,307,308,-1,51,308,49,-1,49,308,309,-1,49,309,47,-1,47,309,310,-1,47,310,20,-1,20,310,311,-1,20,311,18,-1,18,311,312,-1,18,312,17,-1,17,312,313,-1,17,313,44,-1,44,313,314,-1,44,314,43,-1,43,314,315,-1,43,315,42,-1,42,315,316,-1,42,316,113,-1,113,316,317,-1,113,317,114,-1,114,317,318,-1,114,318,116,-1,116,318,319,-1,116,319,118,-1,118,319,320,-1,118,320,120,-1,120,320,321,-1,120,321,122,-1,122,321,296,-1,122,296,124,-1,
        ]
    }
}
Shape{
    appearance Appearance {
        material  Material 	{
            diffuseColor 0.25098039215686274 0.25098039215686274 0.25098039215686274
            specularColor 0.12549019607843137 0.12549019607843137 0.12549019607843137
            ambientIntensity 0.251
            transparency 0.0
            shininess 0.5
        }
    }
    geometry IndexedFaceSet {
        ccw TRUE
        solid FALSE
        coord DEF co Coordinate {
            point [
                2.0965 -4.0757 0.1406, 2.0965 -4.1004 0.2051, 2.0965 -4.105 0.2002, 2.0965 -4.0757 0.2146, 2.0965 -4.0693 0.2141, 2.0965 -4.0665 0.1418, 2.0965 -4.0846 0.2135, 2.0965 -4.0929 0.2103, 2.0965 -4.051 0.15, 2.0965 -4.0461 0.1999, 2.0965 -4.0525 0.2064, 2.0965 -4.1105 0.1651, 2.0965 -4.1065 0.1573, 2.0965 -4.1006 0.1503, 2.0965 -4.0583 0.145, 2.0965 -4.0603 0.2113, 2.0965 -4.1097 0.1922, 2.0965 -4.1122 0.1832, 2.0965 -4.1125 0.1739, 2.0965 -4.0931 0.145, 2.0965 -4.0843 0.1417, 2.0965 -4.0408 0.1653, 2.0965 -4.0388 0.1744, 2.0965 -4.045 0.157, 2.0965 -4.0391 0.1836, 2.0965 -4.0416 0.1923
            ]
        }
        coordIndex [
            0,1,2,-1,3,0,4,-1,4,0,5,-1,3,6,0,-1,0,6,7,-1,0,7,1,-1,8,9,10,-1,11,12,2,-1,2,12,13,-1,5,14,4,-1,4,14,8,-1,4,8,15,-1,15,8,10,-1,16,17,2,-1,2,17,18,-1,2,18,11,-1,13,19,2,-1,2,19,20,-1,2,20,0,-1,21,22,23,-1,23,22,24,-1,23,24,8,-1,8,24,25,-1,8,25,9,-1,
        ]
    }
}
Shape{
    appearance Appearance {
        material  Material 	{
            diffuseColor 0.8274509803921568 0.6666666666666666 0.12941176470588237
            specularColor 0.4117647058823529 0.3333333333333333 0.06666666666666667
            ambientIntensity 0.6535
            transparency 0.0
            shininess 0.5
        }
    }
    geometry IndexedFaceSet {
        ccw TRUE
        solid FALSE
        coord DEF co Coordinate {
            point [
                0.2431 -1.0658 0.4213, 0.2431 -1.0658 0.5787, 0.372 -1.0658 0.4213, 0.372 -1.0658 0.5787, 0.286 -1.7566 0.5787, 0.286 -1.7566 0.4213, 0.2879 -1.7023 0.5787, 0.2879 -1.7023 0.4213, 0.3035 -1.6502 0.5787, 0.3035 -1.6502 0.4213, 0.3318 -1.6038 0.5787, 0.3318 -1.6038 0.4213, 0.3709 -1.5661 0.5787, 0.3709 -1.5661 0.4213, 0.4183 -1.5395 0.5787, 0.4183 -1.5395 0.4213, 0.4709 -1.5257 0.5787, 0.4709 -1.5257 0.4213, 0.5252 -1.5257 0.5787, 0.5252 -1.5257 0.4213, 0.5778 -1.5395 0.5787, 0.5778 -1.5395 0.4213, 0.6252 -1.5661 0.5787, 0.6252 -1.5661 0.4213, 0.6643 -1.6038 0.5787, 0.6643 -1.6038 0.4213, 0.6926 -1.6502 0.5787, 0.6926 -1.6502 0.4213, 0.7082 -1.7023 0.5787, 0.7082 -1.7023 0.4213, 0.7101 -1.7566 0.5787, 0.7101 -1.7566 0.4213, 0.5861 -3.0954 0.5787, 0.5861 -3.0954 0.4213, 0.5861 -3.1027 0.4213, 0.5861 -3.1027 0.5787, 0.5875 -3.1099 0.4213, 0.5875 -3.1099 0.5787, 0.6433 -3.304 0.5787, 0.6433 -3.304 0.4213, 0.6472 -3.3131 0.4213, 0.6472 -3.3131 0.5787, 0.6532 -3.3209 0.4213, 0.6532 -3.3209 0.5787, 0.661 -3.3269 0.4213, 0.661 -3.3269 0.5787, 0.6701 -3.3309 0.4213, 0.6701 -3.3309 0.5787, 0.6798 -3.3324 0.4213, 0.6798 -3.3324 0.5787, 0.6897 -3.3315 0.4213, 0.6897 -3.3315 0.5787, 0.699 -3.3282 0.4213, 0.699 -3.3282 0.5787, 0.7072 -3.3226 0.4213, 0.7072 -3.3226 0.5787, 0.7137 -3.3152 0.4213, 0.7137 -3.3152 0.5787, 0.7182 -3.3064 0.4213, 0.7182 -3.3064 0.5787, 0.7203 -3.2967 0.4213, 0.7203 -3.2967 0.5787, 0.753 -2.9446 0.5787, 0.753 -2.9446 0.4213, 0.753 -1.0658 0.5787, 0.753 -1.0658 0.4213, 0.624 -1.0658 0.5787, 0.624 -1.0658 0.4213, 0.2431 -2.9446 0.5787, 0.2431 -2.9446 0.4213, 0.2757 -3.2967 0.5787, 0.2757 -3.2967 0.4213, 0.2779 -3.3064 0.4213, 0.2779 -3.3064 0.5787, 0.2824 -3.3152 0.4213, 0.2824 -3.3152 0.5787, 0.2889 -3.3226 0.4213, 0.2889 -3.3226 0.5787, 0.2971 -3.3282 0.4213, 0.2971 -3.3282 0.5787, 0.3064 -3.3315 0.4213, 0.3064 -3.3315 0.5787, 0.3162 -3.3324 0.4213, 0.3162 -3.3324 0.5787, 0.326 -3.3309 0.4213, 0.326 -3.3309 0.5787, 0.335 -3.3269 0.4213, 0.335 -3.3269 0.5787, 0.3428 -3.3209 0.4213, 0.3428 -3.3209 0.5787, 0.3489 -3.3131 0.4213, 0.3489 -3.3131 0.5787, 0.3528 -3.304 0.4213, 0.3528 -3.304 0.5787, 0.4086 -3.1099 0.5787, 0.4086 -3.1099 0.4213, 0.4099 -3.1027 0.4213, 0.4099 -3.1027 0.5787, 0.4099 -3.0954 0.4213, 0.4099 -3.0954 0.5787, 0.624 -0.5706 0.5787, 0.372 -0.5706 0.5787, 0.372 -0.5706 0.4213, 0.624 -0.5706 0.4213, 0.624 -0.1526 0.0, 0.372 -0.1526 0.0, 0.624 0.1386 0.0, 0.372 0.1386 0.0, 0.581 0.2567 0.0, 0.415 0.2567 0.0, 0.581 0.2567 0.1575, 0.415 0.2567 0.1575, 0.624 0.1386 0.1575, 0.372 0.1386 0.1575, 0.624 -0.1526 0.1575, 0.372 -0.1526 0.1575, 0.624 -0.162 0.1586, 0.372 -0.162 0.1586, 0.624 -0.1708 0.1619, 0.372 -0.1708 0.1619, 0.624 -0.1786 0.1673, 0.372 -0.1786 0.1673, 0.624 -0.1849 0.1743, 0.372 -0.1849 0.1743, 0.624 -0.4093 0.4948, 0.372 -0.4093 0.4948, 0.372 -0.4408 0.5299, 0.624 -0.4408 0.5299, 0.372 -0.4797 0.5565, 0.624 -0.4797 0.5565, 0.372 -0.5238 0.5731, 0.624 -0.5238 0.5731, 0.624 -0.5612 0.4201, 0.372 -0.5612 0.4201, 0.624 -0.5524 0.4168, 0.372 -0.5524 0.4168, 0.624 -0.5446 0.4115, 0.372 -0.5446 0.4115, 0.624 -0.5383 0.4045, 0.372 -0.5383 0.4045, 0.624 -0.3139 0.0839, 0.372 -0.3139 0.0839, 0.372 -0.2824 0.0489, 0.624 -0.2824 0.0489, 0.372 -0.2435 0.0222, 0.624 -0.2435 0.0222, 0.372 -0.1994 0.0056, 0.624 -0.1994 0.0056, 1.2431 -1.0658 0.4213, 1.2431 -1.0658 0.5787, 1.372 -1.0658 0.4213, 1.372 -1.0658 0.5787, 1.286 -1.7566 0.5787, 1.286 -1.7566 0.4213, 1.2879 -1.7023 0.5787, 1.2879 -1.7023 0.4213, 1.3035 -1.6502 0.5787, 1.3035 -1.6502 0.4213, 1.3318 -1.6038 0.5787, 1.3318 -1.6038 0.4213, 1.3709 -1.5661 0.5787, 1.3709 -1.5661 0.4213, 1.4183 -1.5395 0.5787, 1.4183 -1.5395 0.4213, 1.4709 -1.5257 0.5787, 1.4709 -1.5257 0.4213, 1.5252 -1.5257 0.5787, 1.5252 -1.5257 0.4213, 1.5778 -1.5395 0.5787, 1.5778 -1.5395 0.4213, 1.6252 -1.5661 0.5787, 1.6252 -1.5661 0.4213, 1.6643 -1.6038 0.5787, 1.6643 -1.6038 0.4213, 1.6926 -1.6502 0.5787, 1.6926 -1.6502 0.4213, 1.7082 -1.7023 0.5787, 1.7082 -1.7023 0.4213, 1.7101 -1.7566 0.5787, 1.7101 -1.7566 0.4213, 1.5861 -3.0954 0.5787, 1.5861 -3.0954 0.4213, 1.5861 -3.1027 0.4213, 1.5861 -3.1027 0.5787, 1.5875 -3.1099 0.4213, 1.5875 -3.1099 0.5787, 1.6433 -3.304 0.5787, 1.6433 -3.304 0.4213, 1.6472 -3.3131 0.4213, 1.6472 -3.3131 0.5787, 1.6532 -3.3209 0.4213, 1.6532 -3.3209 0.5787, 1.661 -3.3269 0.4213, 1.661 -3.3269 0.5787, 1.6701 -3.3309 0.4213, 1.6701 -3.3309 0.5787, 1.6798 -3.3324 0.4213, 1.6798 -3.3324 0.5787, 1.6897 -3.3315 0.4213, 1.6897 -3.3315 0.5787, 1.699 -3.3282 0.4213, 1.699 -3.3282 0.5787, 1.7072 -3.3226 0.4213, 1.7072 -3.3226 0.5787, 1.7137 -3.3152 0.4213, 1.7137 -3.3152 0.5787, 1.7182 -3.3064 0.4213, 1.7182 -3.3064 0.5787, 1.7203 -3.2967 0.4213, 1.7203 -3.2967 0.5787, 1.753 -2.9446 0.5787, 1.753 -2.9446 0.4213, 1.753 -1.0658 0.5787, 1.753 -1.0658 0.4213, 1.624 -1.0658 0.5787, 1.624 -1.0658 0.4213, 1.2431 -2.9446 0.5787, 1.2431 -2.9446 0.4213, 1.2757 -3.2967 0.5787, 1.2757 -3.2967 0.4213, 1.2779 -3.3064 0.4213, 1.2779 -3.3064 0.5787, 1.2824 -3.3152 0.4213, 1.2824 -3.3152 0.5787, 1.2889 -3.3226 0.4213, 1.2889 -3.3226 0.5787, 1.2971 -3.3282 0.4213, 1.2971 -3.3282 0.5787, 1.3064 -3.3315 0.4213, 1.3064 -3.3315 0.5787, 1.3162 -3.3324 0.4213, 1.3162 -3.3324 0.5787, 1.326 -3.3309 0.4213, 1.326 -3.3309 0.5787, 1.335 -3.3269 0.4213, 1.335 -3.3269 0.5787, 1.3428 -3.3209 0.4213, 1.3428 -3.3209 0.5787, 1.3489 -3.3131 0.4213, 1.3489 -3.3131 0.5787, 1.3528 -3.304 0.4213, 1.3528 -3.304 0.5787, 1.4086 -3.1099 0.5787, 1.4086 -3.1099 0.4213, 1.4099 -3.1027 0.4213, 1.4099 -3.1027 0.5787, 1.4099 -3.0954 0.4213, 1.4099 -3.0954 0.5787, 1.624 -0.5706 0.5787, 1.372 -0.5706 0.5787, 1.372 -0.5706 0.4213, 1.624 -0.5706 0.4213, 1.624 -0.1526 0.0, 1.372 -0.1526 0.0, 1.624 0.1386 0.0, 1.372 0.1386 0.0, 1.581 0.2567 0.0, 1.415 0.2567 0.0, 1.581 0.2567 0.1575, 1.415 0.2567 0.1575, 1.624 0.1386 0.1575, 1.372 0.1386 0.1575, 1.624 -0.1526 0.1575, 1.372 -0.1526 0.1575, 1.624 -0.162 0.1586, 1.372 -0.162 0.1586, 1.624 -0.1708 0.1619, 1.372 -0.1708 0.1619, 1.624 -0.1786 0.1673, 1.372 -0.1786 0.1673, 1.624 -0.1849 0.1743, 1.372 -0.1849 0.1743, 1.624 -0.4093 0.4948, 1.372 -0.4093 0.4948, 1.372 -0.4408 0.5299, 1.624 -0.4408 0.5299, 1.372 -0.4797 0.5565, 1.624 -0.4797 0.5565, 1.372 -0.5238 0.5731, 1.624 -0.5238 0.5731, 1.624 -0.5612 0.4201, 1.372 -0.5612 0.4201, 1.624 -0.5524 0.4168, 1.372 -0.5524 0.4168, 1.624 -0.5446 0.4115, 1.372 -0.5446 0.4115, 1.624 -0.5383 0.4045, 1.372 -0.5383 0.4045, 1.624 -0.3139 0.0839, 1.372 -0.3139 0.0839, 1.372 -0.2824 0.0489, 1.624 -0.2824 0.0489, 1.372 -0.2435 0.0222, 1.624 -0.2435 0.0222, 1.372 -0.1994 0.0056, 1.624 -0.1994 0.0056
            ]
        }
        coordIndex [
            0,1,2,-1,2,1,3,-1,4,5,6,-1,6,5,7,-1,6,7,8,-1,8,7,9,-1,8,9,10,-1,10,9,11,-1,10,11,12,-1,12,11,13,-1,12,13,14,-1,14,13,15,-1,14,15,16,-1,16,15,17,-1,16,17,18,-1,18,17,19,-1,18,19,20,-1,20,19,21,-1,20,21,22,-1,22,21,23,-1,22,23,24,-1,24,23,25,-1,24,25,26,-1,26,25,27,-1,26,27,28,-1,28,27,29,-1,28,29,30,-1,30,29,31,-1,32,30,33,-1,33,30,31,-1,32,33,34,-1,32,34,35,-1,35,34,36,-1,35,36,37,-1,38,37,39,-1,39,37,36,-1,38,39,40,-1,38,40,41,-1,41,40,42,-1,41,42,43,-1,43,42,44,-1,43,44,45,-1,45,44,46,-1,45,46,47,-1,47,46,48,-1,47,48,49,-1,49,48,50,-1,49,50,51,-1,51,50,52,-1,51,52,53,-1,53,52,54,-1,53,54,55,-1,55,54,56,-1,55,56,57,-1,57,56,58,-1,57,58,59,-1,59,58,60,-1,59,60,61,-1,62,61,63,-1,63,61,60,-1,64,62,65,-1,65,62,63,-1,66,64,67,-1,67,64,65,-1,68,1,69,-1,69,1,0,-1,70,68,71,-1,71,68,69,-1,70,71,72,-1,70,72,73,-1,73,72,74,-1,73,74,75,-1,75,74,76,-1,75,76,77,-1,77,76,78,-1,77,78,79,-1,79,78,80,-1,79,80,81,-1,81,80,82,-1,81,82,83,-1,83,82,84,-1,83,84,85,-1,85,84,86,-1,85,86,87,-1,87,86,88,-1,87,88,89,-1,89,88,90,-1,89,90,91,-1,91,90,92,-1,91,92,93,-1,94,93,95,-1,95,93,92,-1,94,95,96,-1,94,96,97,-1,97,96,98,-1,97,98,99,-1,4,99,5,-1,5,99,98,-1,66,12,14,-1,32,62,30,-1,30,62,64,-1,30,64,28,-1,100,101,66,-1,66,101,3,-1,68,4,1,-1,1,4,6,-1,1,6,3,-1,3,6,8,-1,3,8,66,-1,66,8,10,-1,66,10,12,-1,14,16,66,-1,66,16,18,-1,66,18,64,-1,64,18,20,-1,64,20,22,-1,22,24,64,-1,64,24,26,-1,64,26,28,-1,94,97,68,-1,68,97,99,-1,68,99,4,-1,41,43,61,-1,94,68,93,-1,93,68,70,-1,93,70,73,-1,73,75,93,-1,93,75,77,-1,93,77,79,-1,32,35,62,-1,62,35,37,-1,62,37,61,-1,61,37,38,-1,61,38,41,-1,89,83,87,-1,87,83,85,-1,79,81,93,-1,93,81,83,-1,93,83,91,-1,91,83,89,-1,43,45,61,-1,61,45,47,-1,61,47,59,-1,51,53,49,-1,49,53,55,-1,49,55,47,-1,47,55,57,-1,47,57,59,-1,23,21,2,-1,21,19,2,-1,2,19,17,-1,2,17,0,-1,0,17,15,-1,102,103,2,-1,2,103,67,-1,34,33,63,-1,63,33,31,-1,63,31,65,-1,65,31,29,-1,65,29,67,-1,67,29,27,-1,67,27,2,-1,2,27,25,-1,2,25,23,-1,15,13,0,-1,0,13,11,-1,0,11,9,-1,42,40,60,-1,60,40,39,-1,60,39,63,-1,63,39,36,-1,63,36,34,-1,9,7,0,-1,0,7,5,-1,0,5,69,-1,69,5,98,-1,58,46,60,-1,60,46,44,-1,60,44,42,-1,58,56,46,-1,46,56,54,-1,46,54,48,-1,48,54,52,-1,48,52,50,-1,78,76,92,-1,92,76,74,-1,98,96,69,-1,69,96,95,-1,69,95,71,-1,71,95,92,-1,71,92,72,-1,72,92,74,-1,90,88,82,-1,82,88,86,-1,82,86,84,-1,90,82,92,-1,92,82,80,-1,92,80,78,-1,104,105,106,-1,106,105,107,-1,106,107,108,-1,108,107,109,-1,108,109,110,-1,110,109,111,-1,110,111,112,-1,112,111,113,-1,112,113,114,-1,114,113,115,-1,114,115,116,-1,116,115,117,-1,116,117,118,-1,118,117,119,-1,118,119,120,-1,120,119,121,-1,120,121,122,-1,122,121,123,-1,124,122,125,-1,125,122,123,-1,124,125,126,-1,124,126,127,-1,127,126,128,-1,127,128,129,-1,129,128,130,-1,129,130,131,-1,131,130,101,-1,131,101,100,-1,103,102,132,-1,132,102,133,-1,132,133,134,-1,134,133,135,-1,134,135,136,-1,136,135,137,-1,136,137,138,-1,138,137,139,-1,140,138,141,-1,141,138,139,-1,140,141,142,-1,140,142,143,-1,143,142,144,-1,143,144,145,-1,145,144,146,-1,145,146,147,-1,147,146,105,-1,147,105,104,-1,106,112,104,-1,104,112,114,-1,104,114,147,-1,147,114,116,-1,147,116,145,-1,145,116,118,-1,145,118,143,-1,143,118,120,-1,143,120,140,-1,140,120,122,-1,140,122,138,-1,138,122,124,-1,138,124,136,-1,136,124,127,-1,136,127,134,-1,134,127,129,-1,134,129,132,-1,132,129,131,-1,132,131,103,-1,103,131,100,-1,103,100,67,-1,67,100,66,-1,113,107,115,-1,115,107,105,-1,115,105,117,-1,117,105,146,-1,117,146,119,-1,119,146,144,-1,119,144,121,-1,121,144,142,-1,121,142,123,-1,123,142,141,-1,123,141,125,-1,125,141,139,-1,125,139,126,-1,126,139,137,-1,126,137,128,-1,128,137,135,-1,128,135,130,-1,130,135,133,-1,130,133,101,-1,101,133,102,-1,101,102,3,-1,3,102,2,-1,106,108,112,-1,112,108,110,-1,109,107,111,-1,111,107,113,-1,148,149,150,-1,150,149,151,-1,152,153,154,-1,154,153,155,-1,154,155,156,-1,156,155,157,-1,156,157,158,-1,158,157,159,-1,158,159,160,-1,160,159,161,-1,160,161,162,-1,162,161,163,-1,162,163,164,-1,164,163,165,-1,164,165,166,-1,166,165,167,-1,166,167,168,-1,168,167,169,-1,168,169,170,-1,170,169,171,-1,170,171,172,-1,172,171,173,-1,172,173,174,-1,174,173,175,-1,174,175,176,-1,176,175,177,-1,176,177,178,-1,178,177,179,-1,180,178,181,-1,181,178,179,-1,180,181,182,-1,180,182,183,-1,183,182,184,-1,183,184,185,-1,186,185,187,-1,187,185,184,-1,186,187,188,-1,186,188,189,-1,189,188,190,-1,189,190,191,-1,191,190,192,-1,191,192,193,-1,193,192,194,-1,193,194,195,-1,195,194,196,-1,195,196,197,-1,197,196,198,-1,197,198,199,-1,199,198,200,-1,199,200,201,-1,201,200,202,-1,201,202,203,-1,203,202,204,-1,203,204,205,-1,205,204,206,-1,205,206,207,-1,207,206,208,-1,207,208,209,-1,210,209,211,-1,211,209,208,-1,212,210,213,-1,213,210,211,-1,214,212,215,-1,215,212,213,-1,216,149,217,-1,217,149,148,-1,218,216,219,-1,219,216,217,-1,218,219,220,-1,218,220,221,-1,221,220,222,-1,221,222,223,-1,223,222,224,-1,223,224,225,-1,225,224,226,-1,225,226,227,-1,227,226,228,-1,227,228,229,-1,229,228,230,-1,229,230,231,-1,231,230,232,-1,231,232,233,-1,233,232,234,-1,233,234,235,-1,235,234,236,-1,235,236,237,-1,237,236,238,-1,237,238,239,-1,239,238,240,-1,239,240,241,-1,242,241,243,-1,243,241,240,-1,242,243,244,-1,242,244,245,-1,245,244,246,-1,245,246,247,-1,152,247,153,-1,153,247,246,-1,172,174,212,-1,172,212,170,-1,160,162,214,-1,174,176,212,-1,212,176,178,-1,212,178,210,-1,210,178,180,-1,248,249,214,-1,214,249,151,-1,162,164,214,-1,214,164,166,-1,214,166,212,-1,212,166,168,-1,212,168,170,-1,216,242,245,-1,245,247,216,-1,216,247,152,-1,216,152,149,-1,149,152,154,-1,149,154,151,-1,151,154,156,-1,151,156,214,-1,214,156,158,-1,214,158,160,-1,242,216,241,-1,241,216,218,-1,241,218,221,-1,189,191,209,-1,221,223,241,-1,241,223,225,-1,241,225,227,-1,180,183,210,-1,210,183,185,-1,210,185,209,-1,209,185,186,-1,209,186,189,-1,237,231,235,-1,235,231,233,-1,227,229,241,-1,241,229,231,-1,241,231,239,-1,239,231,237,-1,191,193,209,-1,209,193,195,-1,209,195,207,-1,199,201,197,-1,197,201,203,-1,197,203,195,-1,195,203,205,-1,195,205,207,-1,171,169,150,-1,250,251,150,-1,150,251,215,-1,211,179,213,-1,213,179,177,-1,213,177,215,-1,215,177,175,-1,215,175,150,-1,150,175,173,-1,150,173,171,-1,169,167,150,-1,150,167,165,-1,150,165,148,-1,148,165,163,-1,184,182,211,-1,211,182,181,-1,211,181,179,-1,163,161,148,-1,148,161,159,-1,148,159,157,-1,157,155,148,-1,148,155,153,-1,148,153,217,-1,217,153,246,-1,184,211,187,-1,187,211,208,-1,187,208,188,-1,194,208,206,-1,194,192,208,-1,208,192,190,-1,208,190,188,-1,226,224,240,-1,246,244,217,-1,217,244,243,-1,217,243,219,-1,219,243,240,-1,224,222,240,-1,240,222,220,-1,240,220,219,-1,206,204,194,-1,194,204,202,-1,194,202,196,-1,196,202,200,-1,196,200,198,-1,238,236,230,-1,230,236,234,-1,230,234,232,-1,238,230,240,-1,240,230,228,-1,240,228,226,-1,252,253,254,-1,254,253,255,-1,254,255,256,-1,256,255,257,-1,256,257,258,-1,258,257,259,-1,258,259,260,-1,260,259,261,-1,260,261,262,-1,262,261,263,-1,262,263,264,-1,264,263,265,-1,264,265,266,-1,266,265,267,-1,266,267,268,-1,268,267,269,-1,268,269,270,-1,270,269,271,-1,272,270,273,-1,273,270,271,-1,272,273,274,-1,272,274,275,-1,275,274,276,-1,275,276,277,-1,277,276,278,-1,277,278,279,-1,279,278,249,-1,279,249,248,-1,251,250,280,-1,280,250,281,-1,280,281,282,-1,282,281,283,-1,282,283,284,-1,284,283,285,-1,284,285,286,-1,286,285,287,-1,288,286,289,-1,289,286,287,-1,288,289,290,-1,288,290,291,-1,291,290,292,-1,291,292,293,-1,293,292,294,-1,293,294,295,-1,295,294,253,-1,295,253,252,-1,254,260,252,-1,252,260,262,-1,252,262,295,-1,295,262,264,-1,295,264,293,-1,293,264,266,-1,293,266,291,-1,291,266,268,-1,291,268,288,-1,288,268,270,-1,288,270,286,-1,286,270,272,-1,286,272,284,-1,284,272,275,-1,284,275,282,-1,282,275,277,-1,282,277,280,-1,280,277,279,-1,280,279,251,-1,251,279,248,-1,251,248,215,-1,215,248,214,-1,261,255,263,-1,263,255,253,-1,263,253,265,-1,265,253,294,-1,265,294,267,-1,267,294,292,-1,267,292,269,-1,269,292,290,-1,269,290,271,-1,271,290,289,-1,271,289,273,-1,273,289,287,-1,273,287,274,-1,274,287,285,-1,274,285,276,-1,276,285,283,-1,276,283,278,-1,278,283,281,-1,278,281,249,-1,249,281,250,-1,249,250,151,-1,151,250,150,-1,254,256,260,-1,260,256,258,-1,257,255,259,-1,259,255,261,-1,
        ]
    }
}