#VRML V2.0 utf8
# 3D model generated by easyeda2kicad.py (https://github.com/uPesy/easyeda2kicad.py)

Shape{
    appearance Appearance {
        material  Material 	{
            diffuseColor 0.7529411764705882 0.7529411764705882 0.7529411764705882
            specularColor 0.3764705882352941 0.3764705882352941 0.3764705882352941
            ambientIntensity 0.7529
            transparency 0.0
            shininess 0.5
        }
    }
    geometry IndexedFaceSet {
        ccw TRUE
        solid FALSE
        coord DEF co Coordinate {
            point [
                -2.561 -1.283 0.5787, -2.561 -1.283 0.4213, -2.559 -1.2677 0.5787, -2.559 -1.2677 0.4213, -2.5531 -1.2535 0.5787, -2.5531 -1.2535 0.4213, -2.5437 -1.2412 0.5787, -2.5437 -1.2412 0.4213, -2.5315 -1.2319 0.5787, -2.5315 -1.2319 0.4213, -2.5173 -1.226 0.5787, -2.5173 -1.226 0.4213, -2.502 -1.2239 0.5787, -2.502 -1.2239 0.4213, -2.4867 -1.226 0.5787, -2.4867 -1.226 0.4213, -2.4724 -1.2319 0.5787, -2.4724 -1.2319 0.4213, -2.4602 -1.2412 0.5787, -2.4602 -1.2412 0.4213, -2.4508 -1.2535 0.5787, -2.4508 -1.2535 0.4213, -2.4449 -1.2677 0.5787, -2.4449 -1.2677 0.4213, -2.4429 -1.283 0.5787, -2.4429 -1.283 0.4213, -2.4429 -3.1728 0.5787, -2.4429 -3.1728 0.4213, -2.4423 -3.1796 0.4213, -2.4423 -3.1796 0.5787, -2.4405 -3.1862 0.4213, -2.4405 -3.1862 0.5787, -2.3823 -3.3467 0.5787, -2.3823 -3.3467 0.4213, -2.3781 -3.355 0.4213, -2.3781 -3.355 0.5787, -2.372 -3.3622 0.4213, -2.372 -3.3622 0.5787, -2.3644 -3.3676 0.4213, -2.3644 -3.3676 0.5787, -2.3558 -3.3712 0.4213, -2.3558 -3.3712 0.5787, -2.3465 -3.3726 0.4213, -2.3465 -3.3726 0.5787, -2.3372 -3.3718 0.4213, -2.3372 -3.3718 0.5787, -2.3284 -3.3688 0.4213, -2.3284 -3.3688 0.5787, -2.3205 -3.3638 0.4213, -2.3205 -3.3638 0.5787, -2.3139 -3.3571 0.4213, -2.3139 -3.3571 0.5787, -2.3092 -3.349 0.4213, -2.3092 -3.349 0.5787, -2.3065 -3.3401 0.4213, -2.3065 -3.3401 0.5787, -2.2835 -3.2097 0.5787, -2.2835 -3.2097 0.4213, -2.2829 -3.2029 0.4213, -2.2829 -3.2029 0.5787, -2.2829 -1.8518 0.5787, -2.2829 -1.8518 0.4213, -2.1673 -1.8518 0.5787, -2.1673 -1.8518 0.4213, -2.1673 -1.7337 0.5787, -2.1673 -1.7337 0.4213, -2.2829 -1.7337 0.5787, -2.2829 -1.7337 0.4213, -2.2829 -1.6757 0.5787, -2.2829 -1.6757 0.4213, -2.3514 -1.6757 0.5787, -2.3514 -1.6757 0.4213, -2.3514 -1.594 0.5787, -2.3514 -1.594 0.4213, -2.376 -1.594 0.5787, -2.376 -1.594 0.4213, -2.376 0.1071 0.0, -2.376 0.1071 0.1575, -2.376 -0.3281 0.0, -2.376 -0.3157 0.1575, -2.376 -0.352 0.0024, -2.376 -0.3749 0.0097, -2.376 -1.0042 0.5787, -2.376 -1.0042 0.4213, -2.376 -0.9485 0.573, -2.376 -0.9803 0.4188, -2.376 -0.8951 0.5562, -2.376 -0.9574 0.4116, -2.376 -0.8461 0.5289, -2.376 -0.9365 0.3999, -2.376 -0.3959 0.0214, -2.628 -0.352 0.0024, -2.628 -0.3157 0.1575, -2.628 -0.3281 0.0, -2.628 0.1071 0.1575, -2.628 0.1071 0.0, -2.628 -1.594 0.4213, -2.628 -1.594 0.5787, -2.628 -1.0042 0.4213, -2.628 -1.0042 0.5787, -2.628 -0.9803 0.4188, -2.628 -0.9485 0.573, -2.628 -0.9574 0.4116, -2.628 -0.8951 0.5562, -2.628 -0.9365 0.3999, -2.628 -0.8461 0.5289, -2.628 -0.3959 0.0214, -2.628 -0.3749 0.0097, -2.6525 -1.594 0.5787, -2.6525 -1.594 0.4213, -2.6525 -1.6757 0.5787, -2.6525 -1.6757 0.4213, -2.7211 -1.6757 0.5787, -2.7211 -1.6757 0.4213, -2.7211 -1.7337 0.5787, -2.7211 -1.7337 0.4213, -2.8366 -1.7337 0.5787, -2.8366 -1.7337 0.4213, -2.8366 -1.8518 0.5787, -2.8366 -1.8518 0.4213, -2.7211 -1.8518 0.5787, -2.7211 -1.8518 0.4213, -2.7211 -3.2029 0.5787, -2.7211 -3.2029 0.4213, -2.7205 -3.2097 0.4213, -2.7205 -3.2097 0.5787, -2.6974 -3.3401 0.5787, -2.6974 -3.3401 0.4213, -2.6947 -3.349 0.4213, -2.6947 -3.349 0.5787, -2.69 -3.3571 0.4213, -2.69 -3.3571 0.5787, -2.6835 -3.3638 0.4213, -2.6835 -3.3638 0.5787, -2.6756 -3.3688 0.4213, -2.6756 -3.3688 0.5787, -2.6667 -3.3718 0.4213, -2.6667 -3.3718 0.5787, -2.6574 -3.3726 0.4213, -2.6574 -3.3726 0.5787, -2.6482 -3.3712 0.4213, -2.6482 -3.3712 0.5787, -2.6395 -3.3676 0.4213, -2.6395 -3.3676 0.5787, -2.6319 -3.3622 0.4213, -2.6319 -3.3622 0.5787, -2.6259 -3.355 0.4213, -2.6259 -3.355 0.5787, -2.6217 -3.3467 0.4213, -2.6217 -3.3467 0.5787, -2.5634 -3.1862 0.5787, -2.5634 -3.1862 0.4213, -2.5616 -3.1796 0.4213, -2.5616 -3.1796 0.5787, -2.561 -3.1728 0.4213, -2.561 -3.1728 0.5787, -2.5932 0.3039 0.0, -2.4107 0.3039 0.0, -2.5932 0.3039 0.1575, -2.4107 0.3039 0.1575, -1.561 -1.283 0.5787, -1.561 -1.283 0.4213, -1.559 -1.2677 0.5787, -1.559 -1.2677 0.4213, -1.5531 -1.2535 0.5787, -1.5531 -1.2535 0.4213, -1.5437 -1.2412 0.5787, -1.5437 -1.2412 0.4213, -1.5315 -1.2319 0.5787, -1.5315 -1.2319 0.4213, -1.5173 -1.226 0.5787, -1.5173 -1.226 0.4213, -1.502 -1.2239 0.5787, -1.502 -1.2239 0.4213, -1.4867 -1.226 0.5787, -1.4867 -1.226 0.4213, -1.4724 -1.2319 0.5787, -1.4724 -1.2319 0.4213, -1.4602 -1.2412 0.5787, -1.4602 -1.2412 0.4213, -1.4508 -1.2535 0.5787, -1.4508 -1.2535 0.4213, -1.4449 -1.2677 0.5787, -1.4449 -1.2677 0.4213, -1.4429 -1.283 0.5787, -1.4429 -1.283 0.4213, -1.4429 -3.1728 0.5787, -1.4429 -3.1728 0.4213, -1.4423 -3.1796 0.4213, -1.4423 -3.1796 0.5787, -1.4405 -3.1862 0.4213, -1.4405 -3.1862 0.5787, -1.3823 -3.3467 0.5787, -1.3823 -3.3467 0.4213, -1.3781 -3.355 0.4213, -1.3781 -3.355 0.5787, -1.372 -3.3622 0.4213, -1.372 -3.3622 0.5787, -1.3644 -3.3676 0.4213, -1.3644 -3.3676 0.5787, -1.3558 -3.3712 0.4213, -1.3558 -3.3712 0.5787, -1.3465 -3.3726 0.4213, -1.3465 -3.3726 0.5787, -1.3372 -3.3718 0.4213, -1.3372 -3.3718 0.5787, -1.3284 -3.3688 0.4213, -1.3284 -3.3688 0.5787, -1.3205 -3.3638 0.4213, -1.3205 -3.3638 0.5787, -1.3139 -3.3571 0.4213, -1.3139 -3.3571 0.5787, -1.3092 -3.349 0.4213, -1.3092 -3.349 0.5787, -1.3065 -3.3401 0.4213, -1.3065 -3.3401 0.5787, -1.2835 -3.2097 0.5787, -1.2835 -3.2097 0.4213, -1.2829 -3.2029 0.4213, -1.2829 -3.2029 0.5787, -1.2829 -1.8518 0.5787, -1.2829 -1.8518 0.4213, -1.1673 -1.8518 0.5787, -1.1673 -1.8518 0.4213, -1.1673 -1.7337 0.5787, -1.1673 -1.7337 0.4213, -1.2829 -1.7337 0.5787, -1.2829 -1.7337 0.4213, -1.2829 -1.6757 0.5787, -1.2829 -1.6757 0.4213, -1.3514 -1.6757 0.5787, -1.3514 -1.6757 0.4213, -1.3514 -1.594 0.5787, -1.3514 -1.594 0.4213, -1.376 -1.594 0.5787, -1.376 -1.594 0.4213, -1.376 0.1071 0.0, -1.376 0.1071 0.1575, -1.376 -0.3281 0.0, -1.376 -0.3157 0.1575, -1.376 -0.352 0.0024, -1.376 -0.3749 0.0097, -1.376 -1.0042 0.5787, -1.376 -1.0042 0.4213, -1.376 -0.9485 0.573, -1.376 -0.9803 0.4188, -1.376 -0.8951 0.5562, -1.376 -0.9574 0.4116, -1.376 -0.8461 0.5289, -1.376 -0.9365 0.3999, -1.376 -0.3959 0.0214, -1.628 -0.352 0.0024, -1.628 -0.3157 0.1575, -1.628 -0.3281 0.0, -1.628 0.1071 0.1575, -1.628 0.1071 0.0, -1.628 -1.594 0.4213, -1.628 -1.594 0.5787, -1.628 -1.0042 0.4213, -1.628 -1.0042 0.5787, -1.628 -0.9803 0.4188, -1.628 -0.9485 0.573, -1.628 -0.9574 0.4116, -1.628 -0.8951 0.5562, -1.628 -0.9365 0.3999, -1.628 -0.8461 0.5289, -1.628 -0.3959 0.0214, -1.628 -0.3749 0.0097, -1.6525 -1.594 0.5787, -1.6525 -1.594 0.4213, -1.6525 -1.6757 0.5787, -1.6525 -1.6757 0.4213, -1.7211 -1.6757 0.5787, -1.7211 -1.6757 0.4213, -1.7211 -1.7337 0.5787, -1.7211 -1.7337 0.4213, -1.8366 -1.7337 0.5787, -1.8366 -1.7337 0.4213, -1.8366 -1.8518 0.5787, -1.8366 -1.8518 0.4213, -1.7211 -1.8518 0.5787, -1.7211 -1.8518 0.4213, -1.7211 -3.2029 0.5787, -1.7211 -3.2029 0.4213, -1.7205 -3.2097 0.4213, -1.7205 -3.2097 0.5787, -1.6974 -3.3401 0.5787, -1.6974 -3.3401 0.4213, -1.6947 -3.349 0.4213, -1.6947 -3.349 0.5787, -1.69 -3.3571 0.4213, -1.69 -3.3571 0.5787, -1.6835 -3.3638 0.4213, -1.6835 -3.3638 0.5787, -1.6756 -3.3688 0.4213, -1.6756 -3.3688 0.5787, -1.6667 -3.3718 0.4213, -1.6667 -3.3718 0.5787, -1.6574 -3.3726 0.4213, -1.6574 -3.3726 0.5787, -1.6482 -3.3712 0.4213, -1.6482 -3.3712 0.5787, -1.6395 -3.3676 0.4213, -1.6395 -3.3676 0.5787, -1.6319 -3.3622 0.4213, -1.6319 -3.3622 0.5787, -1.6259 -3.355 0.4213, -1.6259 -3.355 0.5787, -1.6217 -3.3467 0.4213, -1.6217 -3.3467 0.5787, -1.5634 -3.1862 0.5787, -1.5634 -3.1862 0.4213, -1.5616 -3.1796 0.4213, -1.5616 -3.1796 0.5787, -1.561 -3.1728 0.4213, -1.561 -3.1728 0.5787, -1.4107 0.3039 0.0, -1.5932 0.3039 0.0, -1.5932 0.3039 0.1575, -1.4107 0.3039 0.1575, -0.561 -1.283 0.5787, -0.561 -1.283 0.4213, -0.559 -1.2677 0.5787, -0.559 -1.2677 0.4213, -0.5531 -1.2535 0.5787, -0.5531 -1.2535 0.4213, -0.5437 -1.2412 0.5787, -0.5437 -1.2412 0.4213, -0.5315 -1.2319 0.5787, -0.5315 -1.2319 0.4213, -0.5173 -1.226 0.5787, -0.5173 -1.226 0.4213, -0.502 -1.2239 0.5787, -0.502 -1.2239 0.4213, -0.4867 -1.226 0.5787, -0.4867 -1.226 0.4213, -0.4724 -1.2319 0.5787, -0.4724 -1.2319 0.4213, -0.4602 -1.2412 0.5787, -0.4602 -1.2412 0.4213, -0.4508 -1.2535 0.5787, -0.4508 -1.2535 0.4213, -0.4449 -1.2677 0.5787, -0.4449 -1.2677 0.4213, -0.4429 -1.283 0.5787, -0.4429 -1.283 0.4213, -0.4429 -3.1728 0.5787, -0.4429 -3.1728 0.4213, -0.4423 -3.1796 0.4213, -0.4423 -3.1796 0.5787, -0.4405 -3.1862 0.4213, -0.4405 -3.1862 0.5787, -0.3823 -3.3467 0.5787, -0.3823 -3.3467 0.4213, -0.3781 -3.355 0.4213, -0.3781 -3.355 0.5787, -0.372 -3.3622 0.4213, -0.372 -3.3622 0.5787, -0.3644 -3.3676 0.4213, -0.3644 -3.3676 0.5787, -0.3558 -3.3712 0.4213, -0.3558 -3.3712 0.5787, -0.3465 -3.3726 0.4213, -0.3465 -3.3726 0.5787, -0.3372 -3.3718 0.4213, -0.3372 -3.3718 0.5787, -0.3284 -3.3688 0.4213, -0.3284 -3.3688 0.5787, -0.3205 -3.3638 0.4213, -0.3205 -3.3638 0.5787, -0.3139 -3.3571 0.4213, -0.3139 -3.3571 0.5787, -0.3092 -3.349 0.4213, -0.3092 -3.349 0.5787, -0.3065 -3.3401 0.4213, -0.3065 -3.3401 0.5787, -0.2835 -3.2097 0.5787, -0.2835 -3.2097 0.4213, -0.2829 -3.2029 0.4213, -0.2829 -3.2029 0.5787, -0.2829 -1.8518 0.5787, -0.2829 -1.8518 0.4213, -0.1673 -1.8518 0.5787, -0.1673 -1.8518 0.4213, -0.1673 -1.7337 0.5787, -0.1673 -1.7337 0.4213, -0.2829 -1.7337 0.5787, -0.2829 -1.7337 0.4213, -0.2829 -1.6757 0.5787, -0.2829 -1.6757 0.4213, -0.3514 -1.6757 0.5787, -0.3514 -1.6757 0.4213, -0.3514 -1.594 0.5787, -0.3514 -1.594 0.4213, -0.376 -1.594 0.5787, -0.376 -1.594 0.4213, -0.376 0.1071 0.0, -0.376 0.1071 0.1575, -0.376 -0.3281 0.0, -0.376 -0.3157 0.1575, -0.376 -0.352 0.0024, -0.376 -0.3749 0.0097, -0.376 -1.0042 0.5787, -0.376 -1.0042 0.4213, -0.376 -0.9485 0.573, -0.376 -0.9803 0.4188, -0.376 -0.8951 0.5562, -0.376 -0.9574 0.4116, -0.376 -0.8461 0.5289, -0.376 -0.9365 0.3999, -0.376 -0.3959 0.0214, -0.628 -0.352 0.0024, -0.628 -0.3157 0.1575, -0.628 -0.3281 0.0, -0.628 0.1071 0.1575, -0.628 0.1071 0.0, -0.628 -1.594 0.4213, -0.628 -1.594 0.5787, -0.628 -1.0042 0.4213, -0.628 -1.0042 0.5787, -0.628 -0.9803 0.4188, -0.628 -0.9485 0.573, -0.628 -0.9574 0.4116, -0.628 -0.8951 0.5562, -0.628 -0.9365 0.3999, -0.628 -0.8461 0.5289, -0.628 -0.3959 0.0214, -0.628 -0.3749 0.0097, -0.6525 -1.594 0.5787, -0.6525 -1.594 0.4213, -0.6525 -1.6757 0.5787, -0.6525 -1.6757 0.4213, -0.7211 -1.6757 0.5787, -0.7211 -1.6757 0.4213, -0.7211 -1.7337 0.5787, -0.7211 -1.7337 0.4213, -0.8366 -1.7337 0.5787, -0.8366 -1.7337 0.4213, -0.8366 -1.8518 0.5787, -0.8366 -1.8518 0.4213, -0.7211 -1.8518 0.5787, -0.7211 -1.8518 0.4213, -0.7211 -3.2029 0.5787, -0.7211 -3.2029 0.4213, -0.7205 -3.2097 0.4213, -0.7205 -3.2097 0.5787, -0.6974 -3.3401 0.5787, -0.6974 -3.3401 0.4213, -0.6947 -3.349 0.4213, -0.6947 -3.349 0.5787, -0.69 -3.3571 0.4213, -0.69 -3.3571 0.5787, -0.6835 -3.3638 0.4213, -0.6835 -3.3638 0.5787, -0.6756 -3.3688 0.4213, -0.6756 -3.3688 0.5787, -0.6667 -3.3718 0.4213, -0.6667 -3.3718 0.5787, -0.6574 -3.3726 0.4213, -0.6574 -3.3726 0.5787, -0.6482 -3.3712 0.4213, -0.6482 -3.3712 0.5787, -0.6395 -3.3676 0.4213, -0.6395 -3.3676 0.5787, -0.6319 -3.3622 0.4213, -0.6319 -3.3622 0.5787, -0.6259 -3.355 0.4213, -0.6259 -3.355 0.5787, -0.6217 -3.3467 0.4213, -0.6217 -3.3467 0.5787, -0.5634 -3.1862 0.5787, -0.5634 -3.1862 0.4213, -0.5616 -3.1796 0.4213, -0.5616 -3.1796 0.5787, -0.561 -3.1728 0.4213, -0.561 -3.1728 0.5787, -0.4107 0.3039 0.0, -0.5932 0.3039 0.0, -0.5932 0.3039 0.1575, -0.4107 0.3039 0.1575, 0.439 -1.283 0.5787, 0.439 -1.283 0.4213, 0.441 -1.2677 0.5787, 0.441 -1.2677 0.4213, 0.4469 -1.2535 0.5787, 0.4469 -1.2535 0.4213, 0.4563 -1.2412 0.5787, 0.4563 -1.2412 0.4213, 0.4685 -1.2319 0.5787, 0.4685 -1.2319 0.4213, 0.4827 -1.226 0.5787, 0.4827 -1.226 0.4213, 0.498 -1.2239 0.5787, 0.498 -1.2239 0.4213, 0.5133 -1.226 0.5787, 0.5133 -1.226 0.4213, 0.5276 -1.2319 0.5787, 0.5276 -1.2319 0.4213, 0.5398 -1.2412 0.5787, 0.5398 -1.2412 0.4213, 0.5492 -1.2535 0.5787, 0.5492 -1.2535 0.4213, 0.5551 -1.2677 0.5787, 0.5551 -1.2677 0.4213, 0.5571 -1.283 0.5787, 0.5571 -1.283 0.4213, 0.5571 -3.1728 0.5787, 0.5571 -3.1728 0.4213, 0.5577 -3.1796 0.4213, 0.5577 -3.1796 0.5787, 0.5595 -3.1862 0.4213, 0.5595 -3.1862 0.5787, 0.6177 -3.3467 0.5787, 0.6177 -3.3467 0.4213, 0.6219 -3.355 0.4213, 0.6219 -3.355 0.5787, 0.628 -3.3622 0.4213, 0.628 -3.3622 0.5787, 0.6356 -3.3676 0.4213, 0.6356 -3.3676 0.5787, 0.6442 -3.3712 0.4213, 0.6442 -3.3712 0.5787, 0.6535 -3.3726 0.4213, 0.6535 -3.3726 0.5787, 0.6628 -3.3718 0.4213, 0.6628 -3.3718 0.5787, 0.6716 -3.3688 0.4213, 0.6716 -3.3688 0.5787, 0.6795 -3.3638 0.4213, 0.6795 -3.3638 0.5787, 0.6861 -3.3571 0.4213, 0.6861 -3.3571 0.5787, 0.6908 -3.349 0.4213, 0.6908 -3.349 0.5787, 0.6935 -3.3401 0.4213, 0.6935 -3.3401 0.5787, 0.7165 -3.2097 0.5787, 0.7165 -3.2097 0.4213, 0.7171 -3.2029 0.4213, 0.7171 -3.2029 0.5787, 0.7171 -1.8518 0.5787, 0.7171 -1.8518 0.4213, 0.8327 -1.8518 0.5787, 0.8327 -1.8518 0.4213, 0.8327 -1.7337 0.5787, 0.8327 -1.7337 0.4213, 0.7171 -1.7337 0.5787, 0.7171 -1.7337 0.4213, 0.7171 -1.6757 0.5787, 0.7171 -1.6757 0.4213, 0.6486 -1.6757 0.5787, 0.6486 -1.6757 0.4213, 0.6486 -1.594 0.5787, 0.6486 -1.594 0.4213, 0.624 -1.594 0.5787, 0.624 -1.594 0.4213, 0.624 0.1071 0.0, 0.624 0.1071 0.1575, 0.624 -0.3281 0.0, 0.624 -0.3157 0.1575, 0.624 -0.352 0.0024, 0.624 -0.3749 0.0097, 0.624 -1.0042 0.5787, 0.624 -1.0042 0.4213, 0.624 -0.9485 0.573, 0.624 -0.9803 0.4188, 0.624 -0.8951 0.5562, 0.624 -0.9574 0.4116, 0.624 -0.8461 0.5289, 0.624 -0.9365 0.3999, 0.624 -0.3959 0.0214, 0.372 -0.352 0.0024, 0.372 -0.3157 0.1575, 0.372 -0.3281 0.0, 0.372 0.1071 0.1575, 0.372 0.1071 0.0, 0.372 -1.594 0.4213, 0.372 -1.594 0.5787, 0.372 -1.0042 0.4213, 0.372 -1.0042 0.5787, 0.372 -0.9803 0.4188, 0.372 -0.9485 0.573, 0.372 -0.9574 0.4116, 0.372 -0.8951 0.5562, 0.372 -0.9365 0.3999, 0.372 -0.8461 0.5289, 0.372 -0.3959 0.0214, 0.372 -0.3749 0.0097, 0.3475 -1.594 0.5787, 0.3475 -1.594 0.4213, 0.3475 -1.6757 0.5787, 0.3475 -1.6757 0.4213, 0.2789 -1.6757 0.5787, 0.2789 -1.6757 0.4213, 0.2789 -1.7337 0.5787, 0.2789 -1.7337 0.4213, 0.1634 -1.7337 0.5787, 0.1634 -1.7337 0.4213, 0.1634 -1.8518 0.5787, 0.1634 -1.8518 0.4213, 0.2789 -1.8518 0.5787, 0.2789 -1.8518 0.4213, 0.2789 -3.2029 0.5787, 0.2789 -3.2029 0.4213, 0.2795 -3.2097 0.4213, 0.2795 -3.2097 0.5787, 0.3026 -3.3401 0.5787, 0.3026 -3.3401 0.4213, 0.3053 -3.349 0.4213, 0.3053 -3.349 0.5787, 0.31 -3.3571 0.4213, 0.31 -3.3571 0.5787, 0.3165 -3.3638 0.4213, 0.3165 -3.3638 0.5787, 0.3244 -3.3688 0.4213, 0.3244 -3.3688 0.5787, 0.3333 -3.3718 0.4213, 0.3333 -3.3718 0.5787, 0.3426 -3.3726 0.4213, 0.3426 -3.3726 0.5787, 0.3518 -3.3712 0.4213, 0.3518 -3.3712 0.5787, 0.3605 -3.3676 0.4213, 0.3605 -3.3676 0.5787, 0.3681 -3.3622 0.4213, 0.3681 -3.3622 0.5787, 0.3741 -3.355 0.4213, 0.3741 -3.355 0.5787, 0.3783 -3.3467 0.4213, 0.3783 -3.3467 0.5787, 0.4366 -3.1862 0.5787, 0.4366 -3.1862 0.4213, 0.4384 -3.1796 0.4213, 0.4384 -3.1796 0.5787, 0.439 -3.1728 0.4213, 0.439 -3.1728 0.5787, 0.5893 0.3039 0.0, 0.4068 0.3039 0.0, 0.4068 0.3039 0.1575, 0.5893 0.3039 0.1575
            ]
        }
        coordIndex [
            0,1,2,-1,2,1,3,-1,2,3,4,-1,4,3,5,-1,4,5,6,-1,6,5,7,-1,6,7,8,-1,8,7,9,-1,8,9,10,-1,10,9,11,-1,10,11,12,-1,12,11,13,-1,12,13,14,-1,14,13,15,-1,14,15,16,-1,16,15,17,-1,16,17,18,-1,18,17,19,-1,18,19,20,-1,20,19,21,-1,20,21,22,-1,22,21,23,-1,22,23,24,-1,24,23,25,-1,26,24,27,-1,27,24,25,-1,26,27,28,-1,26,28,29,-1,29,28,30,-1,29,30,31,-1,32,31,33,-1,33,31,30,-1,32,33,34,-1,32,34,35,-1,35,34,36,-1,35,36,37,-1,37,36,38,-1,37,38,39,-1,39,38,40,-1,39,40,41,-1,41,40,42,-1,41,42,43,-1,43,42,44,-1,43,44,45,-1,45,44,46,-1,45,46,47,-1,47,46,48,-1,47,48,49,-1,49,48,50,-1,49,50,51,-1,51,50,52,-1,51,52,53,-1,53,52,54,-1,53,54,55,-1,56,55,57,-1,57,55,54,-1,57,58,56,-1,56,58,59,-1,60,59,61,-1,61,59,58,-1,62,60,63,-1,63,60,61,-1,64,62,65,-1,65,62,63,-1,66,64,67,-1,67,64,65,-1,68,66,69,-1,69,66,67,-1,70,68,71,-1,71,68,69,-1,72,70,73,-1,73,70,71,-1,74,72,75,-1,75,72,73,-1,76,77,78,-1,78,77,79,-1,78,79,80,-1,80,79,81,-1,74,75,82,-1,82,75,83,-1,82,83,84,-1,84,83,85,-1,84,85,86,-1,86,85,87,-1,86,87,88,-1,88,87,89,-1,88,89,79,-1,79,89,90,-1,79,90,81,-1,91,92,93,-1,93,92,94,-1,93,94,95,-1,96,97,98,-1,98,97,99,-1,98,99,100,-1,100,99,101,-1,100,101,102,-1,102,101,103,-1,102,103,104,-1,104,103,105,-1,104,105,106,-1,106,105,92,-1,106,92,107,-1,107,92,91,-1,108,97,109,-1,109,97,96,-1,110,108,111,-1,111,108,109,-1,112,110,113,-1,113,110,111,-1,114,112,115,-1,115,112,113,-1,116,114,117,-1,117,114,115,-1,118,116,119,-1,119,116,117,-1,120,118,121,-1,121,118,119,-1,122,120,123,-1,123,120,121,-1,123,124,122,-1,122,124,125,-1,126,125,127,-1,127,125,124,-1,126,127,128,-1,126,128,129,-1,129,128,130,-1,129,130,131,-1,131,130,132,-1,131,132,133,-1,133,132,134,-1,133,134,135,-1,135,134,136,-1,135,136,137,-1,137,136,138,-1,137,138,139,-1,139,138,140,-1,139,140,141,-1,141,140,142,-1,141,142,143,-1,143,142,144,-1,143,144,145,-1,145,144,146,-1,145,146,147,-1,147,146,148,-1,147,148,149,-1,150,149,151,-1,151,149,148,-1,150,151,152,-1,150,152,153,-1,153,152,154,-1,153,154,155,-1,0,155,1,-1,1,155,154,-1,155,120,122,-1,26,29,59,-1,59,29,31,-1,59,31,56,-1,56,31,55,-1,55,31,32,-1,55,32,53,-1,16,18,82,-1,62,64,60,-1,60,64,66,-1,60,66,70,-1,70,66,68,-1,72,74,70,-1,70,74,26,-1,70,26,60,-1,60,26,59,-1,18,20,82,-1,82,20,22,-1,82,22,74,-1,74,22,24,-1,74,24,26,-1,110,112,114,-1,114,116,118,-1,53,32,51,-1,51,32,35,-1,51,35,37,-1,47,41,45,-1,45,41,43,-1,2,99,0,-1,0,99,97,-1,0,97,155,-1,2,4,99,-1,99,4,6,-1,99,6,8,-1,118,120,114,-1,114,120,155,-1,114,155,110,-1,110,155,97,-1,110,97,108,-1,47,49,41,-1,41,49,51,-1,41,51,39,-1,39,51,37,-1,8,10,99,-1,99,10,12,-1,99,12,82,-1,82,12,14,-1,82,14,16,-1,126,149,125,-1,125,149,150,-1,125,150,122,-1,122,150,153,-1,122,153,155,-1,126,129,149,-1,149,129,131,-1,149,131,147,-1,147,131,145,-1,133,135,141,-1,141,135,137,-1,141,137,139,-1,133,141,131,-1,131,141,143,-1,131,143,145,-1,27,61,58,-1,154,152,123,-1,123,152,151,-1,123,151,124,-1,124,151,127,-1,127,151,148,-1,127,148,128,-1,119,117,121,-1,121,117,115,-1,121,115,111,-1,111,115,113,-1,9,7,98,-1,109,96,111,-1,111,96,154,-1,111,154,121,-1,121,154,123,-1,71,69,67,-1,67,65,63,-1,128,148,130,-1,130,148,146,-1,130,146,144,-1,134,140,136,-1,136,140,138,-1,23,83,25,-1,25,83,75,-1,25,75,27,-1,7,5,98,-1,98,5,3,-1,98,3,96,-1,96,3,1,-1,96,1,154,-1,63,61,67,-1,67,61,27,-1,67,27,71,-1,71,27,75,-1,71,75,73,-1,134,132,140,-1,140,132,130,-1,140,130,142,-1,142,130,144,-1,23,21,83,-1,83,21,19,-1,83,19,17,-1,17,15,83,-1,83,15,13,-1,83,13,98,-1,98,13,11,-1,98,11,9,-1,54,33,57,-1,57,33,30,-1,57,30,58,-1,58,30,28,-1,58,28,27,-1,54,52,33,-1,33,52,50,-1,33,50,34,-1,34,50,36,-1,48,46,40,-1,40,46,44,-1,40,44,42,-1,48,40,50,-1,50,40,38,-1,50,38,36,-1,156,157,95,-1,95,157,76,-1,95,76,93,-1,93,76,78,-1,158,159,156,-1,156,159,157,-1,92,79,94,-1,94,79,77,-1,94,77,158,-1,158,77,159,-1,88,79,105,-1,105,79,92,-1,88,105,103,-1,88,103,86,-1,86,103,101,-1,86,101,84,-1,84,101,99,-1,84,99,82,-1,83,98,85,-1,85,98,100,-1,85,100,87,-1,87,100,102,-1,87,102,89,-1,89,102,104,-1,90,89,106,-1,106,89,104,-1,90,106,107,-1,90,107,81,-1,81,107,91,-1,81,91,80,-1,80,91,93,-1,80,93,78,-1,156,95,158,-1,158,95,94,-1,76,157,77,-1,77,157,159,-1,160,161,162,-1,162,161,163,-1,162,163,164,-1,164,163,165,-1,164,165,166,-1,166,165,167,-1,166,167,168,-1,168,167,169,-1,168,169,170,-1,170,169,171,-1,170,171,172,-1,172,171,173,-1,172,173,174,-1,174,173,175,-1,174,175,176,-1,176,175,177,-1,176,177,178,-1,178,177,179,-1,178,179,180,-1,180,179,181,-1,180,181,182,-1,182,181,183,-1,182,183,184,-1,184,183,185,-1,186,184,187,-1,187,184,185,-1,186,187,188,-1,186,188,189,-1,189,188,190,-1,189,190,191,-1,192,191,193,-1,193,191,190,-1,192,193,194,-1,192,194,195,-1,195,194,196,-1,195,196,197,-1,197,196,198,-1,197,198,199,-1,199,198,200,-1,199,200,201,-1,201,200,202,-1,201,202,203,-1,203,202,204,-1,203,204,205,-1,205,204,206,-1,205,206,207,-1,207,206,208,-1,207,208,209,-1,209,208,210,-1,209,210,211,-1,211,210,212,-1,211,212,213,-1,213,212,214,-1,213,214,215,-1,216,215,217,-1,217,215,214,-1,217,218,216,-1,216,218,219,-1,220,219,221,-1,221,219,218,-1,222,220,223,-1,223,220,221,-1,224,222,225,-1,225,222,223,-1,226,224,227,-1,227,224,225,-1,228,226,229,-1,229,226,227,-1,230,228,231,-1,231,228,229,-1,232,230,233,-1,233,230,231,-1,234,232,235,-1,235,232,233,-1,236,237,238,-1,238,237,239,-1,238,239,240,-1,240,239,241,-1,234,235,242,-1,242,235,243,-1,242,243,244,-1,244,243,245,-1,244,245,246,-1,246,245,247,-1,246,247,248,-1,248,247,249,-1,248,249,239,-1,239,249,250,-1,239,250,241,-1,251,252,253,-1,253,252,254,-1,253,254,255,-1,256,257,258,-1,258,257,259,-1,258,259,260,-1,260,259,261,-1,260,261,262,-1,262,261,263,-1,262,263,264,-1,264,263,265,-1,264,265,266,-1,266,265,252,-1,266,252,267,-1,267,252,251,-1,268,257,269,-1,269,257,256,-1,270,268,271,-1,271,268,269,-1,272,270,273,-1,273,270,271,-1,274,272,275,-1,275,272,273,-1,276,274,277,-1,277,274,275,-1,278,276,279,-1,279,276,277,-1,280,278,281,-1,281,278,279,-1,282,280,283,-1,283,280,281,-1,283,284,282,-1,282,284,285,-1,286,285,287,-1,287,285,284,-1,286,287,288,-1,286,288,289,-1,289,288,290,-1,289,290,291,-1,291,290,292,-1,291,292,293,-1,293,292,294,-1,293,294,295,-1,295,294,296,-1,295,296,297,-1,297,296,298,-1,297,298,299,-1,299,298,300,-1,299,300,301,-1,301,300,302,-1,301,302,303,-1,303,302,304,-1,303,304,305,-1,305,304,306,-1,305,306,307,-1,307,306,308,-1,307,308,309,-1,310,309,311,-1,311,309,308,-1,310,311,312,-1,310,312,313,-1,313,312,314,-1,313,314,315,-1,160,315,161,-1,161,315,314,-1,226,228,230,-1,216,219,191,-1,315,280,282,-1,220,186,219,-1,219,186,189,-1,219,189,191,-1,230,232,234,-1,220,222,224,-1,216,191,215,-1,215,191,192,-1,215,192,195,-1,195,197,215,-1,215,197,199,-1,215,199,201,-1,224,226,220,-1,220,226,230,-1,220,230,186,-1,186,230,234,-1,186,234,184,-1,270,272,274,-1,274,276,278,-1,201,203,215,-1,215,203,205,-1,215,205,207,-1,207,209,215,-1,215,209,211,-1,215,211,213,-1,315,160,257,-1,257,160,259,-1,184,234,182,-1,182,234,242,-1,182,242,180,-1,278,280,274,-1,274,280,315,-1,274,315,270,-1,270,315,257,-1,270,257,268,-1,160,162,259,-1,259,162,164,-1,259,164,166,-1,174,176,242,-1,242,176,178,-1,242,178,180,-1,166,168,259,-1,259,168,170,-1,259,170,242,-1,242,170,172,-1,242,172,174,-1,286,309,285,-1,285,309,310,-1,285,310,282,-1,282,310,313,-1,282,313,315,-1,293,295,301,-1,301,295,297,-1,301,297,299,-1,293,301,291,-1,291,301,303,-1,291,303,305,-1,286,289,309,-1,309,289,291,-1,309,291,307,-1,307,291,305,-1,275,273,271,-1,284,283,311,-1,281,314,283,-1,283,314,312,-1,283,312,311,-1,163,256,258,-1,284,311,287,-1,287,311,308,-1,287,308,288,-1,271,269,256,-1,281,279,277,-1,235,233,231,-1,277,275,281,-1,281,275,271,-1,281,271,314,-1,314,271,256,-1,314,256,161,-1,161,256,163,-1,288,308,290,-1,290,308,306,-1,290,306,304,-1,294,300,296,-1,296,300,298,-1,218,187,221,-1,221,187,227,-1,221,227,223,-1,223,227,225,-1,294,292,300,-1,300,292,290,-1,300,290,302,-1,302,290,304,-1,183,243,185,-1,185,243,235,-1,185,235,187,-1,187,235,231,-1,187,231,227,-1,227,231,229,-1,183,181,243,-1,243,181,179,-1,243,179,177,-1,169,167,258,-1,258,167,165,-1,258,165,163,-1,177,175,243,-1,243,175,173,-1,243,173,258,-1,258,173,171,-1,258,171,169,-1,198,196,214,-1,214,212,210,-1,196,194,214,-1,214,194,193,-1,214,193,217,-1,217,193,190,-1,217,190,218,-1,218,190,188,-1,218,188,187,-1,210,208,214,-1,214,208,206,-1,214,206,204,-1,204,202,214,-1,214,202,200,-1,214,200,198,-1,238,253,236,-1,236,253,255,-1,236,255,316,-1,316,255,317,-1,318,319,317,-1,317,319,316,-1,319,318,237,-1,237,318,254,-1,237,254,239,-1,239,254,252,-1,248,239,265,-1,265,239,252,-1,248,265,263,-1,248,263,246,-1,246,263,261,-1,246,261,244,-1,244,261,259,-1,244,259,242,-1,243,258,245,-1,245,258,260,-1,245,260,247,-1,247,260,262,-1,247,262,249,-1,249,262,264,-1,250,249,266,-1,266,249,264,-1,250,266,267,-1,250,267,241,-1,241,267,251,-1,241,251,240,-1,240,251,253,-1,240,253,238,-1,317,255,318,-1,318,255,254,-1,236,316,237,-1,237,316,319,-1,320,321,322,-1,322,321,323,-1,322,323,324,-1,324,323,325,-1,324,325,326,-1,326,325,327,-1,326,327,328,-1,328,327,329,-1,328,329,330,-1,330,329,331,-1,330,331,332,-1,332,331,333,-1,332,333,334,-1,334,333,335,-1,334,335,336,-1,336,335,337,-1,336,337,338,-1,338,337,339,-1,338,339,340,-1,340,339,341,-1,340,341,342,-1,342,341,343,-1,342,343,344,-1,344,343,345,-1,346,344,347,-1,347,344,345,-1,346,347,348,-1,346,348,349,-1,349,348,350,-1,349,350,351,-1,352,351,353,-1,353,351,350,-1,352,353,354,-1,352,354,355,-1,355,354,356,-1,355,356,357,-1,357,356,358,-1,357,358,359,-1,359,358,360,-1,359,360,361,-1,361,360,362,-1,361,362,363,-1,363,362,364,-1,363,364,365,-1,365,364,366,-1,365,366,367,-1,367,366,368,-1,367,368,369,-1,369,368,370,-1,369,370,371,-1,371,370,372,-1,371,372,373,-1,373,372,374,-1,373,374,375,-1,376,375,377,-1,377,375,374,-1,377,378,376,-1,376,378,379,-1,380,379,381,-1,381,379,378,-1,382,380,383,-1,383,380,381,-1,384,382,385,-1,385,382,383,-1,386,384,387,-1,387,384,385,-1,388,386,389,-1,389,386,387,-1,390,388,391,-1,391,388,389,-1,392,390,393,-1,393,390,391,-1,394,392,395,-1,395,392,393,-1,396,397,398,-1,398,397,399,-1,398,399,400,-1,400,399,401,-1,394,395,402,-1,402,395,403,-1,402,403,404,-1,404,403,405,-1,404,405,406,-1,406,405,407,-1,406,407,408,-1,408,407,409,-1,408,409,399,-1,399,409,410,-1,399,410,401,-1,411,412,413,-1,413,412,414,-1,413,414,415,-1,416,417,418,-1,418,417,419,-1,418,419,420,-1,420,419,421,-1,420,421,422,-1,422,421,423,-1,422,423,424,-1,424,423,425,-1,424,425,426,-1,426,425,412,-1,426,412,427,-1,427,412,411,-1,428,417,429,-1,429,417,416,-1,430,428,431,-1,431,428,429,-1,432,430,433,-1,433,430,431,-1,434,432,435,-1,435,432,433,-1,436,434,437,-1,437,434,435,-1,438,436,439,-1,439,436,437,-1,440,438,441,-1,441,438,439,-1,442,440,443,-1,443,440,441,-1,443,444,442,-1,442,444,445,-1,446,445,447,-1,447,445,444,-1,446,447,448,-1,446,448,449,-1,449,448,450,-1,449,450,451,-1,451,450,452,-1,451,452,453,-1,453,452,454,-1,453,454,455,-1,455,454,456,-1,455,456,457,-1,457,456,458,-1,457,458,459,-1,459,458,460,-1,459,460,461,-1,461,460,462,-1,461,462,463,-1,463,462,464,-1,463,464,465,-1,465,464,466,-1,465,466,467,-1,467,466,468,-1,467,468,469,-1,470,469,471,-1,471,469,468,-1,470,471,472,-1,470,472,473,-1,473,472,474,-1,473,474,475,-1,320,475,321,-1,321,475,474,-1,346,349,379,-1,379,349,351,-1,379,351,376,-1,355,357,375,-1,382,384,380,-1,380,384,386,-1,380,386,390,-1,390,386,388,-1,324,326,419,-1,336,338,402,-1,417,428,430,-1,376,351,375,-1,375,351,352,-1,375,352,355,-1,367,369,371,-1,392,394,390,-1,390,394,346,-1,390,346,380,-1,380,346,379,-1,336,402,334,-1,357,359,375,-1,375,359,361,-1,375,361,363,-1,363,365,375,-1,375,365,367,-1,375,367,373,-1,373,367,371,-1,338,340,402,-1,402,340,342,-1,402,342,394,-1,394,342,344,-1,394,344,346,-1,442,475,440,-1,440,475,434,-1,440,434,438,-1,438,434,436,-1,326,328,419,-1,419,328,330,-1,419,330,402,-1,402,330,332,-1,402,332,334,-1,432,434,430,-1,430,434,475,-1,430,475,417,-1,417,475,320,-1,417,320,419,-1,419,320,322,-1,419,322,324,-1,463,465,446,-1,446,449,451,-1,465,467,446,-1,446,467,469,-1,446,469,445,-1,445,469,470,-1,445,470,442,-1,442,470,473,-1,442,473,475,-1,451,453,446,-1,446,453,455,-1,446,455,457,-1,457,459,446,-1,446,459,461,-1,446,461,463,-1,474,472,443,-1,443,472,471,-1,443,471,444,-1,466,464,447,-1,439,437,441,-1,441,437,435,-1,441,435,431,-1,431,435,433,-1,341,339,403,-1,329,327,418,-1,395,393,391,-1,444,471,447,-1,447,471,468,-1,447,468,466,-1,454,452,450,-1,429,416,431,-1,431,416,474,-1,431,474,441,-1,441,474,443,-1,329,418,331,-1,464,462,447,-1,447,462,460,-1,447,460,458,-1,458,456,447,-1,447,456,454,-1,447,454,448,-1,448,454,450,-1,327,325,418,-1,418,325,323,-1,418,323,416,-1,416,323,321,-1,416,321,474,-1,378,347,381,-1,381,347,387,-1,381,387,383,-1,383,387,385,-1,339,337,403,-1,403,337,335,-1,403,335,418,-1,418,335,333,-1,418,333,331,-1,389,387,391,-1,391,387,347,-1,391,347,395,-1,395,347,345,-1,395,345,403,-1,403,345,343,-1,403,343,341,-1,358,356,374,-1,374,372,370,-1,356,354,374,-1,374,354,353,-1,374,353,377,-1,377,353,350,-1,377,350,378,-1,378,350,348,-1,378,348,347,-1,370,368,374,-1,374,368,366,-1,374,366,364,-1,364,362,374,-1,374,362,360,-1,374,360,358,-1,398,413,396,-1,396,413,415,-1,396,415,476,-1,476,415,477,-1,478,479,477,-1,477,479,476,-1,412,399,414,-1,414,399,397,-1,414,397,478,-1,478,397,479,-1,408,399,425,-1,425,399,412,-1,408,425,423,-1,408,423,406,-1,406,423,421,-1,406,421,404,-1,404,421,419,-1,404,419,402,-1,403,418,405,-1,405,418,420,-1,405,420,407,-1,407,420,422,-1,407,422,409,-1,409,422,424,-1,410,409,426,-1,426,409,424,-1,410,426,427,-1,410,427,401,-1,401,427,411,-1,401,411,400,-1,400,411,413,-1,400,413,398,-1,477,415,478,-1,478,415,414,-1,396,476,397,-1,397,476,479,-1,480,481,482,-1,482,481,483,-1,482,483,484,-1,484,483,485,-1,484,485,486,-1,486,485,487,-1,486,487,488,-1,488,487,489,-1,488,489,490,-1,490,489,491,-1,490,491,492,-1,492,491,493,-1,492,493,494,-1,494,493,495,-1,494,495,496,-1,496,495,497,-1,496,497,498,-1,498,497,499,-1,498,499,500,-1,500,499,501,-1,500,501,502,-1,502,501,503,-1,502,503,504,-1,504,503,505,-1,506,504,507,-1,507,504,505,-1,506,507,508,-1,506,508,509,-1,509,508,510,-1,509,510,511,-1,512,511,513,-1,513,511,510,-1,512,513,514,-1,512,514,515,-1,515,514,516,-1,515,516,517,-1,517,516,518,-1,517,518,519,-1,519,518,520,-1,519,520,521,-1,521,520,522,-1,521,522,523,-1,523,522,524,-1,523,524,525,-1,525,524,526,-1,525,526,527,-1,527,526,528,-1,527,528,529,-1,529,528,530,-1,529,530,531,-1,531,530,532,-1,531,532,533,-1,533,532,534,-1,533,534,535,-1,536,535,537,-1,537,535,534,-1,537,538,536,-1,536,538,539,-1,540,539,541,-1,541,539,538,-1,542,540,543,-1,543,540,541,-1,544,542,545,-1,545,542,543,-1,546,544,547,-1,547,544,545,-1,548,546,549,-1,549,546,547,-1,550,548,551,-1,551,548,549,-1,552,550,553,-1,553,550,551,-1,554,552,555,-1,555,552,553,-1,556,557,558,-1,558,557,559,-1,558,559,560,-1,560,559,561,-1,554,555,562,-1,562,555,563,-1,562,563,564,-1,564,563,565,-1,564,565,566,-1,566,565,567,-1,566,567,568,-1,568,567,569,-1,568,569,559,-1,559,569,570,-1,559,570,561,-1,571,572,573,-1,573,572,574,-1,573,574,575,-1,576,577,578,-1,578,577,579,-1,578,579,580,-1,580,579,581,-1,580,581,582,-1,582,581,583,-1,582,583,584,-1,584,583,585,-1,584,585,586,-1,586,585,572,-1,586,572,587,-1,587,572,571,-1,588,577,589,-1,589,577,576,-1,590,588,591,-1,591,588,589,-1,592,590,593,-1,593,590,591,-1,594,592,595,-1,595,592,593,-1,596,594,597,-1,597,594,595,-1,598,596,599,-1,599,596,597,-1,600,598,601,-1,601,598,599,-1,602,600,603,-1,603,600,601,-1,603,604,602,-1,602,604,605,-1,606,605,607,-1,607,605,604,-1,606,607,608,-1,606,608,609,-1,609,608,610,-1,609,610,611,-1,611,610,612,-1,611,612,613,-1,613,612,614,-1,613,614,615,-1,615,614,616,-1,615,616,617,-1,617,616,618,-1,617,618,619,-1,619,618,620,-1,619,620,621,-1,621,620,622,-1,621,622,623,-1,623,622,624,-1,623,624,625,-1,625,624,626,-1,625,626,627,-1,627,626,628,-1,627,628,629,-1,630,629,631,-1,631,629,628,-1,630,631,632,-1,630,632,633,-1,633,632,634,-1,633,634,635,-1,480,635,481,-1,481,635,634,-1,506,509,539,-1,539,509,511,-1,539,511,536,-1,515,517,535,-1,542,544,540,-1,540,544,546,-1,540,546,550,-1,550,546,548,-1,484,486,579,-1,496,498,562,-1,577,588,590,-1,536,511,535,-1,535,511,512,-1,535,512,515,-1,527,529,531,-1,552,554,550,-1,550,554,506,-1,550,506,540,-1,540,506,539,-1,496,562,494,-1,517,519,535,-1,535,519,521,-1,535,521,523,-1,523,525,535,-1,535,525,527,-1,535,527,533,-1,533,527,531,-1,498,500,562,-1,562,500,502,-1,562,502,554,-1,554,502,504,-1,554,504,506,-1,602,635,600,-1,600,635,594,-1,600,594,598,-1,598,594,596,-1,486,488,579,-1,579,488,490,-1,579,490,562,-1,562,490,492,-1,562,492,494,-1,592,594,590,-1,590,594,635,-1,590,635,577,-1,577,635,480,-1,577,480,579,-1,579,480,482,-1,579,482,484,-1,623,625,606,-1,625,627,606,-1,606,627,629,-1,606,629,605,-1,605,629,630,-1,605,630,602,-1,602,630,633,-1,602,633,635,-1,606,609,611,-1,611,613,606,-1,606,613,615,-1,606,615,617,-1,617,619,606,-1,606,619,621,-1,606,621,623,-1,634,632,603,-1,603,632,631,-1,603,631,604,-1,604,631,607,-1,607,631,628,-1,607,628,626,-1,599,597,601,-1,601,597,595,-1,601,595,591,-1,591,595,593,-1,501,499,563,-1,489,487,578,-1,555,553,551,-1,626,624,607,-1,607,624,622,-1,607,622,620,-1,589,576,591,-1,591,576,634,-1,591,634,601,-1,601,634,603,-1,489,578,491,-1,487,485,578,-1,578,485,483,-1,578,483,576,-1,576,483,481,-1,576,481,634,-1,538,507,541,-1,541,507,547,-1,541,547,543,-1,543,547,545,-1,620,618,607,-1,607,618,616,-1,607,616,614,-1,614,612,607,-1,607,612,610,-1,607,610,608,-1,499,497,563,-1,563,497,495,-1,563,495,578,-1,578,495,493,-1,578,493,491,-1,549,547,551,-1,551,547,507,-1,551,507,555,-1,555,507,505,-1,555,505,563,-1,563,505,503,-1,563,503,501,-1,518,516,534,-1,534,532,530,-1,516,514,534,-1,534,514,513,-1,534,513,537,-1,537,513,510,-1,537,510,538,-1,538,510,508,-1,538,508,507,-1,530,528,534,-1,534,528,526,-1,534,526,524,-1,524,522,534,-1,534,522,520,-1,534,520,518,-1,558,573,556,-1,556,573,575,-1,556,575,636,-1,636,575,637,-1,638,639,637,-1,637,639,636,-1,572,559,574,-1,574,559,557,-1,574,557,638,-1,638,557,639,-1,568,559,585,-1,585,559,572,-1,568,585,583,-1,568,583,566,-1,566,583,581,-1,566,581,564,-1,564,581,579,-1,564,579,562,-1,563,578,565,-1,565,578,580,-1,565,580,567,-1,567,580,582,-1,567,582,569,-1,569,582,584,-1,570,569,586,-1,586,569,584,-1,570,586,587,-1,570,587,561,-1,561,587,571,-1,561,571,560,-1,560,571,573,-1,560,573,558,-1,637,575,638,-1,638,575,574,-1,556,636,557,-1,557,636,639,-1,
        ]
    }
}
Shape{
    appearance Appearance {
        material  Material 	{
            diffuseColor 0.25098039215686274 0.25098039215686274 0.25098039215686274
            specularColor 0.12549019607843137 0.12549019607843137 0.12549019607843137
            ambientIntensity 0.251
            transparency 0.0
            shininess 0.5
        }
    }
    geometry IndexedFaceSet {
        ccw TRUE
        solid FALSE
        coord DEF co Coordinate {
            point [
                3.0965 -3.2522 0.2267, 3.0965 -3.2522 0.1836, 3.0965 -3.1475 0.1836, 3.0965 -3.2522 0.3993, 3.0965 -3.2522 0.3674, 3.0965 -3.1475 0.3674, 3.0965 -2.9763 0.2059, 3.0965 -2.9738 0.2087, 3.0965 -2.9738 0.2267, 3.0965 -3.1058 0.509, 3.0965 -3.0977 0.51, 3.0965 -3.141 0.51, 3.0965 -3.0779 0.4, 3.0965 -3.0849 0.3993, 3.0965 -3.0489 0.3993, 3.0965 -1.0937 0.2047, 3.0965 -1.0937 0.2267, 3.0965 -2.8375 0.2267, 3.0965 -3.0285 0.4966, 3.0965 -3.0285 0.4617, 3.0965 -2.9991 0.4617, 3.0965 -3.0235 0.2268, 3.0965 -3.0249 0.2267, 3.0965 -2.9991 0.2267, 3.0965 -3.0465 0.2272, 3.0965 -3.0489 0.228, 3.0965 -3.0489 0.2267, 3.0965 -2.8922 0.3239, 3.0965 -2.8922 0.2891, 3.0965 -2.8719 0.2891, 3.0965 -3.3466 0.4242, 3.0965 -3.3256 0.4065, 3.0965 -3.2522 0.51, 3.0965 -3.4326 0.51, 3.0965 -3.4152 0.4981, 3.0965 -3.3892 0.4678, 3.0965 -3.3734 0.4369, 3.0965 -3.3696 0.4357, 3.0965 -3.5925 0.5208, 3.0965 -3.5567 0.5341, 3.0965 -4.0464 0.9921, 3.0965 -3.2522 0.9921, 3.0965 -3.4852 0.5342, 3.0965 -3.4466 0.5197, 3.0965 -3.5204 0.5383, 3.0965 -3.6102 0.51, 3.0965 -4.0464 0.51, 3.0965 -3.6133 0.5081, 3.0965 -4.0464 0.3993, 3.0965 -3.7795 0.3993, 3.0965 -3.7727 0.4146, 3.0965 -3.7541 0.4385, 3.0965 -3.6956 0.4719, 3.0965 -3.6651 0.4756, 3.0965 -3.6315 0.4925, 3.0965 -3.6562 0.4751, 3.0965 -3.6473 0.4741, 3.0965 -3.7489 0.4434, 3.0965 -3.7243 0.4607, 3.0965 -3.7338 0.2453, 3.0965 -3.758 0.2659, 3.0965 -4.0464 0.2267, 3.0965 -3.7059 0.2317, 3.0965 -3.7757 0.2912, 3.0965 -3.7867 0.32, 3.0965 -4.0464 0.3674, 3.0965 -3.7905 0.3503, 3.0965 -3.7903 0.3577, 3.0965 -3.7885 0.3674, 3.0965 -3.7851 0.3868, 3.0965 -3.6961 0.2288, 3.0965 -3.6951 0.2267, 3.0965 -3.6883 0.2122, 3.0965 -4.0464 0.1836, 3.0965 -3.6768 0.198, 3.0965 -3.6617 0.1866, 3.0965 -4.0464 0.0079, 3.0965 -3.6438 0.1791, 3.0965 -3.6546 0.1836, 3.0965 -3.5905 0.1836, 3.0965 -3.6038 0.1785, 3.0965 -3.2522 0.0079, 3.0965 -3.6226 0.1762, 3.0965 -3.6255 0.1762, 3.0965 -3.5501 0.2267, 3.0965 -3.5502 0.2264, 3.0965 -3.5593 0.2091, 3.0965 -3.5712 0.1958, 3.0965 -3.5866 0.1851, 3.0965 -3.3004 0.3608, 3.0965 -3.2968 0.3356, 3.0965 -3.4513 0.2723, 3.0965 -3.446 0.2744, 3.0965 -3.4369 0.3185, 3.0965 -3.3254 0.2621, 3.0965 -3.3465 0.2442, 3.0965 -3.5645 0.3054, 3.0965 -3.4609 0.3596, 3.0965 -3.5781 0.3177, 3.0965 -3.5945 0.3265, 3.0965 -3.456 0.269, 3.0965 -3.3101 0.2835, 3.0965 -3.3452 0.3416, 3.0965 -3.3488 0.3565, 3.0965 -3.3547 0.3674, 3.0965 -3.7398 0.3674, 3.0965 -3.3004 0.308, 3.0965 -3.44 0.2752, 3.0965 -3.4392 0.2752, 3.0965 -3.4369 0.2746, 3.0965 -3.7353 0.3209, 3.0965 -3.7261 0.3053, 3.0965 -3.6868 0.2973, 3.0965 -3.7122 0.291, 3.0965 -3.6953 0.2806, 3.0965 -3.6582 0.3229, 3.0965 -3.674 0.3119, 3.0965 -3.7417 0.3518, 3.0965 -3.7408 0.3399, 3.0965 -3.6411 0.3294, 3.0965 -3.6226 0.3317, 3.0965 -3.6132 0.3311, 3.0965 -3.464 0.2512, 3.0965 -3.4638 0.2543, 3.0965 -3.5452 0.2613, 3.0965 -3.4622 0.2602, 3.0965 -3.4592 0.2654, 3.0965 -3.3605 0.2939, 3.0965 -3.352 0.3059, 3.0965 -3.3466 0.3197, 3.0965 -3.3448 0.3348, 3.0965 -3.4459 0.2279, 3.0965 -3.451 0.23, 3.0965 -3.456 0.2335, 3.0965 -3.4578 0.2354, 3.0965 -3.4612 0.2402, 3.0965 -3.4632 0.2455, 3.0965 -3.5456 0.2455, 3.0965 -3.5452 0.2535, 3.0965 -3.3701 0.2327, 3.0965 -3.3959 0.2272, 3.0965 -3.4415 0.2272, 3.0965 -3.4353 0.2744, 3.0965 -3.4005 0.2744, 3.0965 -3.3866 0.2771, 3.0965 -3.3729 0.2834, 3.0965 -3.3615 0.2928, 3.0965 -3.4113 0.3951, 3.0965 -3.7328 0.3878, 3.0965 -3.7394 0.3706, 3.0965 -3.4051 0.3951, 3.0965 -3.356 0.3698, 3.0965 -3.3649 0.3797, 3.0965 -3.3769 0.3881, 3.0965 -3.3904 0.3933, 3.0965 -3.428 0.4417, 3.0965 -3.4455 0.4625, 3.0965 -3.6234 0.4176, 3.0965 -3.4474 0.4643, 3.0965 -3.4692 0.4793, 3.0965 -3.6115 0.4421, 3.0965 -3.7248 0.3993, 3.0965 -3.6288 0.4206, 3.0965 -3.4123 0.3993, 3.0965 -3.4161 0.4167, 3.0965 -3.6462 0.4269, 3.0965 -3.6644 0.4292, 3.0965 -3.6724 0.4288, 3.0965 -3.5942 0.4628, 3.0965 -3.4934 0.4886, 3.0965 -3.5734 0.478, 3.0965 -3.5197 0.4919, 3.0965 -3.5482 0.4882, 3.0965 -3.6915 0.4242, 3.0965 -3.7088 0.4151, 3.0965 -3.7221 0.4032, 3.0965 -3.3205 0.3993, 3.0965 -3.3098 0.3845, 3.0965 -3.303 0.3674, 3.0965 -2.8502 0.3364, 3.0965 -2.8502 0.3239, 3.0965 -2.8375 0.3674, 3.0965 -2.8477 0.24, 3.0965 -2.8477 0.2276, 3.0965 -2.8719 0.2267, 3.0965 -2.8922 0.24, 3.0965 -2.8719 0.24, 3.0965 -2.8922 0.2766, 3.0965 -2.8719 0.2766, 3.0965 -2.8533 0.2766, 3.0965 -2.8533 0.2891, 3.0965 -2.8719 0.3239, 3.0965 -2.8719 0.2276, 3.0965 -2.9063 0.2276, 3.0965 -2.9136 0.2267, 3.0965 -2.9063 0.3364, 3.0965 -3.1305 0.2647, 3.0965 -3.1285 0.2867, 3.0965 -3.1333 0.2608, 3.0965 -3.1352 0.256, 3.0965 -3.0552 0.2444, 3.0965 -3.0736 0.2776, 3.0965 -3.0552 0.2303, 3.0965 -3.0736 0.2276, 3.0965 -3.0941 0.2317, 3.0965 -3.0989 0.2286, 3.0965 -3.0873 0.2276, 3.0965 -3.104 0.2267, 3.0965 -3.141 0.2267, 3.0965 -3.1338 0.2376, 3.0965 -3.1354 0.2422, 3.0965 -3.1155 0.3055, 3.0965 -3.141 0.3674, 3.0965 -3.1256 0.3015, 3.0965 -3.1285 0.2999, 3.0965 -3.141 0.1836, 3.0965 -3.1194 0.2267, 3.0965 -3.1196 0.2267, 3.0965 -3.1248 0.2287, 3.0965 -3.1263 0.2683, 3.0965 -3.1205 0.2713, 3.0965 -3.1202 0.292, 3.0965 -3.1103 0.2738, 3.0965 -3.0984 0.2956, 3.0965 -3.103 0.2961, 3.0965 -3.1117 0.2951, 3.0965 -3.1294 0.2319, 3.0965 -3.1309 0.2334, 3.0965 -3.0873 0.2396, 3.0965 -3.0876 0.2396, 3.0965 -3.0898 0.2363, 3.0965 -3.05 0.2412, 3.0965 -3.0489 0.2408, 3.0965 -3.0489 0.2697, 3.0965 -3.0529 0.2936, 3.0965 -3.0833 0.3021, 3.0965 -3.0796 0.2986, 3.0965 -3.1361 0.2484, 3.0965 -3.1361 0.2502, 3.0965 -3.0747 0.288, 3.0965 -3.0545 0.2791, 3.0965 -3.0546 0.2892, 3.0965 -3.1017 0.3071, 3.0965 -3.0936 0.3064, 3.0965 -3.0878 0.3046, 3.0965 -3.0873 0.277, 3.0965 -3.0878 0.2831, 3.0965 -3.0892 0.2879, 3.0965 -3.0908 0.2907, 3.0965 -3.0768 0.2942, 3.0965 -3.0551 0.2844, 3.0965 -3.049 0.2697, 3.0965 -3.0512 0.2721, 3.0965 -3.053 0.2749, 3.0965 -3.0928 0.2929, 3.0965 -3.0952 0.2945, 3.0965 -3.0421 0.2267, 3.0965 -3.0489 0.1836, 3.0965 -3.0341 0.2258, 3.0965 -3.0064 0.3037, 3.0965 -3.0064 0.2904, 3.0965 -3.0033 0.2433, 3.0965 -3.005 0.239, 3.0965 -3.0075 0.2354, 3.0965 -3.0504 0.2973, 3.0965 -3.0489 0.2987, 3.0965 -3.0489 0.3674, 3.0965 -3.0464 0.3009, 3.0965 -3.0422 0.3034, 3.0965 -3.0347 0.3061, 3.0965 -3.0248 0.3071, 3.0965 -2.9991 0.3674, 3.0965 -3.0156 0.3063, 3.0965 -3.0072 0.2616, 3.0965 -3.0047 0.2579, 3.0965 -3.0032 0.2538, 3.0965 -3.0027 0.2488, 3.0965 -3.0114 0.232, 3.0965 -3.0159 0.2294, 3.0965 -3.0262 0.2961, 3.0965 -3.0302 0.2958, 3.0965 -3.041 0.2856, 3.0965 -3.0338 0.2948, 3.0965 -3.0369 0.2932, 3.0965 -3.0409 0.2838, 3.0965 -3.0404 0.2817, 3.0965 -3.0394 0.2798, 3.0965 -3.0381 0.2784, 3.0965 -3.0333 0.2754, 3.0965 -3.0171 0.295, 3.0965 -3.0248 0.2717, 3.0965 -3.0094 0.2922, 3.0965 -3.0195 0.2695, 3.0965 -3.0105 0.2645, 3.0965 -3.039 0.2913, 3.0965 -3.0401 0.2896, 3.0965 -3.0408 0.2878, 3.0965 -3.0414 0.2379, 3.0965 -3.0344 0.2618, 3.0965 -3.0426 0.2655, 3.0965 -3.0328 0.2369, 3.0965 -3.0322 0.2369, 3.0965 -3.0255 0.258, 3.0965 -3.0252 0.2377, 3.0965 -3.0167 0.2474, 3.0965 -3.0168 0.2491, 3.0965 -3.0216 0.239, 3.0965 -3.0204 0.2397, 3.0965 -3.0188 0.2411, 3.0965 -3.0176 0.2429, 3.0965 -3.017 0.2448, 3.0965 -3.0174 0.2512, 3.0965 -3.0185 0.2531, 3.0965 -3.0202 0.2548, 3.0965 -2.7975 0.43, 3.0965 -2.8375 0.43, 3.0965 -2.7864 0.4003, 3.0965 -2.8375 0.3993, 3.0965 -2.7709 0.4003, 3.0965 -1.0937 0.3993, 3.0965 -1.0937 0.51, 3.0965 -2.8124 0.5091, 3.0965 -2.8375 0.51, 3.0965 -2.8429 0.43, 3.0965 -2.8533 0.4003, 3.0965 -2.8719 0.3993, 3.0965 -2.8688 0.4003, 3.0965 -2.8719 0.51, 3.0965 -2.8375 0.4826, 3.0965 -2.8274 0.5091, 3.0965 -2.9136 0.3993, 3.0965 -2.9151 0.4025, 3.0965 -2.9335 0.4003, 3.0965 -2.9324 0.5091, 3.0965 -2.9136 0.51, 3.0965 -2.9738 0.51, 3.0965 -2.9738 0.3993, 3.0965 -2.9635 0.4003, 3.0965 -2.9635 0.5091, 3.0965 -2.8778 0.4364, 3.0965 -2.8832 0.4251, 3.0965 -2.8874 0.4909, 3.0965 -2.8807 0.4814, 3.0965 -2.8913 0.4155, 3.0965 -2.9027 0.4073, 3.0965 -2.9136 0.4031, 3.0965 -2.8913 0.4947, 3.0965 -2.9158 0.5073, 3.0965 -2.9136 0.5065, 3.0965 -2.9027 0.5025, 3.0965 -2.8767 0.471, 3.0965 -2.8749 0.4561, 3.0965 -2.8752 0.4491, 3.0965 -2.9991 0.51, 3.0965 -2.9865 0.5091, 3.0965 -2.9991 0.5091, 3.0965 -2.9865 0.4966, 3.0965 -2.984 0.4127, 3.0965 -2.984 0.4003, 3.0965 -2.9991 0.3993, 3.0965 -3.0285 0.4127, 3.0965 -2.9991 0.4127, 3.0965 -3.0285 0.4493, 3.0965 -2.9991 0.4493, 3.0965 -2.9896 0.4493, 3.0965 -2.9896 0.4617, 3.0965 -2.9991 0.4966, 3.0965 -3.0426 0.5091, 3.0965 -3.0489 0.51, 3.0965 -3.0426 0.4003, 3.0965 -0.9559 0.7953, 3.0965 -0.9559 0.9921, 3.0965 -1.0937 0.7953, 3.0965 -2.8375 0.9921, 3.0965 -1.0937 0.3674, 3.0965 -2.6501 0.2276, 3.0965 -2.6612 0.2574, 3.0965 -2.7066 0.2574, 3.0965 -2.7389 0.2765, 3.0965 -2.7416 0.2637, 3.0965 -2.7325 0.2276, 3.0965 -2.7469 0.2525, 3.0965 -2.755 0.2429, 3.0965 -2.6761 0.3364, 3.0965 -2.6911 0.3364, 3.0965 -2.7386 0.2834, 3.0965 -2.7404 0.2984, 3.0965 -2.7961 0.3364, 3.0965 -2.7795 0.3346, 3.0965 -2.7664 0.2347, 3.0965 -2.7788 0.2298, 3.0965 -2.7973 0.2276, 3.0965 -2.755 0.322, 3.0965 -2.7511 0.3182, 3.0965 -2.7444 0.3087, 3.0965 -2.7664 0.3298, 3.0965 -2.6346 0.2276, 3.0965 -2.717 0.2276, 3.0965 -2.8272 0.2276, 3.0965 -2.8272 0.3364, 3.0965 -2.8375 0.1836, 3.0965 -0.9559 0.1836, 3.0965 -0.9559 0.2047, 3.0965 -3.0759 0.5098, 3.0965 -3.0644 0.5065, 3.0965 -2.9991 0.4003, 3.0965 -3.0644 0.4918, 3.0965 -3.0662 0.4038, 3.0965 -3.09 0.4982, 3.0965 -3.0948 0.498, 3.0965 -3.1023 0.412, 3.0965 -3.0925 0.4109, 3.0965 -3.0853 0.4113, 3.0965 -3.0656 0.4924, 3.0965 -3.0733 0.414, 3.0965 -3.0644 0.4182, 3.0965 -3.0644 0.4048, 3.0965 -3.1175 0.4197, 3.0965 -3.1309 0.4489, 3.0965 -3.1204 0.4224, 3.0965 -3.1291 0.4382, 3.0965 -3.1255 0.4295, 3.0965 -3.0766 0.4966, 3.0965 -3.1042 0.4961, 3.0965 -3.1127 0.492, 3.0965 -3.1197 0.4862, 3.0965 -3.1204 0.4853, 3.0965 -3.1257 0.4778, 3.0965 -3.1293 0.4683, 3.0965 -3.1311 0.4535, 3.0965 -3.1102 0.4148, 3.0965 -3.0901 0.5109, 3.0965 -3.141 0.9921, 3.0965 -3.0785 0.51, 3.0965 -3.0489 0.9921, 3.0965 -3.138 0.4846, 3.0965 -3.1301 0.4949, 3.0965 -3.1274 0.4975, 3.0965 -3.1172 0.5046, 3.0965 -3.141 0.4279, 3.0965 -3.1437 0.435, 3.0965 -3.1475 0.3993, 3.0965 -3.1458 0.4526, 3.0965 -3.1456 0.4583, 3.0965 -3.1475 0.51, 3.0965 -3.1432 0.4725, 3.0965 -3.141 0.4777, 3.0965 -3.1244 0.4068, 3.0965 -3.1319 0.4133, 3.0965 -3.141 0.3993, 3.0965 -3.1328 0.4143, 3.0965 -3.1393 0.4236, 3.0965 -3.0945 0.3984, 3.0965 -3.1028 0.3989, 3.0965 -3.1045 0.3993, 3.0965 -3.1143 0.4017, 3.0965 -3.1044 0.2266, 3.0965 -3.1115 0.2258, 3.0965 -2.9351 0.3053, 3.0965 -2.921 0.3053, 3.0965 -2.9136 0.3674, 3.0965 -2.8719 0.3364, 3.0965 -2.8719 0.3674, 3.0965 -2.952 0.2267, 3.0965 -2.96 0.2469, 3.0965 -2.9584 0.2405, 3.0965 -2.958 0.2405, 3.0965 -2.9738 0.3674, 3.0965 -2.9738 0.2864, 3.0965 -2.9563 0.2468, 3.0965 -2.9574 0.2432, 3.0965 -2.9738 0.2498, 3.0965 -2.9956 0.3053, 3.0965 -2.9803 0.3053, 3.0965 -2.9651 0.2278, 3.0965 -2.9656 0.2267, 3.0965 -2.9711 0.2137, 3.0965 -2.9991 0.1836, 3.0965 -2.9928 0.1921, 3.0965 -2.9928 0.2042, 3.0965 -2.99 0.2033, 3.0965 -2.985 0.2027, 3.0965 -2.9738 0.1934, 3.0965 -2.9785 0.1916, 3.0965 -2.9738 0.1836, 3.0965 -2.984 0.191, 3.0965 -2.987 0.1911, 3.0965 -2.9817 0.2031, 3.0965 -2.9787 0.2042, 3.0965 -2.9562 0.2159, 3.0965 -2.9624 0.2039, 3.0965 -2.9136 0.1836, 3.0965 -2.9674 0.1979, 3.0965 -2.9683 0.197, 3.0965 -2.9731 0.1937, 3.0965 -4.3024 0.0079, 3.0965 -4.3024 0.1836, 3.0965 -4.3024 0.2267, 3.0965 -4.3024 0.3674, 3.0965 -4.3024 0.3993, 3.0965 -4.3024 0.51, 3.0965 -4.3024 0.9921, 3.0965 -3.1503 0.4127, 3.0965 -3.1503 0.4003, 3.0965 -3.2077 0.4003, 3.0965 -3.1936 0.5091, 3.0965 -3.1936 0.4127, 3.0965 -3.2077 0.5091, 3.0965 -3.1475 0.2267, 3.0965 -3.1492 0.2276, 3.0965 -3.2077 0.2276, 3.0965 -3.1492 0.24, 3.0965 -3.1516 0.3239, 3.0965 -3.1936 0.2766, 3.0965 -3.1936 0.24, 3.0965 -3.1547 0.2766, 3.0965 -3.1547 0.2891, 3.0965 -3.1936 0.2891, 3.0965 -3.1936 0.3239, 3.0965 -3.2077 0.3364, 3.0965 -3.1516 0.3364, 3.0965 -3.1475 0.9921, 3.0965 -2.8719 0.9921, 3.0965 -2.9136 0.9921, 3.0965 -2.9738 0.9921, 3.0965 -2.9991 0.9921, 3.0965 -2.8719 0.1836, 3.0965 -3.1475 0.0079, 3.0965 -3.141 0.0079, 3.0965 -3.0489 0.0079, 3.0965 -2.9991 0.0079, 3.0965 -2.9738 0.0079, 3.0965 -2.9136 0.0079, 3.0965 -2.8719 0.0079, 3.0965 -2.8375 0.0079, 3.0965 -0.9559 0.0079, -1.7776 -1.0937 0.2047, -2.2264 -1.0937 0.2047, -1.7776 -1.0937 0.7953, -2.2264 -1.0937 0.7953, -1.2264 -1.0937 0.7953, -0.7776 -1.0937 0.7953, -1.2264 -1.0937 0.2047, -0.7776 -1.0937 0.2047, -0.2264 -1.0937 0.7953, 0.2224 -1.0937 0.7953, -0.2264 -1.0937 0.2047, 0.2224 -1.0937 0.2047, 0.7736 -1.0937 0.7953, 1.2224 -1.0937 0.7953, 0.7736 -1.0937 0.2047, 1.2224 -1.0937 0.2047, 1.7736 -1.0937 0.7953, 2.2224 -1.0937 0.7953, 1.7736 -1.0937 0.2047, 2.2224 -1.0937 0.2047, -2.7776 -1.0937 0.2047, -3.1004 -1.0937 0.2047, -2.7776 -1.0937 0.7953, -3.1004 -1.0937 0.7953, -3.1004 -0.9559 0.2047, -3.1004 -0.9559 0.0079, -3.1004 -0.9559 0.7953, -3.1004 -0.9559 0.9921, -3.1004 -4.3024 0.0079, -3.1004 -4.3024 0.1555, -3.1004 -4.3024 0.9921, -2.8996 -4.3024 0.0079, -2.8996 -4.3024 0.1555, -2.8996 -4.3024 0.9921, -2.3051 -4.3024 0.6969, -2.002 -4.3024 0.9921, -2.6988 -4.3024 0.6969, -2.6988 -4.3024 0.3031, -2.3051 -4.3024 0.3031, -2.002 -4.3024 0.1555, -1.3051 -4.3024 0.6969, -1.002 -4.3024 0.9921, -1.6988 -4.3024 0.6969, -1.6988 -4.3024 0.3031, -1.3051 -4.3024 0.3031, -1.002 -4.3024 0.1555, -0.3051 -4.3024 0.6969, -0.002 -4.3024 0.9921, -0.6988 -4.3024 0.6969, -0.6988 -4.3024 0.3031, -0.3051 -4.3024 0.3031, -0.002 -4.3024 0.1555, 0.6949 -4.3024 0.6969, 0.998 -4.3024 0.9921, 0.3012 -4.3024 0.6969, 0.3012 -4.3024 0.3031, 0.6949 -4.3024 0.3031, 0.998 -4.3024 0.1555, 1.6949 -4.3024 0.6969, 1.998 -4.3024 0.9921, 1.3012 -4.3024 0.6969, 1.3012 -4.3024 0.3031, 1.6949 -4.3024 0.3031, 1.998 -4.3024 0.1555, 2.6949 -4.3024 0.6969, 2.3012 -4.3024 0.6969, 2.3012 -4.3024 0.3031, 2.6949 -4.3024 0.3031, 3.0965 -4.3024 0.1555, -2.002 -4.3024 0.0079, -1.002 -4.3024 0.0079, -0.002 -4.3024 0.0079, 0.998 -4.3024 0.0079, 1.998 -4.3024 0.0079, -1.7776 -3.0622 0.2047, -1.2264 -3.0622 0.2047, 2.7736 -1.0937 0.2047, -2.7776 -3.0622 0.2047, -2.2264 -3.0622 0.2047, 0.2224 -3.0622 0.2047, 0.7736 -3.0622 0.2047, -0.2264 -3.0622 0.2047, -0.7776 -3.0622 0.2047, 2.2224 -3.0622 0.2047, 2.7736 -3.0622 0.2047, 1.7736 -3.0622 0.2047, 1.2224 -3.0622 0.2047, 2.7736 -1.0937 0.7953, 2.7736 -3.0622 0.7953, 2.2224 -3.0622 0.7953, -0.2264 -3.0622 0.7953, -0.7776 -3.0622 0.7953, 1.7736 -3.0622 0.7953, 1.2224 -3.0622 0.7953, 0.7736 -3.0622 0.7953, 0.2224 -3.0622 0.7953, -1.2264 -3.0622 0.7953, -1.7776 -3.0622 0.7953, -2.2264 -3.0622 0.7953, -2.7776 -3.0622 0.7953, -2.3839 -4.2236 0.6181, -2.3839 -3.0622 0.6181, -2.3839 -4.2236 0.3819, -2.3839 -3.0622 0.3819, -2.6201 -4.2236 0.3819, -2.6201 -3.0622 0.3819, -2.6201 -4.2236 0.6181, -2.6201 -3.0622 0.6181, 2.6161 -4.2236 0.6181, 2.6161 -3.0622 0.6181, 2.6161 -4.2236 0.3819, 2.6161 -3.0622 0.3819, 2.3799 -4.2236 0.3819, 2.3799 -3.0622 0.3819, 2.3799 -4.2236 0.6181, 2.3799 -3.0622 0.6181, 1.6161 -4.2236 0.6181, 1.6161 -3.0622 0.6181, 1.6161 -4.2236 0.3819, 1.6161 -3.0622 0.3819, 1.3799 -4.2236 0.3819, 1.3799 -3.0622 0.3819, 1.3799 -4.2236 0.6181, 1.3799 -3.0622 0.6181, 0.6161 -4.2236 0.6181, 0.6161 -3.0622 0.6181, 0.6161 -4.2236 0.3819, 0.6161 -3.0622 0.3819, 0.3799 -4.2236 0.3819, 0.3799 -3.0622 0.3819, 0.3799 -4.2236 0.6181, 0.3799 -3.0622 0.6181, -0.3839 -4.2236 0.6181, -0.3839 -3.0622 0.6181, -0.3839 -4.2236 0.3819, -0.3839 -3.0622 0.3819, -0.6201 -4.2236 0.3819, -0.6201 -3.0622 0.3819, -0.6201 -4.2236 0.6181, -0.6201 -3.0622 0.6181, -1.3839 -4.2236 0.6181, -1.3839 -3.0622 0.6181, -1.3839 -4.2236 0.3819, -1.3839 -3.0622 0.3819, -1.6201 -4.2236 0.3819, -1.6201 -3.0622 0.3819, -1.6201 -4.2236 0.6181, -1.6201 -3.0622 0.6181
            ]
        }
        coordIndex [
            0,1,2,-1,3,4,5,-1,6,7,8,-1,9,10,11,-1,12,13,14,-1,15,16,17,-1,18,19,20,-1,21,22,23,-1,24,25,26,-1,27,28,29,-1,30,31,32,-1,32,31,3,-1,33,34,32,-1,32,34,35,-1,35,36,32,-1,32,36,37,-1,32,37,30,-1,38,39,40,-1,41,42,43,-1,40,39,41,-1,41,39,44,-1,41,44,42,-1,38,40,45,-1,45,40,46,-1,45,46,47,-1,48,49,46,-1,46,49,50,-1,46,50,51,-1,46,52,47,-1,47,52,53,-1,47,53,54,-1,54,53,55,-1,54,55,56,-1,51,57,46,-1,46,57,58,-1,46,58,52,-1,59,60,61,-1,59,61,62,-1,60,63,61,-1,61,63,64,-1,61,64,65,-1,65,64,66,-1,66,67,65,-1,65,67,68,-1,65,68,48,-1,48,68,69,-1,48,69,49,-1,70,62,71,-1,71,62,61,-1,71,61,72,-1,72,61,73,-1,72,73,74,-1,74,73,75,-1,76,77,73,-1,73,77,78,-1,73,78,75,-1,79,80,81,-1,81,80,82,-1,81,82,76,-1,76,82,83,-1,76,83,77,-1,0,84,1,-1,1,84,85,-1,1,85,86,-1,86,87,1,-1,1,87,88,-1,1,88,79,-1,89,90,4,-1,91,92,93,-1,94,95,0,-1,96,97,98,-1,98,97,99,-1,91,93,100,-1,94,0,101,-1,102,103,97,-1,97,103,104,-1,97,104,105,-1,4,90,0,-1,0,90,106,-1,0,106,101,-1,92,107,93,-1,93,107,108,-1,93,108,109,-1,110,111,112,-1,112,111,113,-1,112,113,114,-1,115,105,116,-1,116,105,117,-1,116,117,112,-1,112,117,118,-1,112,118,110,-1,115,119,105,-1,105,119,120,-1,105,120,97,-1,97,120,121,-1,97,121,99,-1,122,123,124,-1,124,123,125,-1,124,125,93,-1,93,125,126,-1,93,126,100,-1,127,128,93,-1,93,128,129,-1,93,129,97,-1,97,129,130,-1,97,130,102,-1,131,132,84,-1,84,132,133,-1,84,133,134,-1,134,135,84,-1,84,135,136,-1,84,136,137,-1,137,136,122,-1,137,122,138,-1,138,122,124,-1,95,139,0,-1,0,139,140,-1,0,140,84,-1,84,140,141,-1,84,141,131,-1,109,142,93,-1,93,142,143,-1,93,143,144,-1,144,145,93,-1,93,145,146,-1,93,146,127,-1,147,148,149,-1,149,105,147,-1,147,105,104,-1,147,104,150,-1,150,104,151,-1,151,152,150,-1,150,152,153,-1,150,153,154,-1,155,156,157,-1,156,158,157,-1,157,158,159,-1,157,159,160,-1,161,157,162,-1,148,147,161,-1,161,147,163,-1,161,163,157,-1,157,163,164,-1,157,164,155,-1,162,165,161,-1,161,165,166,-1,161,166,167,-1,160,159,168,-1,168,159,169,-1,168,169,170,-1,170,169,171,-1,170,171,172,-1,173,174,167,-1,167,174,175,-1,167,175,161,-1,31,176,3,-1,3,176,177,-1,3,177,4,-1,4,177,178,-1,4,178,89,-1,179,180,181,-1,181,180,182,-1,181,182,17,-1,17,182,183,-1,17,183,184,-1,185,186,187,-1,187,186,188,-1,188,186,189,-1,189,186,182,-1,189,182,190,-1,190,182,180,-1,190,180,29,-1,29,180,191,-1,29,191,27,-1,183,192,184,-1,184,192,193,-1,184,193,194,-1,194,193,195,-1,196,197,198,-1,198,197,199,-1,200,201,202,-1,202,201,203,-1,202,203,25,-1,204,205,206,-1,206,205,207,-1,206,207,203,-1,208,209,210,-1,211,212,213,-1,213,212,214,-1,215,216,208,-1,208,216,217,-1,208,217,218,-1,196,219,197,-1,197,219,220,-1,197,220,221,-1,221,220,222,-1,223,224,222,-1,222,224,225,-1,222,225,221,-1,218,226,208,-1,208,226,227,-1,208,227,209,-1,228,229,206,-1,206,229,230,-1,206,230,204,-1,231,232,233,-1,234,235,236,-1,210,237,208,-1,208,237,238,-1,208,238,212,-1,212,238,199,-1,212,199,214,-1,214,199,197,-1,239,201,240,-1,234,236,241,-1,211,242,212,-1,212,242,243,-1,212,243,244,-1,245,246,222,-1,222,246,247,-1,222,247,248,-1,231,233,200,-1,236,249,241,-1,241,249,239,-1,241,239,250,-1,250,239,240,-1,233,251,200,-1,200,251,252,-1,200,252,201,-1,201,252,253,-1,201,253,240,-1,248,254,222,-1,222,254,255,-1,222,255,223,-1,24,26,256,-1,256,26,257,-1,256,257,258,-1,259,260,23,-1,261,262,23,-1,23,262,263,-1,264,265,266,-1,266,265,267,-1,266,267,268,-1,268,269,266,-1,266,269,270,-1,266,270,271,-1,271,270,272,-1,271,272,259,-1,273,274,260,-1,260,274,275,-1,260,275,23,-1,23,275,276,-1,23,276,261,-1,263,277,23,-1,23,277,278,-1,23,278,21,-1,279,280,281,-1,281,280,282,-1,281,282,283,-1,281,284,279,-1,279,284,285,-1,279,285,286,-1,286,287,279,-1,279,287,288,-1,279,288,289,-1,289,288,290,-1,289,290,291,-1,291,290,292,-1,291,292,260,-1,260,292,293,-1,260,293,273,-1,294,295,283,-1,283,295,296,-1,283,296,281,-1,297,298,232,-1,232,298,299,-1,232,299,233,-1,297,300,298,-1,298,300,301,-1,298,301,302,-1,302,301,303,-1,302,304,305,-1,303,306,302,-1,302,306,307,-1,302,307,308,-1,308,309,302,-1,302,309,310,-1,302,310,304,-1,305,311,302,-1,302,311,312,-1,302,312,313,-1,314,315,316,-1,316,315,317,-1,316,317,318,-1,319,320,321,-1,321,320,322,-1,315,323,317,-1,317,323,324,-1,317,324,325,-1,325,324,326,-1,325,326,327,-1,327,326,328,-1,327,328,322,-1,322,328,329,-1,322,329,321,-1,330,331,332,-1,333,334,335,-1,330,332,336,-1,336,332,337,-1,336,337,335,-1,335,337,338,-1,335,338,333,-1,339,340,325,-1,341,342,327,-1,340,343,325,-1,325,343,344,-1,325,344,330,-1,330,344,345,-1,330,345,331,-1,341,327,346,-1,333,347,334,-1,334,347,348,-1,334,348,327,-1,327,348,349,-1,327,349,346,-1,342,350,327,-1,327,350,351,-1,327,351,325,-1,325,351,352,-1,325,352,339,-1,335,353,354,-1,354,353,355,-1,354,356,335,-1,335,356,357,-1,335,357,336,-1,336,357,358,-1,336,358,359,-1,360,361,362,-1,362,361,363,-1,363,361,364,-1,364,361,357,-1,364,357,365,-1,365,357,356,-1,365,356,20,-1,20,356,366,-1,20,366,18,-1,355,353,367,-1,367,353,368,-1,367,368,369,-1,370,371,372,-1,372,371,373,-1,372,373,320,-1,321,318,319,-1,319,318,317,-1,319,317,374,-1,375,376,377,-1,378,379,380,-1,380,379,381,-1,380,381,382,-1,16,374,383,-1,383,374,181,-1,383,181,384,-1,378,380,385,-1,385,380,384,-1,385,384,386,-1,387,388,181,-1,382,389,380,-1,380,389,390,-1,380,390,391,-1,392,393,384,-1,384,393,394,-1,384,394,386,-1,181,388,384,-1,384,388,395,-1,384,395,392,-1,383,396,16,-1,16,396,375,-1,16,375,397,-1,397,375,377,-1,397,380,16,-1,16,380,391,-1,16,391,17,-1,17,391,398,-1,17,398,181,-1,181,398,399,-1,181,399,387,-1,400,401,15,-1,15,401,402,-1,403,404,368,-1,358,405,359,-1,359,405,369,-1,359,369,14,-1,14,369,368,-1,14,368,406,-1,406,368,404,-1,12,14,407,-1,408,409,410,-1,411,412,413,-1,413,412,414,-1,413,414,406,-1,406,414,415,-1,406,415,14,-1,14,415,416,-1,14,416,407,-1,417,418,419,-1,419,418,420,-1,419,420,421,-1,411,413,410,-1,410,413,422,-1,410,422,408,-1,409,423,410,-1,410,423,424,-1,410,424,425,-1,425,426,410,-1,410,426,427,-1,410,427,428,-1,428,429,410,-1,410,429,418,-1,410,418,430,-1,430,418,417,-1,10,431,432,-1,432,431,433,-1,432,433,434,-1,11,435,436,-1,436,437,11,-1,11,437,438,-1,11,438,9,-1,439,440,441,-1,442,443,444,-1,444,443,445,-1,444,445,11,-1,11,445,446,-1,11,446,435,-1,447,448,449,-1,449,448,450,-1,449,450,451,-1,452,453,212,-1,212,453,454,-1,212,454,449,-1,449,454,455,-1,449,455,447,-1,235,234,244,-1,244,234,264,-1,244,264,212,-1,212,264,266,-1,212,266,452,-1,25,203,26,-1,26,203,207,-1,26,207,257,-1,257,207,456,-1,257,456,215,-1,215,456,457,-1,215,457,216,-1,458,459,460,-1,179,181,461,-1,461,181,462,-1,461,462,195,-1,195,462,460,-1,195,460,194,-1,194,460,459,-1,194,459,463,-1,464,465,466,-1,460,467,458,-1,458,467,468,-1,458,468,469,-1,469,468,464,-1,469,464,470,-1,470,464,466,-1,8,471,23,-1,23,471,472,-1,259,23,271,-1,271,23,472,-1,271,472,467,-1,467,472,473,-1,467,473,468,-1,474,471,475,-1,475,471,8,-1,475,8,476,-1,476,8,7,-1,477,478,479,-1,258,257,22,-1,22,257,477,-1,22,477,23,-1,23,477,479,-1,23,479,8,-1,8,479,480,-1,8,480,481,-1,482,483,484,-1,484,483,485,-1,484,485,477,-1,477,485,486,-1,477,486,478,-1,481,487,8,-1,8,487,488,-1,8,488,6,-1,489,490,491,-1,490,492,491,-1,491,492,493,-1,491,493,484,-1,484,493,494,-1,484,494,482,-1,495,76,496,-1,496,76,73,-1,496,73,497,-1,497,73,61,-1,497,61,498,-1,498,61,65,-1,498,65,499,-1,499,65,48,-1,499,48,500,-1,500,48,46,-1,500,46,501,-1,501,46,40,-1,502,503,441,-1,441,503,504,-1,505,444,32,-1,440,442,441,-1,441,442,444,-1,441,444,502,-1,502,444,505,-1,502,505,506,-1,5,441,3,-1,3,441,504,-1,3,504,32,-1,32,504,507,-1,32,507,505,-1,508,509,510,-1,509,508,511,-1,511,508,5,-1,511,5,512,-1,513,514,515,-1,515,514,511,-1,515,511,516,-1,516,511,512,-1,516,512,517,-1,517,512,518,-1,2,508,0,-1,0,508,510,-1,0,510,4,-1,4,510,519,-1,4,519,5,-1,5,519,520,-1,5,520,512,-1,10,432,11,-1,11,432,521,-1,11,521,444,-1,444,521,41,-1,444,41,32,-1,32,41,43,-1,32,43,33,-1,2,215,508,-1,508,215,208,-1,508,208,5,-1,5,208,212,-1,5,212,441,-1,441,212,449,-1,441,449,439,-1,439,449,451,-1,320,373,322,-1,322,373,522,-1,322,522,327,-1,327,522,523,-1,327,523,334,-1,334,523,524,-1,334,524,335,-1,335,524,525,-1,335,525,353,-1,353,525,434,-1,353,434,368,-1,368,434,433,-1,368,433,403,-1,374,317,181,-1,181,317,325,-1,181,325,462,-1,462,325,330,-1,462,330,460,-1,460,330,336,-1,460,336,467,-1,467,336,359,-1,467,359,271,-1,271,359,14,-1,271,14,266,-1,266,14,13,-1,266,13,452,-1,15,17,400,-1,400,17,184,-1,400,184,526,-1,526,184,194,-1,526,194,491,-1,491,194,463,-1,491,463,489,-1,79,81,1,-1,1,81,527,-1,1,527,2,-1,2,527,528,-1,2,528,215,-1,215,528,529,-1,215,529,257,-1,257,529,530,-1,257,530,477,-1,477,530,531,-1,477,531,484,-1,484,531,532,-1,484,532,491,-1,491,532,533,-1,491,533,526,-1,526,533,534,-1,526,534,400,-1,400,534,535,-1,400,535,401,-1,536,537,538,-1,538,537,539,-1,540,541,542,-1,542,541,543,-1,544,545,546,-1,546,545,547,-1,548,549,550,-1,550,549,551,-1,552,553,554,-1,554,553,555,-1,556,557,558,-1,558,557,559,-1,402,535,560,-1,560,535,561,-1,562,563,370,-1,370,563,371,-1,557,560,561,-1,563,562,559,-1,561,564,557,-1,557,564,565,-1,557,565,559,-1,559,565,566,-1,559,566,563,-1,565,564,567,-1,565,568,566,-1,566,568,569,-1,570,571,572,-1,572,571,569,-1,572,569,573,-1,573,569,568,-1,573,568,574,-1,574,568,575,-1,574,575,570,-1,570,575,571,-1,576,577,578,-1,578,577,571,-1,578,571,579,-1,579,571,575,-1,579,575,580,-1,580,575,581,-1,580,581,576,-1,576,581,577,-1,582,583,584,-1,584,583,577,-1,584,577,585,-1,585,577,581,-1,585,581,586,-1,586,581,587,-1,586,587,582,-1,582,587,583,-1,588,589,590,-1,590,589,583,-1,590,583,591,-1,591,583,587,-1,591,587,592,-1,592,587,593,-1,592,593,588,-1,588,593,589,-1,594,595,596,-1,596,595,589,-1,596,589,597,-1,597,589,593,-1,597,593,598,-1,598,593,599,-1,598,599,594,-1,594,599,595,-1,600,501,601,-1,601,501,595,-1,601,595,602,-1,602,595,599,-1,602,599,603,-1,603,599,604,-1,603,604,600,-1,600,604,501,-1,565,567,568,-1,568,567,605,-1,568,605,575,-1,575,605,606,-1,575,606,581,-1,581,606,607,-1,581,607,587,-1,587,607,608,-1,587,608,593,-1,593,608,609,-1,593,609,599,-1,599,609,495,-1,599,495,604,-1,595,501,371,-1,566,569,563,-1,563,569,571,-1,571,577,563,-1,563,577,583,-1,563,583,371,-1,371,583,589,-1,371,589,595,-1,535,495,609,-1,609,608,535,-1,535,608,607,-1,535,607,561,-1,561,607,606,-1,606,605,561,-1,561,605,567,-1,561,567,564,-1,402,560,556,-1,556,560,557,-1,536,610,611,-1,612,15,402,-1,542,543,402,-1,613,614,556,-1,556,614,537,-1,556,537,402,-1,402,537,536,-1,402,536,542,-1,542,536,611,-1,547,615,616,-1,550,551,402,-1,616,550,547,-1,547,550,402,-1,547,402,546,-1,546,402,543,-1,546,543,617,-1,617,543,618,-1,555,619,620,-1,620,612,555,-1,555,612,402,-1,555,402,554,-1,554,402,551,-1,554,551,621,-1,621,551,622,-1,623,372,612,-1,612,372,15,-1,558,559,562,-1,370,372,623,-1,624,625,623,-1,623,625,553,-1,623,553,370,-1,370,553,552,-1,544,626,627,-1,628,629,552,-1,552,629,549,-1,552,549,370,-1,370,549,548,-1,630,631,548,-1,548,631,545,-1,548,545,370,-1,370,545,544,-1,370,544,541,-1,541,544,627,-1,632,633,540,-1,540,633,538,-1,539,634,635,-1,635,558,539,-1,539,558,562,-1,539,562,538,-1,538,562,370,-1,538,370,540,-1,540,370,541,-1,636,637,638,-1,638,637,639,-1,638,639,640,-1,640,639,641,-1,640,641,642,-1,642,641,643,-1,642,643,636,-1,636,643,637,-1,637,634,639,-1,639,634,614,-1,639,614,641,-1,641,614,613,-1,641,613,643,-1,643,613,635,-1,643,635,637,-1,637,635,634,-1,635,613,558,-1,558,613,556,-1,614,634,537,-1,537,634,539,-1,570,636,574,-1,574,636,638,-1,572,642,570,-1,570,642,636,-1,640,573,638,-1,638,573,574,-1,573,640,572,-1,572,640,642,-1,644,645,646,-1,646,645,647,-1,646,647,648,-1,648,647,649,-1,648,649,650,-1,650,649,651,-1,650,651,644,-1,644,651,645,-1,652,653,654,-1,654,653,655,-1,654,655,656,-1,656,655,657,-1,656,657,658,-1,658,657,659,-1,658,659,652,-1,652,659,653,-1,660,661,662,-1,662,661,663,-1,662,663,664,-1,664,663,665,-1,664,665,666,-1,666,665,667,-1,666,667,660,-1,660,667,661,-1,668,669,670,-1,670,669,671,-1,670,671,672,-1,672,671,673,-1,672,673,674,-1,674,673,675,-1,674,675,668,-1,668,675,669,-1,676,677,678,-1,678,677,679,-1,678,679,680,-1,680,679,681,-1,680,681,682,-1,682,681,683,-1,682,683,676,-1,676,683,677,-1,677,632,679,-1,679,632,611,-1,679,611,681,-1,681,611,610,-1,681,610,683,-1,683,610,633,-1,683,633,677,-1,677,633,632,-1,633,610,538,-1,538,610,536,-1,611,632,542,-1,542,632,540,-1,669,626,671,-1,671,626,617,-1,671,617,673,-1,673,617,618,-1,673,618,675,-1,675,618,627,-1,675,627,669,-1,669,627,626,-1,627,618,541,-1,541,618,543,-1,617,626,546,-1,546,626,544,-1,661,630,663,-1,663,630,616,-1,663,616,665,-1,665,616,615,-1,665,615,667,-1,667,615,631,-1,667,631,661,-1,661,631,630,-1,631,615,545,-1,545,615,547,-1,616,630,550,-1,550,630,548,-1,653,628,655,-1,655,628,621,-1,655,621,657,-1,657,621,622,-1,657,622,659,-1,659,622,629,-1,659,629,653,-1,653,629,628,-1,629,622,549,-1,549,622,551,-1,621,628,554,-1,554,628,552,-1,645,624,647,-1,647,624,620,-1,647,620,649,-1,649,620,619,-1,649,619,651,-1,651,619,625,-1,651,625,645,-1,645,625,624,-1,625,619,553,-1,553,619,555,-1,620,624,612,-1,612,624,623,-1,576,676,580,-1,580,676,678,-1,578,682,576,-1,576,682,676,-1,680,579,678,-1,678,579,580,-1,579,680,578,-1,578,680,682,-1,582,668,586,-1,586,668,670,-1,584,674,582,-1,582,674,668,-1,672,585,670,-1,670,585,586,-1,585,672,584,-1,584,672,674,-1,588,660,592,-1,592,660,662,-1,590,666,588,-1,588,666,660,-1,664,591,662,-1,662,591,592,-1,591,664,590,-1,590,664,666,-1,594,652,598,-1,598,652,654,-1,596,658,594,-1,594,658,652,-1,656,597,654,-1,654,597,598,-1,597,656,596,-1,596,656,658,-1,600,644,603,-1,603,644,646,-1,601,650,600,-1,600,650,644,-1,648,602,646,-1,646,602,603,-1,602,648,601,-1,601,648,650,-1,
        ]
    }
}
Shape{
    appearance Appearance {
        material  Material 	{
            diffuseColor 1.0 1.0 1.0
            specularColor 0.5019607843137255 0.5019607843137255 0.5019607843137255
            ambientIntensity 1.0
            transparency 0.0
            shininess 0.5
        }
    }
    geometry IndexedFaceSet {
        ccw TRUE
        solid FALSE
        coord DEF co Coordinate {
            point [
                3.1004 -3.1503 0.4127, 3.1004 -3.1503 0.4003, 3.0965 -3.1503 0.4127, 3.0965 -3.1503 0.4003, 3.1004 -3.1936 0.4127, 3.0965 -3.1936 0.4127, 3.1004 -3.1936 0.5091, 3.0965 -3.1936 0.5091, 3.1004 -3.2077 0.5091, 3.0965 -3.2077 0.5091, 3.1004 -3.2077 0.4003, 3.0965 -3.2077 0.4003, 3.1004 -3.0945 0.3984, 3.0965 -3.0945 0.3984, 3.1004 -3.0779 0.4, 3.0965 -3.0849 0.3993, 3.0965 -3.0779 0.4, 3.0965 -3.0662 0.4038, 3.1004 -3.0662 0.4038, 3.0965 -3.0644 0.4048, 3.1004 -3.0644 0.4048, 3.1004 -3.0644 0.4182, 3.0965 -3.0644 0.4182, 3.0965 -3.0733 0.414, 3.1004 -3.0733 0.414, 3.0965 -3.0853 0.4113, 3.1004 -3.0853 0.4113, 3.0965 -3.0925 0.4109, 3.1004 -3.0925 0.4109, 3.0965 -3.1023 0.412, 3.1004 -3.1023 0.412, 3.0965 -3.1102 0.4148, 3.1004 -3.1102 0.4148, 3.0965 -3.1175 0.4197, 3.1004 -3.1175 0.4197, 3.0965 -3.1204 0.4224, 3.1004 -3.1204 0.4224, 3.0965 -3.1255 0.4295, 3.1004 -3.1255 0.4295, 3.0965 -3.1291 0.4382, 3.1004 -3.1291 0.4382, 3.0965 -3.1309 0.4489, 3.1004 -3.1309 0.4489, 3.0965 -3.1311 0.4535, 3.1004 -3.1311 0.4535, 3.0965 -3.1293 0.4683, 3.1004 -3.1293 0.4683, 3.0965 -3.1257 0.4778, 3.1004 -3.1257 0.4778, 3.0965 -3.1204 0.4853, 3.1004 -3.1204 0.4853, 3.0965 -3.1197 0.4862, 3.1004 -3.1197 0.4862, 3.0965 -3.1127 0.492, 3.1004 -3.1127 0.492, 3.0965 -3.1042 0.4961, 3.1004 -3.1042 0.4961, 3.0965 -3.0948 0.498, 3.1004 -3.0948 0.498, 3.0965 -3.09 0.4982, 3.1004 -3.09 0.4982, 3.0965 -3.0766 0.4966, 3.1004 -3.0766 0.4966, 3.0965 -3.0656 0.4924, 3.1004 -3.0656 0.4924, 3.0965 -3.0644 0.4918, 3.1004 -3.0644 0.4918, 3.1004 -3.0644 0.5065, 3.0965 -3.0644 0.5065, 3.0965 -3.0901 0.5109, 3.1004 -3.0901 0.5109, 3.0965 -3.0785 0.51, 3.1004 -3.0759 0.5098, 3.0965 -3.0759 0.5098, 3.0965 -3.0977 0.51, 3.1004 -3.1058 0.509, 3.0965 -3.1058 0.509, 3.0965 -3.1172 0.5046, 3.1004 -3.1172 0.5046, 3.0965 -3.1274 0.4975, 3.1004 -3.1274 0.4975, 3.0965 -3.1301 0.4949, 3.1004 -3.1301 0.4949, 3.0965 -3.138 0.4846, 3.0965 -3.141 0.4777, 3.1004 -3.1432 0.4725, 3.1004 -3.138 0.4846, 3.0965 -3.1432 0.4725, 3.0965 -3.1456 0.4583, 3.1004 -3.1456 0.4583, 3.0965 -3.1458 0.4526, 3.1004 -3.1458 0.4526, 3.0965 -3.1437 0.435, 3.0965 -3.141 0.4279, 3.1004 -3.1393 0.4236, 3.1004 -3.1437 0.435, 3.0965 -3.1393 0.4236, 3.0965 -3.1328 0.4143, 3.1004 -3.1328 0.4143, 3.0965 -3.1319 0.4133, 3.1004 -3.1319 0.4133, 3.1004 -3.1028 0.3989, 3.0965 -3.1244 0.4068, 3.1004 -3.1244 0.4068, 3.0965 -3.1143 0.4017, 3.1004 -3.1143 0.4017, 3.0965 -3.1045 0.3993, 3.0965 -3.1028 0.3989, 3.1004 -2.984 0.4127, 3.1004 -2.984 0.4003, 3.0965 -2.984 0.4127, 3.0965 -2.984 0.4003, 3.0965 -3.0285 0.4127, 3.1004 -3.0285 0.4127, 3.0965 -2.9991 0.4127, 3.1004 -3.0285 0.4493, 3.0965 -3.0285 0.4493, 3.1004 -2.9896 0.4493, 3.0965 -2.9991 0.4493, 3.0965 -2.9896 0.4493, 3.1004 -2.9896 0.4617, 3.0965 -2.9896 0.4617, 3.0965 -3.0285 0.4617, 3.1004 -3.0285 0.4617, 3.0965 -2.9991 0.4617, 3.1004 -3.0285 0.4966, 3.0965 -3.0285 0.4966, 3.0965 -2.9865 0.4966, 3.1004 -2.9865 0.4966, 3.0965 -2.9991 0.4966, 3.1004 -2.9865 0.5091, 3.0965 -2.9865 0.5091, 3.0965 -3.0426 0.5091, 3.1004 -3.0426 0.5091, 3.0965 -2.9991 0.5091, 3.1004 -3.0426 0.4003, 3.0965 -3.0426 0.4003, 3.0965 -2.9991 0.4003, 3.1004 -2.8959 0.4306, 3.1004 -2.9013 0.424, 3.1004 -2.8913 0.4155, 3.1004 -2.9026 0.4228, 3.1004 -2.9027 0.4073, 3.1004 -2.9096 0.4179, 3.1004 -2.9151 0.4025, 3.1004 -2.9186 0.4145, 3.1004 -2.9335 0.4003, 3.1004 -2.9336 0.4127, 3.1004 -2.9635 0.4003, 3.1004 -2.9494 0.4127, 3.1004 -2.9635 0.5091, 3.1004 -2.9494 0.4966, 3.1004 -2.9324 0.5091, 3.1004 -2.933 0.4966, 3.1004 -2.9158 0.5073, 3.1004 -2.9183 0.4949, 3.1004 -2.9027 0.5025, 3.1004 -2.909 0.4913, 3.1004 -2.8913 0.4947, 3.1004 -2.9016 0.4863, 3.1004 -2.8874 0.4909, 3.1004 -2.8985 0.4833, 3.1004 -2.8807 0.4814, 3.1004 -2.8943 0.4772, 3.1004 -2.8767 0.471, 3.1004 -2.8912 0.4692, 3.1004 -2.8749 0.4561, 3.1004 -2.8896 0.4557, 3.1004 -2.8752 0.4491, 3.1004 -2.89 0.4486, 3.1004 -2.8778 0.4364, 3.1004 -2.8922 0.4387, 3.1004 -2.8832 0.4251, 3.0965 -2.9335 0.4003, 3.0965 -2.9635 0.4003, 3.0965 -2.8913 0.4155, 3.0965 -2.9151 0.4025, 3.0965 -2.9136 0.4031, 3.0965 -2.9027 0.4073, 3.0965 -2.8832 0.4251, 3.0965 -2.8778 0.4364, 3.0965 -2.8752 0.4491, 3.0965 -2.8749 0.4561, 3.0965 -2.8767 0.471, 3.0965 -2.8807 0.4814, 3.0965 -2.8874 0.4909, 3.0965 -2.8913 0.4947, 3.0965 -2.9027 0.5025, 3.0965 -2.9136 0.5065, 3.0965 -2.9158 0.5073, 3.0965 -2.9324 0.5091, 3.0965 -2.9635 0.5091, 3.0965 -2.933 0.4966, 3.0965 -2.9494 0.4966, 3.0965 -2.9494 0.4127, 3.0965 -2.9336 0.4127, 3.0965 -2.9013 0.424, 3.0965 -2.9026 0.4228, 3.0965 -2.9096 0.4179, 3.0965 -2.9186 0.4145, 3.0965 -2.8896 0.4557, 3.0965 -2.89 0.4486, 3.0965 -2.8922 0.4387, 3.0965 -2.8959 0.4306, 3.0965 -2.9016 0.4863, 3.0965 -2.8985 0.4833, 3.0965 -2.8943 0.4772, 3.0965 -2.8912 0.4692, 3.0965 -2.9183 0.4949, 3.0965 -2.909 0.4913
            ]
        }
        coordIndex [
            0,1,2,-1,2,1,3,-1,4,0,5,-1,5,0,2,-1,6,4,7,-1,7,4,5,-1,8,6,9,-1,9,6,7,-1,10,8,11,-1,11,8,9,-1,1,10,3,-1,3,10,11,-1,6,8,4,-1,4,8,10,-1,4,10,0,-1,0,10,1,-1,12,13,14,-1,14,13,15,-1,15,16,14,-1,14,16,17,-1,14,17,18,-1,18,17,19,-1,18,19,20,-1,21,20,22,-1,22,20,19,-1,21,22,23,-1,21,23,24,-1,24,23,25,-1,24,25,26,-1,26,25,27,-1,26,27,28,-1,28,27,29,-1,28,29,30,-1,30,29,31,-1,30,31,32,-1,32,31,33,-1,32,33,34,-1,34,33,35,-1,34,35,36,-1,36,35,37,-1,36,37,38,-1,38,37,39,-1,38,39,40,-1,40,39,41,-1,40,41,42,-1,42,41,43,-1,42,43,44,-1,44,43,45,-1,44,45,46,-1,46,45,47,-1,46,47,48,-1,48,47,49,-1,48,49,50,-1,50,49,51,-1,50,51,52,-1,52,51,53,-1,52,53,54,-1,54,53,55,-1,54,55,56,-1,56,55,57,-1,56,57,58,-1,58,57,59,-1,58,59,60,-1,60,59,61,-1,60,61,62,-1,62,61,63,-1,62,63,64,-1,64,63,65,-1,64,65,66,-1,67,66,68,-1,68,66,65,-1,69,70,71,-1,71,70,72,-1,71,72,73,-1,73,72,67,-1,73,67,68,-1,70,69,74,-1,70,74,75,-1,74,76,75,-1,75,76,77,-1,75,77,78,-1,78,77,79,-1,78,79,80,-1,80,79,81,-1,80,81,82,-1,82,81,83,-1,84,85,83,-1,83,85,86,-1,83,86,82,-1,84,87,85,-1,85,87,88,-1,85,88,89,-1,89,88,90,-1,89,90,91,-1,91,90,92,-1,93,94,92,-1,92,94,95,-1,92,95,91,-1,93,96,94,-1,94,96,97,-1,94,97,98,-1,98,97,99,-1,98,99,100,-1,13,12,101,-1,100,99,102,-1,100,102,103,-1,103,102,104,-1,103,104,105,-1,105,104,106,-1,105,106,101,-1,101,106,107,-1,101,107,13,-1,82,52,80,-1,80,52,54,-1,80,54,78,-1,91,44,89,-1,89,44,46,-1,89,46,85,-1,85,46,86,-1,86,46,48,-1,86,48,82,-1,82,48,50,-1,82,50,52,-1,78,54,75,-1,75,54,56,-1,75,56,70,-1,20,21,18,-1,18,21,24,-1,18,24,14,-1,14,24,26,-1,14,26,12,-1,12,26,28,-1,12,28,101,-1,101,28,30,-1,101,30,105,-1,105,30,32,-1,105,32,103,-1,103,32,34,-1,103,34,100,-1,100,34,36,-1,100,36,98,-1,98,36,38,-1,98,38,94,-1,94,38,95,-1,95,38,40,-1,95,40,91,-1,91,40,42,-1,91,42,44,-1,56,58,70,-1,70,58,60,-1,70,60,72,-1,72,60,62,-1,72,62,67,-1,67,62,64,-1,67,64,66,-1,108,109,110,-1,110,109,111,-1,112,113,114,-1,114,113,108,-1,114,108,110,-1,115,113,116,-1,116,113,112,-1,115,116,117,-1,117,116,118,-1,117,118,119,-1,120,117,121,-1,121,117,119,-1,122,123,124,-1,124,123,120,-1,124,120,121,-1,125,123,126,-1,126,123,122,-1,127,128,129,-1,129,128,125,-1,129,125,126,-1,130,128,131,-1,131,128,127,-1,132,133,134,-1,134,133,130,-1,134,130,131,-1,135,133,136,-1,136,133,132,-1,111,109,137,-1,137,109,135,-1,137,135,136,-1,135,109,108,-1,108,113,135,-1,135,113,115,-1,135,115,133,-1,128,130,125,-1,125,130,133,-1,125,133,123,-1,123,133,115,-1,123,115,120,-1,120,115,117,-1,138,139,140,-1,140,139,141,-1,140,141,142,-1,142,141,143,-1,142,143,144,-1,144,143,145,-1,144,145,146,-1,146,145,147,-1,146,147,148,-1,148,147,149,-1,148,149,150,-1,150,149,151,-1,150,151,152,-1,152,151,153,-1,152,153,154,-1,154,153,155,-1,154,155,156,-1,156,155,157,-1,156,157,158,-1,158,157,159,-1,158,159,160,-1,160,159,161,-1,160,161,162,-1,162,161,163,-1,162,163,164,-1,164,163,165,-1,164,165,166,-1,166,165,167,-1,166,167,168,-1,168,167,169,-1,168,169,170,-1,170,169,171,-1,170,171,172,-1,172,171,138,-1,172,138,140,-1,146,148,173,-1,173,148,174,-1,175,140,142,-1,146,173,176,-1,146,176,144,-1,144,176,177,-1,144,177,142,-1,142,177,178,-1,142,178,175,-1,140,175,179,-1,140,179,172,-1,172,179,180,-1,172,180,170,-1,170,180,181,-1,170,181,168,-1,168,181,182,-1,168,182,166,-1,166,182,183,-1,166,183,164,-1,164,183,184,-1,164,184,162,-1,162,184,185,-1,162,185,160,-1,160,185,186,-1,160,186,158,-1,158,186,187,-1,188,154,187,-1,187,154,156,-1,187,156,158,-1,188,189,154,-1,154,189,190,-1,154,190,152,-1,150,152,191,-1,191,152,190,-1,148,150,174,-1,174,150,191,-1,153,151,192,-1,192,151,193,-1,151,149,193,-1,193,149,194,-1,149,147,194,-1,194,147,195,-1,139,196,197,-1,139,197,141,-1,141,197,198,-1,141,198,143,-1,143,198,199,-1,143,199,145,-1,145,199,195,-1,145,195,147,-1,167,200,201,-1,167,201,169,-1,169,201,202,-1,169,202,171,-1,171,202,203,-1,171,203,138,-1,138,203,196,-1,138,196,139,-1,159,204,205,-1,159,205,161,-1,161,205,206,-1,161,206,163,-1,163,206,207,-1,163,207,165,-1,165,207,200,-1,165,200,167,-1,153,192,208,-1,153,208,155,-1,155,208,209,-1,155,209,157,-1,157,209,204,-1,157,204,159,-1,
        ]
    }
}
Shape{
    appearance Appearance {
        material  Material 	{
            diffuseColor 0.25098039215686274 0.25098039215686274 0.25098039215686274
            specularColor 0.12549019607843137 0.12549019607843137 0.12549019607843137
            ambientIntensity 0.251
            transparency 0.0
            shininess 0.5
        }
    }
    geometry IndexedFaceSet {
        ccw TRUE
        solid FALSE
        coord DEF co Coordinate {
            point [
                3.0965 -2.9494 0.4966, 3.0965 -2.9494 0.4127, 3.0965 -2.933 0.4966, 3.0965 -2.9336 0.4127, 3.0965 -2.9186 0.4145, 3.0965 -2.9096 0.4179, 3.0965 -2.9026 0.4228, 3.0965 -2.9013 0.424, 3.0965 -2.8959 0.4306, 3.0965 -2.8922 0.4387, 3.0965 -2.8896 0.4557, 3.0965 -2.9016 0.4863, 3.0965 -2.909 0.4913, 3.0965 -2.8912 0.4692, 3.0965 -2.8943 0.4772, 3.0965 -2.8985 0.4833, 3.0965 -2.89 0.4486, 3.0965 -2.9183 0.4949
            ]
        }
        coordIndex [
            0,1,2,-1,2,1,3,-1,3,4,2,-1,2,4,5,-1,2,5,6,-1,6,7,2,-1,2,7,8,-1,2,8,9,-1,10,11,12,-1,13,14,10,-1,10,14,15,-1,10,15,11,-1,9,16,2,-1,2,16,10,-1,2,10,17,-1,17,10,12,-1,
        ]
    }
}
Shape{
    appearance Appearance {
        material  Material 	{
            diffuseColor 1.0 1.0 1.0
            specularColor 0.5019607843137255 0.5019607843137255 0.5019607843137255
            ambientIntensity 1.0
            transparency 0.0
            shininess 0.5
        }
    }
    geometry IndexedFaceSet {
        ccw TRUE
        solid FALSE
        coord DEF co Coordinate {
            point [
                3.1004 -2.8384 0.4423, 3.1004 -2.8429 0.43, 3.1004 -2.8019 0.4423, 3.1004 -2.7975 0.43, 3.1004 -2.8221 0.4876, 3.1004 -2.8274 0.5091, 3.1004 -2.8688 0.4003, 3.1004 -2.8533 0.4003, 3.1004 -2.8212 0.4908, 3.1004 -2.8203 0.4952, 3.1004 -2.8124 0.5091, 3.1004 -2.82 0.4952, 3.1004 -2.8191 0.4906, 3.1004 -2.8183 0.4876, 3.1004 -2.7709 0.4003, 3.1004 -2.7864 0.4003, 3.0965 -2.8124 0.5091, 3.0965 -2.7709 0.4003, 3.0965 -2.8274 0.5091, 3.0965 -2.8688 0.4003, 3.0965 -2.8375 0.4826, 3.0965 -2.8533 0.4003, 3.0965 -2.8429 0.43, 3.0965 -2.7975 0.43, 3.0965 -2.8375 0.43, 3.0965 -2.7864 0.4003, 3.0965 -2.8384 0.4423, 3.0965 -2.8019 0.4423, 3.0965 -2.8183 0.4876, 3.0965 -2.82 0.4952, 3.0965 -2.8191 0.4906, 3.0965 -2.8203 0.4952, 3.0965 -2.8221 0.4876, 3.0965 -2.8212 0.4908
            ]
        }
        coordIndex [
            0,1,2,-1,2,1,3,-1,4,5,0,-1,0,5,6,-1,0,6,1,-1,1,6,7,-1,4,8,5,-1,5,8,9,-1,5,9,10,-1,10,9,11,-1,10,11,12,-1,12,13,10,-1,10,13,2,-1,10,2,14,-1,14,2,3,-1,14,3,15,-1,10,14,16,-1,16,14,17,-1,5,10,18,-1,18,10,16,-1,19,6,20,-1,20,6,5,-1,20,5,18,-1,7,6,21,-1,21,6,19,-1,1,7,22,-1,22,7,21,-1,23,3,24,-1,24,3,1,-1,24,1,22,-1,15,3,25,-1,25,3,23,-1,14,15,17,-1,17,15,25,-1,0,2,26,-1,26,2,27,-1,2,13,27,-1,27,13,28,-1,11,29,30,-1,11,30,12,-1,12,30,28,-1,12,28,13,-1,11,9,29,-1,29,9,31,-1,4,32,33,-1,4,33,8,-1,8,33,31,-1,8,31,9,-1,4,0,32,-1,32,0,26,-1,
        ]
    }
}
Shape{
    appearance Appearance {
        material  Material 	{
            diffuseColor 0.25098039215686274 0.25098039215686274 0.25098039215686274
            specularColor 0.12549019607843137 0.12549019607843137 0.12549019607843137
            ambientIntensity 0.251
            transparency 0.0
            shininess 0.5
        }
    }
    geometry IndexedFaceSet {
        ccw TRUE
        solid FALSE
        coord DEF co Coordinate {
            point [
                3.0965 -2.82 0.4952, 3.0965 -2.8203 0.4952, 3.0965 -2.8191 0.4906, 3.0965 -2.8212 0.4908, 3.0965 -2.8183 0.4876, 3.0965 -2.8221 0.4876, 3.0965 -2.8019 0.4423, 3.0965 -2.8384 0.4423
            ]
        }
        coordIndex [
            0,1,2,-1,2,1,3,-1,2,3,4,-1,4,3,5,-1,4,5,6,-1,6,5,7,-1,
        ]
    }
}
Shape{
    appearance Appearance {
        material  Material 	{
            diffuseColor 1.0 1.0 1.0
            specularColor 0.5019607843137255 0.5019607843137255 0.5019607843137255
            ambientIntensity 1.0
            transparency 0.0
            shininess 0.5
        }
    }
    geometry IndexedFaceSet {
        ccw TRUE
        solid FALSE
        coord DEF co Coordinate {
            point [
                3.1004 -3.1492 0.24, 3.1004 -3.1492 0.2276, 3.0965 -3.1492 0.24, 3.0965 -3.1492 0.2276, 3.1004 -3.1936 0.24, 3.0965 -3.1936 0.24, 3.1004 -3.1936 0.2766, 3.0965 -3.1936 0.2766, 3.1004 -3.1547 0.2766, 3.0965 -3.1547 0.2766, 3.1004 -3.1547 0.2891, 3.0965 -3.1547 0.2891, 3.1004 -3.1936 0.2891, 3.0965 -3.1936 0.2891, 3.1004 -3.1936 0.3239, 3.0965 -3.1936 0.3239, 3.1004 -3.1516 0.3239, 3.0965 -3.1516 0.3239, 3.1004 -3.1516 0.3364, 3.0965 -3.1516 0.3364, 3.1004 -3.2077 0.3364, 3.0965 -3.2077 0.3364, 3.1004 -3.2077 0.2276, 3.0965 -3.2077 0.2276, 3.1004 -3.0876 0.2396, 3.1004 -3.0873 0.2396, 3.1004 -3.0882 0.2522, 3.1004 -3.0873 0.2583, 3.1004 -3.0736 0.2776, 3.1004 -3.0873 0.2592, 3.1004 -3.0873 0.2666, 3.1004 -3.0873 0.2276, 3.1004 -3.0736 0.2276, 3.1004 -3.1222 0.2517, 3.1004 -3.1215 0.2548, 3.1004 -3.1333 0.2608, 3.1004 -3.0902 0.2473, 3.1004 -3.0931 0.2433, 3.1004 -3.0898 0.2363, 3.1004 -3.0948 0.2416, 3.1004 -3.0941 0.2317, 3.1004 -3.0987 0.239, 3.1004 -3.0989 0.2286, 3.1004 -3.1028 0.2375, 3.1004 -3.1044 0.2266, 3.1004 -3.1079 0.237, 3.1004 -3.1115 0.2258, 3.1004 -3.1125 0.2375, 3.1004 -3.1196 0.2267, 3.1004 -3.1156 0.2386, 3.1004 -3.1248 0.2287, 3.1004 -3.1183 0.2405, 3.1004 -3.1294 0.2319, 3.1004 -3.1195 0.2416, 3.1004 -3.1305 0.2647, 3.1004 -3.1203 0.2574, 3.1004 -3.1263 0.2683, 3.1004 -3.1187 0.2594, 3.1004 -3.1205 0.2713, 3.1004 -3.117 0.2607, 3.1004 -3.1138 0.2622, 3.1004 -3.1103 0.2738, 3.1004 -3.1055 0.2642, 3.1004 -3.0873 0.277, 3.1004 -3.1352 0.256, 3.1004 -3.1361 0.2502, 3.1004 -3.1223 0.2495, 3.1004 -3.1361 0.2484, 3.1004 -3.1219 0.2464, 3.1004 -3.1354 0.2422, 3.1004 -3.121 0.2439, 3.1004 -3.1338 0.2376, 3.1004 -3.1309 0.2334, 3.1004 -3.1285 0.2999, 3.1004 -3.1285 0.2867, 3.1004 -3.1256 0.3015, 3.1004 -3.1202 0.292, 3.1004 -3.1155 0.3055, 3.1004 -3.1117 0.2951, 3.1004 -3.1017 0.3071, 3.1004 -3.103 0.2961, 3.1004 -3.0936 0.3064, 3.1004 -3.0984 0.2956, 3.1004 -3.0878 0.3046, 3.1004 -3.0952 0.2945, 3.1004 -3.0833 0.3021, 3.1004 -3.0928 0.2929, 3.1004 -3.0796 0.2986, 3.1004 -3.0908 0.2907, 3.1004 -3.0768 0.2942, 3.1004 -3.0892 0.2879, 3.1004 -3.0747 0.288, 3.1004 -3.0878 0.2831, 3.0965 -3.1017 0.3071, 3.0965 -3.1155 0.3055, 3.0965 -3.1256 0.3015, 3.0965 -3.1285 0.2999, 3.0965 -3.1285 0.2867, 3.0965 -3.1202 0.292, 3.0965 -3.1117 0.2951, 3.0965 -3.103 0.2961, 3.0965 -3.0984 0.2956, 3.0965 -3.0952 0.2945, 3.0965 -3.0928 0.2929, 3.0965 -3.0908 0.2907, 3.0965 -3.0892 0.2879, 3.0965 -3.0878 0.2831, 3.0965 -3.0873 0.277, 3.0965 -3.1103 0.2738, 3.0965 -3.1205 0.2713, 3.0965 -3.1263 0.2683, 3.0965 -3.1305 0.2647, 3.0965 -3.1333 0.2608, 3.0965 -3.1352 0.256, 3.0965 -3.1361 0.2502, 3.0965 -3.1361 0.2484, 3.0965 -3.1354 0.2422, 3.0965 -3.1338 0.2376, 3.0965 -3.1309 0.2334, 3.0965 -3.1294 0.2319, 3.0965 -3.1115 0.2258, 3.0965 -3.1194 0.2267, 3.0965 -3.1196 0.2267, 3.0965 -3.1248 0.2287, 3.0965 -3.1044 0.2266, 3.0965 -3.104 0.2267, 3.0965 -3.0989 0.2286, 3.0965 -3.0941 0.2317, 3.0965 -3.0898 0.2363, 3.0965 -3.0876 0.2396, 3.0965 -3.0873 0.2396, 3.0965 -3.0873 0.2276, 3.0965 -3.0736 0.2276, 3.0965 -3.0736 0.2776, 3.0965 -3.0747 0.288, 3.0965 -3.0768 0.2942, 3.0965 -3.0796 0.2986, 3.0965 -3.0833 0.3021, 3.0965 -3.0878 0.3046, 3.0965 -3.0936 0.3064, 3.0965 -3.1187 0.2594, 3.0965 -3.117 0.2607, 3.0965 -3.1138 0.2622, 3.0965 -3.1055 0.2642, 3.0965 -3.1223 0.2495, 3.0965 -3.1222 0.2517, 3.0965 -3.1215 0.2548, 3.0965 -3.1203 0.2574, 3.0965 -3.1183 0.2405, 3.0965 -3.1195 0.2416, 3.0965 -3.121 0.2439, 3.0965 -3.1219 0.2464, 3.0965 -3.1079 0.237, 3.0965 -3.1125 0.2375, 3.0965 -3.1156 0.2386, 3.0965 -3.0931 0.2433, 3.0965 -3.0948 0.2416, 3.0965 -3.0987 0.239, 3.0965 -3.1028 0.2375, 3.0965 -3.0873 0.2592, 3.0965 -3.0873 0.2583, 3.0965 -3.0882 0.2522, 3.0965 -3.0902 0.2473, 3.0965 -3.0873 0.2666
            ]
        }
        coordIndex [
            0,1,2,-1,2,1,3,-1,4,0,5,-1,5,0,2,-1,6,4,7,-1,7,4,5,-1,8,6,9,-1,9,6,7,-1,10,8,11,-1,11,8,9,-1,12,10,13,-1,13,10,11,-1,14,12,15,-1,15,12,13,-1,16,14,17,-1,17,14,15,-1,18,16,19,-1,19,16,17,-1,20,18,21,-1,21,18,19,-1,22,20,23,-1,23,20,21,-1,1,22,3,-1,3,22,23,-1,22,1,0,-1,0,4,22,-1,22,4,6,-1,22,6,20,-1,16,18,14,-1,14,18,20,-1,14,20,12,-1,12,20,6,-1,12,6,10,-1,10,6,8,-1,24,25,26,-1,27,28,29,-1,29,28,30,-1,31,32,25,-1,25,32,28,-1,25,28,26,-1,26,28,27,-1,33,34,35,-1,26,36,24,-1,24,36,37,-1,24,37,38,-1,38,37,39,-1,38,39,40,-1,40,39,41,-1,40,41,42,-1,42,41,43,-1,42,43,44,-1,44,43,45,-1,44,45,46,-1,46,45,47,-1,46,47,48,-1,48,47,49,-1,48,49,50,-1,50,49,51,-1,50,51,52,-1,52,51,53,-1,35,34,54,-1,54,34,55,-1,54,55,56,-1,56,55,57,-1,56,57,58,-1,57,59,58,-1,58,59,60,-1,58,60,61,-1,61,60,62,-1,61,62,63,-1,35,64,33,-1,33,64,65,-1,33,65,66,-1,66,65,67,-1,66,67,68,-1,68,67,69,-1,68,69,70,-1,70,69,71,-1,70,71,53,-1,53,71,72,-1,53,72,52,-1,73,74,75,-1,75,74,76,-1,75,76,77,-1,77,76,78,-1,77,78,79,-1,79,78,80,-1,79,80,81,-1,81,80,82,-1,81,82,83,-1,83,82,84,-1,83,84,85,-1,85,84,86,-1,85,86,87,-1,87,86,88,-1,87,88,89,-1,89,88,90,-1,89,90,91,-1,91,90,92,-1,91,92,28,-1,28,92,63,-1,28,63,30,-1,30,63,62,-1,79,93,94,-1,79,94,77,-1,77,94,95,-1,77,95,75,-1,75,95,96,-1,75,96,73,-1,74,73,97,-1,97,73,96,-1,74,97,98,-1,74,98,76,-1,76,98,99,-1,76,99,78,-1,78,99,100,-1,78,100,80,-1,80,100,101,-1,80,101,82,-1,82,101,102,-1,82,102,84,-1,84,102,103,-1,84,103,86,-1,86,103,104,-1,86,104,88,-1,88,104,105,-1,88,105,90,-1,90,105,106,-1,90,106,92,-1,92,106,107,-1,92,107,63,-1,61,63,108,-1,108,63,107,-1,61,108,109,-1,61,109,58,-1,58,109,110,-1,58,110,56,-1,56,110,111,-1,56,111,54,-1,54,111,112,-1,54,112,35,-1,35,112,113,-1,35,113,64,-1,64,113,114,-1,64,114,65,-1,65,114,115,-1,65,115,67,-1,67,115,116,-1,67,116,69,-1,69,116,117,-1,69,117,71,-1,71,117,118,-1,71,118,72,-1,72,118,119,-1,72,119,52,-1,120,46,121,-1,121,46,48,-1,121,48,122,-1,122,48,50,-1,122,50,123,-1,123,50,52,-1,123,52,119,-1,46,120,124,-1,46,124,44,-1,44,124,125,-1,44,125,42,-1,125,126,42,-1,42,126,127,-1,42,127,40,-1,40,127,128,-1,40,128,38,-1,38,128,129,-1,38,129,24,-1,25,24,130,-1,130,24,129,-1,31,25,131,-1,131,25,130,-1,32,31,132,-1,132,31,131,-1,28,32,133,-1,133,32,132,-1,28,133,134,-1,28,134,91,-1,91,134,135,-1,91,135,89,-1,89,135,136,-1,89,136,87,-1,87,136,137,-1,87,137,85,-1,85,137,138,-1,85,138,83,-1,83,138,139,-1,83,139,81,-1,81,139,93,-1,81,93,79,-1,57,140,141,-1,57,141,59,-1,59,141,142,-1,59,142,60,-1,60,142,143,-1,60,143,62,-1,66,144,145,-1,66,145,33,-1,33,145,146,-1,33,146,34,-1,34,146,147,-1,34,147,55,-1,55,147,140,-1,55,140,57,-1,51,148,149,-1,51,149,53,-1,53,149,150,-1,53,150,70,-1,70,150,151,-1,70,151,68,-1,68,151,144,-1,68,144,66,-1,45,152,153,-1,45,153,47,-1,47,153,154,-1,47,154,49,-1,49,154,148,-1,49,148,51,-1,37,155,156,-1,37,156,39,-1,39,156,157,-1,39,157,41,-1,41,157,158,-1,41,158,43,-1,43,158,152,-1,43,152,45,-1,29,159,160,-1,29,160,27,-1,27,160,161,-1,27,161,26,-1,26,161,162,-1,26,162,36,-1,36,162,155,-1,36,155,37,-1,29,30,159,-1,159,30,163,-1,30,62,163,-1,163,62,143,-1,
        ]
    }
}
Shape{
    appearance Appearance {
        material  Material 	{
            diffuseColor 0.25098039215686274 0.25098039215686274 0.25098039215686274
            specularColor 0.12549019607843137 0.12549019607843137 0.12549019607843137
            ambientIntensity 0.251
            transparency 0.0
            shininess 0.5
        }
    }
    geometry IndexedFaceSet {
        ccw TRUE
        solid FALSE
        coord DEF co Coordinate {
            point [
                3.0965 -3.0873 0.2583, 3.0965 -3.0873 0.2592, 3.0965 -3.1187 0.2594, 3.0965 -3.0873 0.2666, 3.0965 -3.1055 0.2642, 3.0965 -3.1138 0.2622, 3.0965 -3.117 0.2607, 3.0965 -3.0882 0.2522, 3.0965 -3.1203 0.2574, 3.0965 -3.0902 0.2473, 3.0965 -3.1195 0.2416, 3.0965 -3.1183 0.2405, 3.0965 -3.0948 0.2416, 3.0965 -3.121 0.2439, 3.0965 -3.0987 0.239, 3.0965 -3.1028 0.2375, 3.0965 -3.1079 0.237, 3.0965 -3.1215 0.2548, 3.0965 -3.1222 0.2517, 3.0965 -3.0931 0.2433, 3.0965 -3.1223 0.2495, 3.0965 -3.1219 0.2464, 3.0965 -3.1156 0.2386, 3.0965 -3.1125 0.2375
            ]
        }
        coordIndex [
            0,1,2,-1,1,3,4,-1,4,5,1,-1,1,5,6,-1,1,6,2,-1,0,2,7,-1,7,2,8,-1,7,8,9,-1,10,11,12,-1,10,12,13,-1,14,12,15,-1,15,12,16,-1,8,17,9,-1,9,17,18,-1,9,18,19,-1,19,18,20,-1,19,20,12,-1,12,20,21,-1,12,21,13,-1,11,22,12,-1,12,22,23,-1,12,23,16,-1,
        ]
    }
}
Shape{
    appearance Appearance {
        material  Material 	{
            diffuseColor 1.0 1.0 1.0
            specularColor 0.5019607843137255 0.5019607843137255 0.5019607843137255
            ambientIntensity 1.0
            transparency 0.0
            shininess 0.5
        }
    }
    geometry IndexedFaceSet {
        ccw TRUE
        solid FALSE
        coord DEF co Coordinate {
            point [
                3.0965 -3.0552 0.2444, 3.1004 -3.0552 0.2444, 3.1004 -3.05 0.2412, 3.1004 -3.0328 0.2369, 3.0965 -3.0328 0.2369, 3.0965 -3.0414 0.2379, 3.1004 -3.0414 0.2379, 3.0965 -3.0489 0.2408, 3.0965 -3.05 0.2412, 3.1004 -3.0552 0.2303, 3.0965 -3.0552 0.2303, 3.1004 -3.0465 0.2272, 3.0965 -3.0489 0.228, 3.0965 -3.0341 0.2258, 3.1004 -3.0341 0.2258, 3.0965 -3.0421 0.2267, 3.0965 -3.0465 0.2272, 3.0965 -3.0249 0.2267, 3.1004 -3.0235 0.2268, 3.0965 -3.0235 0.2268, 3.0965 -3.0159 0.2294, 3.1004 -3.0159 0.2294, 3.0965 -3.0114 0.232, 3.1004 -3.0114 0.232, 3.0965 -3.0075 0.2354, 3.1004 -3.0075 0.2354, 3.0965 -3.005 0.239, 3.1004 -3.005 0.239, 3.0965 -3.0033 0.2433, 3.1004 -3.0033 0.2433, 3.0965 -3.0027 0.2488, 3.1004 -3.0027 0.2488, 3.0965 -3.0032 0.2538, 3.1004 -3.0032 0.2538, 3.0965 -3.0047 0.2579, 3.1004 -3.0047 0.2579, 3.0965 -3.0072 0.2616, 3.1004 -3.0072 0.2616, 3.0965 -3.0105 0.2645, 3.1004 -3.0105 0.2645, 3.0965 -3.0195 0.2695, 3.1004 -3.0195 0.2695, 3.0965 -3.0248 0.2717, 3.1004 -3.0248 0.2717, 3.0965 -3.0333 0.2754, 3.1004 -3.0333 0.2754, 3.0965 -3.0381 0.2784, 3.1004 -3.0381 0.2784, 3.0965 -3.0394 0.2798, 3.1004 -3.0394 0.2798, 3.0965 -3.0404 0.2817, 3.1004 -3.0404 0.2817, 3.0965 -3.0409 0.2838, 3.1004 -3.0409 0.2838, 3.0965 -3.041 0.2856, 3.1004 -3.041 0.2856, 3.0965 -3.0408 0.2878, 3.1004 -3.0408 0.2878, 3.0965 -3.0401 0.2896, 3.1004 -3.0401 0.2896, 3.0965 -3.039 0.2913, 3.1004 -3.039 0.2913, 3.0965 -3.0369 0.2932, 3.1004 -3.0369 0.2932, 3.0965 -3.0338 0.2948, 3.1004 -3.0338 0.2948, 3.0965 -3.0302 0.2958, 3.1004 -3.0302 0.2958, 3.0965 -3.0262 0.2961, 3.1004 -3.0262 0.2961, 3.0965 -3.0171 0.295, 3.1004 -3.0171 0.295, 3.0965 -3.0094 0.2922, 3.1004 -3.0094 0.2922, 3.0965 -3.0064 0.2904, 3.1004 -3.0064 0.2904, 3.1004 -3.0064 0.3037, 3.0965 -3.0064 0.3037, 3.0965 -3.0156 0.3063, 3.1004 -3.0156 0.3063, 3.0965 -3.0248 0.3071, 3.1004 -3.0248 0.3071, 3.0965 -3.0347 0.3061, 3.1004 -3.0347 0.3061, 3.0965 -3.0422 0.3034, 3.1004 -3.0422 0.3034, 3.0965 -3.0464 0.3009, 3.1004 -3.0464 0.3009, 3.0965 -3.0489 0.2987, 3.1004 -3.0504 0.2973, 3.0965 -3.0504 0.2973, 3.0965 -3.0529 0.2936, 3.1004 -3.0529 0.2936, 3.0965 -3.0546 0.2892, 3.1004 -3.0546 0.2892, 3.0965 -3.0551 0.2844, 3.1004 -3.0551 0.2844, 3.0965 -3.0545 0.2791, 3.1004 -3.0545 0.2791, 3.0965 -3.053 0.2749, 3.1004 -3.053 0.2749, 3.0965 -3.0512 0.2721, 3.1004 -3.0512 0.2721, 3.0965 -3.0344 0.2618, 3.1004 -3.0344 0.2618, 3.1004 -3.0426 0.2655, 3.0965 -3.049 0.2697, 3.1004 -3.049 0.2697, 3.0965 -3.0489 0.2697, 3.0965 -3.0426 0.2655, 3.0965 -3.0255 0.258, 3.1004 -3.0255 0.258, 3.0965 -3.0202 0.2548, 3.1004 -3.0202 0.2548, 3.0965 -3.0185 0.2531, 3.1004 -3.0185 0.2531, 3.0965 -3.0174 0.2512, 3.1004 -3.0174 0.2512, 3.0965 -3.0168 0.2491, 3.1004 -3.0168 0.2491, 3.0965 -3.0167 0.2474, 3.1004 -3.0167 0.2474, 3.0965 -3.017 0.2448, 3.1004 -3.017 0.2448, 3.0965 -3.0176 0.2429, 3.1004 -3.0176 0.2429, 3.0965 -3.0188 0.2411, 3.1004 -3.0188 0.2411, 3.0965 -3.0204 0.2397, 3.1004 -3.0204 0.2397, 3.0965 -3.0216 0.239, 3.1004 -3.0216 0.239, 3.0965 -3.0252 0.2377, 3.1004 -3.0252 0.2377, 3.0965 -3.0322 0.2369, 3.1004 -3.0322 0.2369, 3.1004 -2.9351 0.3053, 3.1004 -2.921 0.3053, 3.0965 -2.9351 0.3053, 3.0965 -2.921 0.3053, 3.1004 -2.9563 0.2468, 3.0965 -2.9563 0.2468, 3.0965 -2.9574 0.2432, 3.1004 -2.9574 0.2432, 3.0965 -2.958 0.2405, 3.1004 -2.958 0.2405, 3.1004 -2.9584 0.2405, 3.0965 -2.9584 0.2405, 3.1004 -2.96 0.2469, 3.0965 -2.96 0.2469, 3.0965 -2.9803 0.3053, 3.1004 -2.9803 0.3053, 3.0965 -2.9738 0.2864, 3.1004 -2.9956 0.3053, 3.0965 -2.9956 0.3053, 3.0965 -2.9651 0.2278, 3.1004 -2.9651 0.2278, 3.0965 -2.9738 0.2498, 3.0965 -2.9711 0.2137, 3.1004 -2.9711 0.2137, 3.0965 -2.9656 0.2267, 3.0965 -2.9738 0.2087, 3.1004 -2.9738 0.2087, 3.0965 -2.9763 0.2059, 3.1004 -2.9763 0.2059, 3.0965 -2.9787 0.2042, 3.1004 -2.9787 0.2042, 3.0965 -2.9817 0.2031, 3.1004 -2.9817 0.2031, 3.0965 -2.985 0.2027, 3.1004 -2.985 0.2027, 3.0965 -2.99 0.2033, 3.1004 -2.99 0.2033, 3.0965 -2.9928 0.2042, 3.1004 -2.9928 0.2042, 3.1004 -2.9928 0.1921, 3.0965 -2.9928 0.1921, 3.0965 -2.987 0.1911, 3.1004 -2.987 0.1911, 3.0965 -2.984 0.191, 3.1004 -2.984 0.191, 3.0965 -2.9785 0.1916, 3.1004 -2.9785 0.1916, 3.0965 -2.9738 0.1934, 3.1004 -2.9731 0.1937, 3.0965 -2.9731 0.1937, 3.0965 -2.9683 0.197, 3.1004 -2.9683 0.197, 3.0965 -2.9674 0.1979, 3.1004 -2.9674 0.1979, 3.0965 -2.9624 0.2039, 3.1004 -2.9624 0.2039, 3.0965 -2.9562 0.2159, 3.1004 -2.9562 0.2159, 3.0965 -2.952 0.2267, 3.1004 -2.8477 0.24, 3.1004 -2.8477 0.2276, 3.0965 -2.8477 0.24, 3.0965 -2.8477 0.2276, 3.0965 -2.8922 0.24, 3.1004 -2.8922 0.24, 3.0965 -2.8719 0.24, 3.1004 -2.8922 0.2766, 3.0965 -2.8922 0.2766, 3.0965 -2.8533 0.2766, 3.1004 -2.8533 0.2766, 3.0965 -2.8719 0.2766, 3.1004 -2.8533 0.2891, 3.0965 -2.8533 0.2891, 3.0965 -2.8922 0.2891, 3.1004 -2.8922 0.2891, 3.0965 -2.8719 0.2891, 3.1004 -2.8922 0.3239, 3.0965 -2.8922 0.3239, 3.0965 -2.8502 0.3239, 3.1004 -2.8502 0.3239, 3.0965 -2.8719 0.3239, 3.1004 -2.8502 0.3364, 3.0965 -2.8502 0.3364, 3.0965 -2.9063 0.3364, 3.1004 -2.9063 0.3364, 3.0965 -2.8719 0.3364, 3.1004 -2.9063 0.2276, 3.0965 -2.9063 0.2276, 3.0965 -2.8719 0.2276, 3.1004 -2.7596 0.258, 3.1004 -2.765 0.2514, 3.1004 -2.755 0.2429, 3.1004 -2.7663 0.2501, 3.1004 -2.7664 0.2347, 3.1004 -2.7733 0.2453, 3.1004 -2.7788 0.2298, 3.1004 -2.7823 0.2418, 3.1004 -2.7973 0.2276, 3.1004 -2.7973 0.24, 3.1004 -2.8272 0.2276, 3.1004 -2.8131 0.24, 3.1004 -2.8272 0.3364, 3.1004 -2.8131 0.3239, 3.1004 -2.7961 0.3364, 3.1004 -2.7967 0.3239, 3.1004 -2.7795 0.3346, 3.1004 -2.782 0.3222, 3.1004 -2.7664 0.3298, 3.1004 -2.7727 0.3187, 3.1004 -2.755 0.322, 3.1004 -2.7653 0.3137, 3.1004 -2.7511 0.3182, 3.1004 -2.7622 0.3107, 3.1004 -2.7444 0.3087, 3.1004 -2.758 0.3045, 3.1004 -2.7404 0.2984, 3.1004 -2.7549 0.2966, 3.1004 -2.7386 0.2834, 3.1004 -2.7534 0.283, 3.1004 -2.7389 0.2765, 3.1004 -2.7537 0.276, 3.1004 -2.7416 0.2637, 3.1004 -2.7559 0.266, 3.1004 -2.7469 0.2525, 3.0965 -2.7973 0.2276, 3.0965 -2.8272 0.2276, 3.0965 -2.7788 0.2298, 3.0965 -2.7664 0.2347, 3.0965 -2.755 0.2429, 3.0965 -2.7469 0.2525, 3.0965 -2.7416 0.2637, 3.0965 -2.7389 0.2765, 3.0965 -2.7386 0.2834, 3.0965 -2.7404 0.2984, 3.0965 -2.7444 0.3087, 3.0965 -2.7511 0.3182, 3.0965 -2.755 0.322, 3.0965 -2.7664 0.3298, 3.0965 -2.7795 0.3346, 3.0965 -2.7961 0.3364, 3.0965 -2.8272 0.3364, 3.0965 -2.7967 0.3239, 3.0965 -2.8131 0.3239, 3.0965 -2.8131 0.24, 3.0965 -2.7973 0.24, 3.0965 -2.765 0.2514, 3.0965 -2.7663 0.2501, 3.0965 -2.7733 0.2453, 3.0965 -2.7823 0.2418, 3.0965 -2.7534 0.283, 3.0965 -2.7537 0.276, 3.0965 -2.7559 0.266, 3.0965 -2.7596 0.258, 3.0965 -2.7653 0.3137, 3.0965 -2.7622 0.3107, 3.0965 -2.758 0.3045, 3.0965 -2.7549 0.2966, 3.0965 -2.782 0.3222, 3.0965 -2.7727 0.3187
            ]
        }
        coordIndex [
            0,1,2,-1,3,4,5,-1,3,5,6,-1,6,5,7,-1,6,7,2,-1,2,7,8,-1,2,8,0,-1,9,1,10,-1,10,1,0,-1,9,10,11,-1,11,10,12,-1,13,14,15,-1,15,14,11,-1,15,11,16,-1,16,11,12,-1,13,17,14,-1,14,17,18,-1,17,19,18,-1,18,19,20,-1,18,20,21,-1,21,20,22,-1,21,22,23,-1,23,22,24,-1,23,24,25,-1,25,24,26,-1,25,26,27,-1,27,26,28,-1,27,28,29,-1,29,28,30,-1,29,30,31,-1,31,30,32,-1,31,32,33,-1,33,32,34,-1,33,34,35,-1,35,34,36,-1,35,36,37,-1,37,36,38,-1,37,38,39,-1,39,38,40,-1,39,40,41,-1,41,40,42,-1,41,42,43,-1,43,42,44,-1,43,44,45,-1,45,44,46,-1,45,46,47,-1,47,46,48,-1,47,48,49,-1,49,48,50,-1,49,50,51,-1,51,50,52,-1,51,52,53,-1,53,52,54,-1,53,54,55,-1,55,54,56,-1,55,56,57,-1,57,56,58,-1,57,58,59,-1,59,58,60,-1,59,60,61,-1,61,60,62,-1,61,62,63,-1,63,62,64,-1,63,64,65,-1,65,64,66,-1,65,66,67,-1,67,66,68,-1,67,68,69,-1,69,68,70,-1,69,70,71,-1,71,70,72,-1,71,72,73,-1,73,72,74,-1,73,74,75,-1,76,75,77,-1,77,75,74,-1,76,77,78,-1,76,78,79,-1,79,78,80,-1,79,80,81,-1,81,80,82,-1,81,82,83,-1,83,82,84,-1,83,84,85,-1,85,84,86,-1,85,86,87,-1,86,88,87,-1,87,88,89,-1,88,90,89,-1,89,90,91,-1,89,91,92,-1,92,91,93,-1,92,93,94,-1,94,93,95,-1,94,95,96,-1,96,95,97,-1,96,97,98,-1,98,97,99,-1,98,99,100,-1,100,99,101,-1,100,101,102,-1,103,104,105,-1,102,101,106,-1,102,106,107,-1,107,106,108,-1,107,108,105,-1,105,108,109,-1,105,109,103,-1,104,103,110,-1,104,110,111,-1,111,110,112,-1,111,112,113,-1,113,112,114,-1,113,114,115,-1,115,114,116,-1,115,116,117,-1,117,116,118,-1,117,118,119,-1,119,118,120,-1,119,120,121,-1,121,120,122,-1,121,122,123,-1,123,122,124,-1,123,124,125,-1,125,124,126,-1,125,126,127,-1,127,126,128,-1,127,128,129,-1,129,128,130,-1,129,130,131,-1,131,130,132,-1,131,132,133,-1,133,132,134,-1,133,134,135,-1,135,134,4,-1,135,4,3,-1,61,63,85,-1,85,63,83,-1,45,104,43,-1,43,104,111,-1,43,111,41,-1,14,3,11,-1,11,3,6,-1,11,6,9,-1,9,6,2,-1,9,2,1,-1,63,65,83,-1,83,65,67,-1,83,67,81,-1,81,67,69,-1,81,69,79,-1,79,69,71,-1,79,71,76,-1,76,71,73,-1,76,73,75,-1,41,111,39,-1,39,111,113,-1,39,113,37,-1,37,113,115,-1,37,115,35,-1,35,115,117,-1,35,117,33,-1,33,117,119,-1,33,119,31,-1,31,119,121,-1,31,121,29,-1,29,121,123,-1,29,123,27,-1,27,123,125,-1,27,125,25,-1,25,125,127,-1,25,127,23,-1,23,127,129,-1,23,129,21,-1,21,129,131,-1,21,131,18,-1,18,131,133,-1,18,133,14,-1,14,133,135,-1,14,135,3,-1,85,87,61,-1,61,87,89,-1,61,89,59,-1,59,89,92,-1,59,92,57,-1,57,92,94,-1,57,94,55,-1,55,94,96,-1,55,96,53,-1,53,96,98,-1,53,98,51,-1,51,98,100,-1,51,100,49,-1,49,100,102,-1,49,102,47,-1,47,102,107,-1,47,107,45,-1,45,107,105,-1,45,105,104,-1,136,137,138,-1,138,137,139,-1,140,136,141,-1,141,136,138,-1,140,141,142,-1,140,142,143,-1,143,142,144,-1,143,144,145,-1,146,145,147,-1,147,145,144,-1,148,146,149,-1,149,146,147,-1,150,151,152,-1,152,151,148,-1,152,148,149,-1,153,151,154,-1,154,151,150,-1,155,156,157,-1,157,156,153,-1,157,153,154,-1,158,159,160,-1,160,159,156,-1,160,156,155,-1,159,158,161,-1,159,161,162,-1,162,161,163,-1,162,163,164,-1,164,163,165,-1,164,165,166,-1,166,165,167,-1,166,167,168,-1,168,167,169,-1,168,169,170,-1,170,169,171,-1,170,171,172,-1,172,171,173,-1,172,173,174,-1,175,174,176,-1,176,174,173,-1,175,176,177,-1,175,177,178,-1,178,177,179,-1,178,179,180,-1,180,179,181,-1,180,181,182,-1,182,181,183,-1,182,183,184,-1,183,185,184,-1,184,185,186,-1,184,186,187,-1,187,186,188,-1,187,188,189,-1,189,188,190,-1,189,190,191,-1,191,190,192,-1,191,192,193,-1,139,137,194,-1,194,137,193,-1,194,193,192,-1,143,145,193,-1,137,136,193,-1,193,136,140,-1,193,140,143,-1,151,153,148,-1,148,153,156,-1,148,156,146,-1,174,175,172,-1,172,175,178,-1,172,178,170,-1,170,178,180,-1,170,180,168,-1,168,180,182,-1,168,182,166,-1,166,182,184,-1,166,184,164,-1,191,162,189,-1,189,162,164,-1,189,164,187,-1,187,164,184,-1,145,146,193,-1,193,146,156,-1,193,156,191,-1,191,156,159,-1,191,159,162,-1,195,196,197,-1,197,196,198,-1,199,200,201,-1,201,200,195,-1,201,195,197,-1,202,200,203,-1,203,200,199,-1,204,205,206,-1,206,205,202,-1,206,202,203,-1,207,205,208,-1,208,205,204,-1,209,210,211,-1,211,210,207,-1,211,207,208,-1,212,210,213,-1,213,210,209,-1,214,215,216,-1,216,215,212,-1,216,212,213,-1,217,215,218,-1,218,215,214,-1,219,220,221,-1,221,220,217,-1,221,217,218,-1,222,220,223,-1,223,220,219,-1,198,196,224,-1,224,196,222,-1,224,222,223,-1,222,196,195,-1,195,200,222,-1,222,200,202,-1,222,202,220,-1,215,217,212,-1,212,217,220,-1,212,220,210,-1,210,220,202,-1,210,202,207,-1,207,202,205,-1,225,226,227,-1,227,226,228,-1,227,228,229,-1,229,228,230,-1,229,230,231,-1,231,230,232,-1,231,232,233,-1,233,232,234,-1,233,234,235,-1,235,234,236,-1,235,236,237,-1,237,236,238,-1,237,238,239,-1,239,238,240,-1,239,240,241,-1,241,240,242,-1,241,242,243,-1,243,242,244,-1,243,244,245,-1,245,244,246,-1,245,246,247,-1,247,246,248,-1,247,248,249,-1,249,248,250,-1,249,250,251,-1,251,250,252,-1,251,252,253,-1,253,252,254,-1,253,254,255,-1,255,254,256,-1,255,256,257,-1,257,256,258,-1,257,258,259,-1,259,258,225,-1,259,225,227,-1,233,235,260,-1,260,235,261,-1,233,260,262,-1,233,262,231,-1,231,262,263,-1,231,263,229,-1,229,263,264,-1,229,264,227,-1,227,264,265,-1,227,265,259,-1,259,265,266,-1,259,266,257,-1,257,266,267,-1,257,267,255,-1,255,267,268,-1,255,268,253,-1,253,268,269,-1,253,269,251,-1,251,269,270,-1,251,270,249,-1,249,270,271,-1,249,271,247,-1,247,271,272,-1,247,272,245,-1,245,272,273,-1,245,273,243,-1,243,273,274,-1,243,274,241,-1,241,274,275,-1,241,275,239,-1,237,239,276,-1,276,239,275,-1,235,237,261,-1,261,237,276,-1,240,238,277,-1,277,238,278,-1,238,236,278,-1,278,236,279,-1,236,234,279,-1,279,234,280,-1,226,281,282,-1,226,282,228,-1,228,282,283,-1,228,283,230,-1,230,283,284,-1,230,284,232,-1,232,284,280,-1,232,280,234,-1,254,285,286,-1,254,286,256,-1,256,286,287,-1,256,287,258,-1,258,287,288,-1,258,288,225,-1,225,288,281,-1,225,281,226,-1,246,289,290,-1,246,290,248,-1,248,290,291,-1,248,291,250,-1,250,291,292,-1,250,292,252,-1,252,292,285,-1,252,285,254,-1,240,277,293,-1,240,293,242,-1,242,293,294,-1,242,294,244,-1,244,294,289,-1,244,289,246,-1,
        ]
    }
}
Shape{
    appearance Appearance {
        material  Material 	{
            diffuseColor 0.25098039215686274 0.25098039215686274 0.25098039215686274
            specularColor 0.12549019607843137 0.12549019607843137 0.12549019607843137
            ambientIntensity 0.251
            transparency 0.0
            shininess 0.5
        }
    }
    geometry IndexedFaceSet {
        ccw TRUE
        solid FALSE
        coord DEF co Coordinate {
            point [
                3.0965 -2.8131 0.3239, 3.0965 -2.8131 0.24, 3.0965 -2.7967 0.3239, 3.0965 -2.7973 0.24, 3.0965 -2.7823 0.2418, 3.0965 -2.7733 0.2453, 3.0965 -2.7663 0.2501, 3.0965 -2.765 0.2514, 3.0965 -2.7596 0.258, 3.0965 -2.7559 0.266, 3.0965 -2.7534 0.283, 3.0965 -2.7653 0.3137, 3.0965 -2.7727 0.3187, 3.0965 -2.7549 0.2966, 3.0965 -2.758 0.3045, 3.0965 -2.7622 0.3107, 3.0965 -2.7537 0.276, 3.0965 -2.782 0.3222
            ]
        }
        coordIndex [
            0,1,2,-1,2,1,3,-1,3,4,2,-1,2,4,5,-1,2,5,6,-1,6,7,2,-1,2,7,8,-1,2,8,9,-1,10,11,12,-1,13,14,10,-1,10,14,15,-1,10,15,11,-1,9,16,2,-1,2,16,10,-1,2,10,17,-1,17,10,12,-1,
        ]
    }
}
Shape{
    appearance Appearance {
        material  Material 	{
            diffuseColor 1.0 1.0 1.0
            specularColor 0.5019607843137255 0.5019607843137255 0.5019607843137255
            ambientIntensity 1.0
            transparency 0.0
            shininess 0.5
        }
    }
    geometry IndexedFaceSet {
        ccw TRUE
        solid FALSE
        coord DEF co Coordinate {
            point [
                3.1004 -2.7021 0.2697, 3.1004 -2.7066 0.2574, 3.1004 -2.6656 0.2697, 3.1004 -2.6612 0.2574, 3.1004 -2.6858 0.3149, 3.1004 -2.6911 0.3364, 3.1004 -2.7325 0.2276, 3.1004 -2.717 0.2276, 3.1004 -2.6849 0.3182, 3.1004 -2.6841 0.3225, 3.1004 -2.6761 0.3364, 3.1004 -2.6837 0.3225, 3.1004 -2.6828 0.3179, 3.1004 -2.682 0.3149, 3.1004 -2.6346 0.2276, 3.1004 -2.6501 0.2276, 3.0965 -2.6761 0.3364, 3.0965 -2.6346 0.2276, 3.0965 -2.6911 0.3364, 3.0965 -2.7325 0.2276, 3.0965 -2.717 0.2276, 3.0965 -2.7066 0.2574, 3.0965 -2.6612 0.2574, 3.0965 -2.6501 0.2276, 3.0965 -2.7021 0.2697, 3.0965 -2.6656 0.2697, 3.0965 -2.682 0.3149, 3.0965 -2.6837 0.3225, 3.0965 -2.6828 0.3179, 3.0965 -2.6841 0.3225, 3.0965 -2.6858 0.3149, 3.0965 -2.6849 0.3182
            ]
        }
        coordIndex [
            0,1,2,-1,2,1,3,-1,4,5,0,-1,0,5,6,-1,0,6,1,-1,1,6,7,-1,4,8,5,-1,5,8,9,-1,5,9,10,-1,10,9,11,-1,10,11,12,-1,12,13,10,-1,10,13,2,-1,10,2,14,-1,14,2,3,-1,14,3,15,-1,10,14,16,-1,16,14,17,-1,5,10,18,-1,18,10,16,-1,6,5,19,-1,19,5,18,-1,7,6,20,-1,20,6,19,-1,1,7,21,-1,21,7,20,-1,3,1,22,-1,22,1,21,-1,15,3,23,-1,23,3,22,-1,14,15,17,-1,17,15,23,-1,0,2,24,-1,24,2,25,-1,2,13,25,-1,25,13,26,-1,11,27,28,-1,11,28,12,-1,12,28,26,-1,12,26,13,-1,11,9,27,-1,27,9,29,-1,4,30,31,-1,4,31,8,-1,8,31,29,-1,8,29,9,-1,4,0,30,-1,30,0,24,-1,
        ]
    }
}
Shape{
    appearance Appearance {
        material  Material 	{
            diffuseColor 0.25098039215686274 0.25098039215686274 0.25098039215686274
            specularColor 0.12549019607843137 0.12549019607843137 0.12549019607843137
            ambientIntensity 0.251
            transparency 0.0
            shininess 0.5
        }
    }
    geometry IndexedFaceSet {
        ccw TRUE
        solid FALSE
        coord DEF co Coordinate {
            point [
                3.0965 -2.6837 0.3225, 3.0965 -2.6841 0.3225, 3.0965 -2.6828 0.3179, 3.0965 -2.6849 0.3182, 3.0965 -2.682 0.3149, 3.0965 -2.6858 0.3149, 3.0965 -2.6656 0.2697, 3.0965 -2.7021 0.2697
            ]
        }
        coordIndex [
            0,1,2,-1,2,1,3,-1,2,3,4,-1,4,3,5,-1,4,5,6,-1,6,5,7,-1,
        ]
    }
}
Shape{
    appearance Appearance {
        material  Material 	{
            diffuseColor 1.0 1.0 1.0
            specularColor 0.5019607843137255 0.5019607843137255 0.5019607843137255
            ambientIntensity 1.0
            transparency 0.0
            shininess 0.5
        }
    }
    geometry IndexedFaceSet {
        ccw TRUE
        solid FALSE
        coord DEF co Coordinate {
            point [
                3.1004 -3.7088 0.4151, 3.1004 -3.6915 0.4242, 3.1004 -3.6956 0.4719, 3.1004 -3.5593 0.2091, 3.1004 -3.5502 0.2264, 3.1004 -3.5456 0.2455, 3.1004 -3.6473 0.4741, 3.1004 -3.6234 0.4176, 3.1004 -3.6115 0.4421, 3.1004 -3.652 0.2433, 3.1004 -3.6534 0.2506, 3.1004 -3.6953 0.2806, 3.1004 -3.6961 0.2288, 3.1004 -3.7059 0.2317, 3.1004 -3.7122 0.291, 3.1004 -3.6651 0.4756, 3.1004 -3.4369 0.3185, 3.1004 -3.4609 0.3596, 3.1004 -3.5452 0.2613, 3.1004 -3.5645 0.3054, 3.1004 -3.5452 0.2535, 3.1004 -3.5866 0.1851, 3.1004 -3.5712 0.1958, 3.1004 -3.649 0.2368, 3.1004 -3.6768 0.198, 3.1004 -3.6883 0.2122, 3.1004 -3.4113 0.3951, 3.1004 -3.4051 0.3951, 3.1004 -3.3734 0.4369, 3.1004 -3.3904 0.3933, 3.1004 -3.3696 0.4357, 3.1004 -3.3769 0.3881, 3.1004 -3.3466 0.4242, 3.1004 -3.3256 0.4065, 3.1004 -3.6315 0.4925, 3.1004 -3.5942 0.4628, 3.1004 -3.6133 0.5081, 3.1004 -3.5734 0.478, 3.1004 -3.5925 0.5208, 3.1004 -3.6724 0.4288, 3.1004 -3.6644 0.4292, 3.1004 -3.6562 0.4751, 3.1004 -3.6462 0.4269, 3.1004 -3.6288 0.4206, 3.1004 -3.5987 0.2355, 3.1004 -3.6031 0.2304, 3.1004 -3.609 0.2262, 3.1004 -3.6038 0.1785, 3.1004 -3.6157 0.2236, 3.1004 -3.6226 0.1762, 3.1004 -3.6234 0.2226, 3.1004 -3.6255 0.1762, 3.1004 -3.6247 0.2226, 3.1004 -3.6438 0.1791, 3.1004 -3.6316 0.2238, 3.1004 -3.6617 0.1866, 3.1004 -3.6386 0.2268, 3.1004 -3.6445 0.2313, 3.1004 -3.595 0.2633, 3.1004 -3.5934 0.2561, 3.1004 -3.5933 0.2496, 3.1004 -3.5951 0.2421, 3.1004 -3.3254 0.2621, 3.1004 -3.3615 0.2928, 3.1004 -3.3465 0.2442, 3.1004 -3.3729 0.2834, 3.1004 -3.3701 0.2327, 3.1004 -3.3866 0.2771, 3.1004 -3.3959 0.2272, 3.1004 -3.4005 0.2744, 3.1004 -3.4415 0.2272, 3.1004 -3.4353 0.2744, 3.1004 -3.4459 0.2279, 3.1004 -3.6531 0.2581, 3.1004 -3.6508 0.2654, 3.1004 -3.6868 0.2973, 3.1004 -3.6468 0.2718, 3.1004 -3.674 0.3119, 3.1004 -3.6437 0.275, 3.1004 -3.6582 0.3229, 3.1004 -3.6377 0.2793, 3.1004 -3.6411 0.3294, 3.1004 -3.6309 0.282, 3.1004 -3.6226 0.3317, 3.1004 -3.6234 0.283, 3.1004 -3.6132 0.3311, 3.1004 -3.6166 0.2822, 3.1004 -3.5945 0.3265, 3.1004 -3.6095 0.2795, 3.1004 -3.5781 0.3177, 3.1004 -3.6033 0.2753, 3.1004 -3.5983 0.2697, 3.1004 -3.3649 0.3797, 3.1004 -3.356 0.3698, 3.1004 -3.3098 0.3845, 3.1004 -3.3488 0.3565, 3.1004 -3.3004 0.3608, 3.1004 -3.3452 0.3416, 3.1004 -3.2968 0.3356, 3.1004 -3.3448 0.3348, 3.1004 -3.3004 0.308, 3.1004 -3.3466 0.3197, 3.1004 -3.3101 0.2835, 3.1004 -3.352 0.3059, 3.1004 -3.3605 0.2939, 3.1004 -3.4152 0.4981, 3.1004 -3.4455 0.4625, 3.1004 -3.3892 0.4678, 3.1004 -3.428 0.4417, 3.1004 -3.4161 0.4167, 3.1004 -3.7394 0.3706, 3.1004 -3.7903 0.3577, 3.1004 -3.7417 0.3518, 3.1004 -3.7905 0.3503, 3.1004 -3.7408 0.3399, 3.1004 -3.7867 0.32, 3.1004 -3.7353 0.3209, 3.1004 -3.7757 0.2912, 3.1004 -3.7261 0.3053, 3.1004 -3.758 0.2659, 3.1004 -3.7338 0.2453, 3.1004 -3.5567 0.5341, 3.1004 -3.5482 0.4882, 3.1004 -3.5204 0.5383, 3.1004 -3.5197 0.4919, 3.1004 -3.4852 0.5342, 3.1004 -3.4934 0.4886, 3.1004 -3.4466 0.5197, 3.1004 -3.4692 0.4793, 3.1004 -3.4474 0.4643, 3.1004 -3.7243 0.4607, 3.1004 -3.7489 0.4434, 3.1004 -3.7221 0.4032, 3.1004 -3.7541 0.4385, 3.1004 -3.7328 0.3878, 3.1004 -3.7727 0.4146, 3.1004 -3.7851 0.3868, 3.1004 -3.4392 0.2752, 3.1004 -3.4578 0.2354, 3.1004 -3.456 0.2335, 3.1004 -3.4369 0.2746, 3.1004 -3.451 0.23, 3.1004 -3.464 0.2512, 3.1004 -3.4632 0.2455, 3.1004 -3.4612 0.2402, 3.1004 -3.446 0.2744, 3.1004 -3.4513 0.2723, 3.1004 -3.4638 0.2543, 3.1004 -3.456 0.269, 3.1004 -3.4592 0.2654, 3.1004 -3.4622 0.2602, 3.1004 -3.44 0.2752, 3.0965 -3.3205 0.3993, 3.0965 -3.3098 0.3845, 3.0965 -3.303 0.3674, 3.0965 -3.3004 0.3608, 3.0965 -3.2968 0.3356, 3.0965 -3.3256 0.4065, 3.0965 -3.3466 0.4242, 3.0965 -3.3696 0.4357, 3.0965 -3.3734 0.4369, 3.0965 -3.3892 0.4678, 3.0965 -3.4152 0.4981, 3.0965 -3.4326 0.51, 3.0965 -3.4466 0.5197, 3.0965 -3.4852 0.5342, 3.0965 -3.5204 0.5383, 3.0965 -3.5567 0.5341, 3.0965 -3.5925 0.5208, 3.0965 -3.6102 0.51, 3.0965 -3.6133 0.5081, 3.0965 -3.6315 0.4925, 3.0965 -3.6473 0.4741, 3.0965 -3.6562 0.4751, 3.0965 -3.6651 0.4756, 3.0965 -3.6956 0.4719, 3.0965 -3.7243 0.4607, 3.0965 -3.7489 0.4434, 3.0965 -3.7541 0.4385, 3.0965 -3.7885 0.3674, 3.0965 -3.7851 0.3868, 3.0965 -3.7795 0.3993, 3.0965 -3.7727 0.4146, 3.0965 -3.7903 0.3577, 3.0965 -3.7905 0.3503, 3.0965 -3.7867 0.32, 3.0965 -3.7757 0.2912, 3.0965 -3.758 0.2659, 3.0965 -3.7338 0.2453, 3.0965 -3.7059 0.2317, 3.0965 -3.6961 0.2288, 3.0965 -3.6951 0.2267, 3.0965 -3.6883 0.2122, 3.0965 -3.6768 0.198, 3.0965 -3.6617 0.1866, 3.0965 -3.6546 0.1836, 3.0965 -3.6438 0.1791, 3.0965 -3.6255 0.1762, 3.0965 -3.6226 0.1762, 3.0965 -3.5452 0.2535, 3.0965 -3.6038 0.1785, 3.0965 -3.5905 0.1836, 3.0965 -3.5866 0.1851, 3.0965 -3.5712 0.1958, 3.0965 -3.5593 0.2091, 3.0965 -3.5502 0.2264, 3.0965 -3.5501 0.2267, 3.0965 -3.5456 0.2455, 3.0965 -3.5452 0.2613, 3.0965 -3.4369 0.3185, 3.0965 -3.4609 0.3596, 3.0965 -3.5645 0.3054, 3.0965 -3.5781 0.3177, 3.0965 -3.5945 0.3265, 3.0965 -3.6132 0.3311, 3.0965 -3.6226 0.3317, 3.0965 -3.6411 0.3294, 3.0965 -3.6582 0.3229, 3.0965 -3.674 0.3119, 3.0965 -3.6868 0.2973, 3.0965 -3.6953 0.2806, 3.0965 -3.7122 0.291, 3.0965 -3.7261 0.3053, 3.0965 -3.7353 0.3209, 3.0965 -3.7408 0.3399, 3.0965 -3.7417 0.3518, 3.0965 -3.7398 0.3674, 3.0965 -3.7394 0.3706, 3.0965 -3.7328 0.3878, 3.0965 -3.7248 0.3993, 3.0965 -3.7221 0.4032, 3.0965 -3.7088 0.4151, 3.0965 -3.6915 0.4242, 3.0965 -3.6724 0.4288, 3.0965 -3.6644 0.4292, 3.0965 -3.6462 0.4269, 3.0965 -3.6288 0.4206, 3.0965 -3.6234 0.4176, 3.0965 -3.6115 0.4421, 3.0965 -3.5942 0.4628, 3.0965 -3.5734 0.478, 3.0965 -3.5482 0.4882, 3.0965 -3.5197 0.4919, 3.0965 -3.4934 0.4886, 3.0965 -3.4692 0.4793, 3.0965 -3.4474 0.4643, 3.0965 -3.4455 0.4625, 3.0965 -3.428 0.4417, 3.0965 -3.4161 0.4167, 3.0965 -3.4123 0.3993, 3.0965 -3.4113 0.3951, 3.0965 -3.4051 0.3951, 3.0965 -3.3904 0.3933, 3.0965 -3.3769 0.3881, 3.0965 -3.3649 0.3797, 3.0965 -3.356 0.3698, 3.0965 -3.3547 0.3674, 3.0965 -3.3488 0.3565, 3.0965 -3.3452 0.3416, 3.0965 -3.3448 0.3348, 3.0965 -3.3466 0.3197, 3.0965 -3.352 0.3059, 3.0965 -3.3605 0.2939, 3.0965 -3.3615 0.2928, 3.0965 -3.3729 0.2834, 3.0965 -3.3866 0.2771, 3.0965 -3.4005 0.2744, 3.0965 -3.4353 0.2744, 3.0965 -3.4369 0.2746, 3.0965 -3.4392 0.2752, 3.0965 -3.44 0.2752, 3.0965 -3.446 0.2744, 3.0965 -3.4513 0.2723, 3.0965 -3.456 0.269, 3.0965 -3.4592 0.2654, 3.0965 -3.4622 0.2602, 3.0965 -3.4638 0.2543, 3.0965 -3.464 0.2512, 3.0965 -3.4632 0.2455, 3.0965 -3.4612 0.2402, 3.0965 -3.4578 0.2354, 3.0965 -3.456 0.2335, 3.0965 -3.451 0.23, 3.0965 -3.4459 0.2279, 3.0965 -3.4415 0.2272, 3.0965 -3.3959 0.2272, 3.0965 -3.3701 0.2327, 3.0965 -3.3465 0.2442, 3.0965 -3.3254 0.2621, 3.0965 -3.3101 0.2835, 3.0965 -3.3004 0.308, 3.0965 -3.6234 0.283, 3.0965 -3.6166 0.2822, 3.0965 -3.6095 0.2795, 3.0965 -3.6033 0.2753, 3.0965 -3.5983 0.2697, 3.0965 -3.595 0.2633, 3.0965 -3.5934 0.2561, 3.0965 -3.5933 0.2496, 3.0965 -3.5951 0.2421, 3.0965 -3.5987 0.2355, 3.0965 -3.6031 0.2304, 3.0965 -3.609 0.2262, 3.0965 -3.6157 0.2236, 3.0965 -3.6234 0.2226, 3.0965 -3.6247 0.2226, 3.0965 -3.6316 0.2238, 3.0965 -3.6386 0.2268, 3.0965 -3.6445 0.2313, 3.0965 -3.649 0.2368, 3.0965 -3.652 0.2433, 3.0965 -3.6534 0.2506, 3.0965 -3.6531 0.2581, 3.0965 -3.6508 0.2654, 3.0965 -3.6468 0.2718, 3.0965 -3.6437 0.275, 3.0965 -3.6377 0.2793, 3.0965 -3.6309 0.282
            ]
        }
        coordIndex [
            0,1,2,-1,3,4,5,-1,6,7,8,-1,9,10,11,-1,12,11,13,-1,13,11,14,-1,2,1,15,-1,16,17,18,-1,18,17,19,-1,18,19,20,-1,20,19,21,-1,20,21,5,-1,5,21,22,-1,5,22,3,-1,23,9,24,-1,24,9,11,-1,24,11,25,-1,25,11,12,-1,26,27,28,-1,28,27,29,-1,28,29,30,-1,30,29,31,-1,30,31,32,-1,32,31,33,-1,6,8,34,-1,34,8,35,-1,34,35,36,-1,36,35,37,-1,36,37,38,-1,1,39,15,-1,15,39,40,-1,15,40,41,-1,41,40,42,-1,41,42,6,-1,6,42,43,-1,6,43,7,-1,44,45,21,-1,21,45,46,-1,21,46,47,-1,47,46,48,-1,47,48,49,-1,49,48,50,-1,49,50,51,-1,51,50,52,-1,51,52,53,-1,53,52,54,-1,53,54,55,-1,55,54,56,-1,55,56,24,-1,24,56,57,-1,24,57,23,-1,58,59,19,-1,19,59,60,-1,19,60,21,-1,21,60,61,-1,21,61,44,-1,62,63,64,-1,64,63,65,-1,64,65,66,-1,66,65,67,-1,66,67,68,-1,68,67,69,-1,68,69,70,-1,70,69,71,-1,70,71,72,-1,10,73,11,-1,11,73,74,-1,11,74,75,-1,75,74,76,-1,75,76,77,-1,77,76,78,-1,77,78,79,-1,79,78,80,-1,79,80,81,-1,81,80,82,-1,81,82,83,-1,83,82,84,-1,83,84,85,-1,85,84,86,-1,85,86,87,-1,87,86,88,-1,87,88,89,-1,89,88,90,-1,89,90,19,-1,19,90,91,-1,19,91,58,-1,31,92,33,-1,33,92,93,-1,33,93,94,-1,94,93,95,-1,94,95,96,-1,96,95,97,-1,96,97,98,-1,98,97,99,-1,98,99,100,-1,100,99,101,-1,100,101,102,-1,102,101,103,-1,102,103,62,-1,62,103,104,-1,62,104,63,-1,105,106,107,-1,107,106,108,-1,107,108,28,-1,28,108,109,-1,28,109,26,-1,110,111,112,-1,112,111,113,-1,112,113,114,-1,114,113,115,-1,114,115,116,-1,116,115,117,-1,116,117,118,-1,118,117,119,-1,118,119,14,-1,14,119,120,-1,14,120,13,-1,38,37,121,-1,121,37,122,-1,121,122,123,-1,123,122,124,-1,123,124,125,-1,125,124,126,-1,125,126,127,-1,127,126,128,-1,127,128,105,-1,105,128,129,-1,105,129,106,-1,2,130,0,-1,0,130,131,-1,0,131,132,-1,132,131,133,-1,132,133,134,-1,134,133,135,-1,134,135,110,-1,110,135,136,-1,110,136,111,-1,137,138,139,-1,71,140,72,-1,72,140,137,-1,72,137,141,-1,141,137,139,-1,142,143,137,-1,137,143,144,-1,137,144,138,-1,145,146,147,-1,146,148,147,-1,147,148,149,-1,147,149,150,-1,142,137,147,-1,147,137,151,-1,147,151,145,-1,152,33,153,-1,153,33,94,-1,153,94,154,-1,154,94,96,-1,154,96,155,-1,155,96,98,-1,155,98,156,-1,152,157,33,-1,33,157,158,-1,33,158,32,-1,32,158,159,-1,32,159,30,-1,30,159,160,-1,30,160,28,-1,28,160,161,-1,28,161,107,-1,107,161,162,-1,107,162,105,-1,127,105,163,-1,163,105,162,-1,163,164,127,-1,127,164,165,-1,127,165,125,-1,125,165,166,-1,125,166,123,-1,123,166,167,-1,123,167,121,-1,121,167,168,-1,121,168,38,-1,38,168,36,-1,36,168,169,-1,36,169,170,-1,36,170,171,-1,36,171,34,-1,34,171,172,-1,34,172,6,-1,6,172,173,-1,6,173,41,-1,41,173,174,-1,41,174,15,-1,15,174,175,-1,15,175,2,-1,2,175,176,-1,2,176,130,-1,130,176,177,-1,130,177,131,-1,131,177,178,-1,131,178,133,-1,179,111,180,-1,180,111,136,-1,180,136,181,-1,181,136,135,-1,181,135,182,-1,182,135,133,-1,182,133,178,-1,179,183,111,-1,111,183,184,-1,111,184,113,-1,113,184,185,-1,113,185,115,-1,115,185,186,-1,115,186,117,-1,117,186,187,-1,117,187,119,-1,119,187,188,-1,119,188,120,-1,120,188,189,-1,120,189,13,-1,13,189,190,-1,13,190,12,-1,12,190,191,-1,12,191,25,-1,191,192,25,-1,25,192,193,-1,25,193,24,-1,24,193,194,-1,24,194,55,-1,55,194,195,-1,55,195,53,-1,195,196,53,-1,53,196,197,-1,53,197,51,-1,51,197,198,-1,51,198,49,-1,199,20,5,-1,49,198,200,-1,201,21,200,-1,200,21,47,-1,200,47,49,-1,201,202,21,-1,21,202,203,-1,21,203,22,-1,22,203,204,-1,22,204,3,-1,3,204,205,-1,3,205,4,-1,4,205,206,-1,4,206,5,-1,5,206,207,-1,5,207,199,-1,18,20,208,-1,208,20,199,-1,16,18,209,-1,209,18,208,-1,17,16,210,-1,210,16,209,-1,19,17,211,-1,211,17,210,-1,19,211,212,-1,19,212,89,-1,89,212,213,-1,89,213,87,-1,87,213,214,-1,87,214,85,-1,85,214,215,-1,85,215,83,-1,83,215,216,-1,83,216,81,-1,81,216,217,-1,81,217,79,-1,79,217,218,-1,79,218,77,-1,77,218,219,-1,77,219,75,-1,75,219,220,-1,75,220,11,-1,11,220,221,-1,11,221,14,-1,14,221,222,-1,14,222,118,-1,118,222,223,-1,118,223,116,-1,116,223,224,-1,116,224,114,-1,114,224,225,-1,114,225,112,-1,110,112,225,-1,225,226,110,-1,110,226,227,-1,110,227,228,-1,229,132,228,-1,228,132,134,-1,228,134,110,-1,229,230,132,-1,132,230,231,-1,132,231,0,-1,0,231,232,-1,0,232,1,-1,1,232,233,-1,1,233,39,-1,39,233,234,-1,39,234,40,-1,40,234,235,-1,40,235,42,-1,42,235,236,-1,42,236,43,-1,43,236,237,-1,43,237,7,-1,7,237,238,-1,7,238,8,-1,8,238,239,-1,8,239,35,-1,35,239,240,-1,35,240,37,-1,37,240,241,-1,37,241,122,-1,122,241,242,-1,122,242,124,-1,124,242,243,-1,124,243,126,-1,126,243,244,-1,126,244,128,-1,128,244,245,-1,128,245,129,-1,129,245,246,-1,129,246,106,-1,106,246,247,-1,106,247,108,-1,108,247,248,-1,108,248,109,-1,109,248,26,-1,26,248,249,-1,26,249,250,-1,27,26,251,-1,251,26,250,-1,27,251,252,-1,27,252,29,-1,29,252,253,-1,29,253,31,-1,31,253,254,-1,31,254,92,-1,92,254,255,-1,92,255,93,-1,93,255,256,-1,93,256,95,-1,256,257,95,-1,95,257,258,-1,95,258,97,-1,97,258,259,-1,97,259,99,-1,99,259,260,-1,99,260,101,-1,101,260,261,-1,101,261,103,-1,103,261,262,-1,103,262,104,-1,104,262,263,-1,104,263,63,-1,63,263,264,-1,63,264,65,-1,65,264,265,-1,65,265,67,-1,67,265,266,-1,67,266,69,-1,71,69,267,-1,267,69,266,-1,71,267,268,-1,71,268,140,-1,140,268,269,-1,140,269,137,-1,137,269,270,-1,137,270,151,-1,151,270,271,-1,151,271,145,-1,145,271,272,-1,145,272,146,-1,146,272,273,-1,146,273,148,-1,148,273,274,-1,148,274,149,-1,149,274,275,-1,149,275,150,-1,150,275,276,-1,150,276,147,-1,147,276,277,-1,147,277,142,-1,142,277,278,-1,142,278,143,-1,143,278,279,-1,143,279,144,-1,144,279,280,-1,144,280,138,-1,138,280,281,-1,138,281,139,-1,139,281,282,-1,139,282,141,-1,141,282,283,-1,141,283,72,-1,72,283,284,-1,72,284,70,-1,68,70,285,-1,285,70,284,-1,68,285,286,-1,68,286,66,-1,66,286,287,-1,66,287,64,-1,64,287,288,-1,64,288,62,-1,62,288,289,-1,62,289,102,-1,102,289,290,-1,102,290,100,-1,100,290,156,-1,100,156,98,-1,84,291,292,-1,84,292,86,-1,86,292,293,-1,86,293,88,-1,88,293,294,-1,88,294,90,-1,90,294,295,-1,90,295,91,-1,91,295,296,-1,91,296,58,-1,58,296,297,-1,58,297,59,-1,59,297,298,-1,59,298,60,-1,60,298,299,-1,60,299,61,-1,61,299,300,-1,61,300,44,-1,44,300,301,-1,44,301,45,-1,45,301,302,-1,45,302,46,-1,46,302,303,-1,46,303,48,-1,48,303,304,-1,48,304,50,-1,50,304,305,-1,50,305,52,-1,52,305,306,-1,52,306,54,-1,54,306,307,-1,54,307,56,-1,56,307,308,-1,56,308,57,-1,57,308,309,-1,57,309,23,-1,23,309,310,-1,23,310,9,-1,9,310,311,-1,9,311,10,-1,10,311,312,-1,10,312,73,-1,73,312,313,-1,73,313,74,-1,74,313,314,-1,74,314,76,-1,76,314,315,-1,76,315,78,-1,78,315,316,-1,78,316,80,-1,80,316,317,-1,80,317,82,-1,82,317,291,-1,82,291,84,-1,
        ]
    }
}
Shape{
    appearance Appearance {
        material  Material 	{
            diffuseColor 0.25098039215686274 0.25098039215686274 0.25098039215686274
            specularColor 0.12549019607843137 0.12549019607843137 0.12549019607843137
            ambientIntensity 0.251
            transparency 0.0
            shininess 0.5
        }
    }
    geometry IndexedFaceSet {
        ccw TRUE
        solid FALSE
        coord DEF co Coordinate {
            point [
                3.0965 -3.6309 0.282, 3.0965 -3.6377 0.2793, 3.0965 -3.6247 0.2226, 3.0965 -3.6437 0.275, 3.0965 -3.6468 0.2718, 3.0965 -3.652 0.2433, 3.0965 -3.649 0.2368, 3.0965 -3.6445 0.2313, 3.0965 -3.595 0.2633, 3.0965 -3.5983 0.2697, 3.0965 -3.6234 0.2226, 3.0965 -3.6033 0.2753, 3.0965 -3.5934 0.2561, 3.0965 -3.6157 0.2236, 3.0965 -3.609 0.2262, 3.0965 -3.6031 0.2304, 3.0965 -3.5987 0.2355, 3.0965 -3.5933 0.2496, 3.0965 -3.5951 0.2421, 3.0965 -3.6095 0.2795, 3.0965 -3.6166 0.2822, 3.0965 -3.6234 0.283, 3.0965 -3.6508 0.2654, 3.0965 -3.6531 0.2581, 3.0965 -3.6534 0.2506, 3.0965 -3.6386 0.2268, 3.0965 -3.6316 0.2238
            ]
        }
        coordIndex [
            0,1,2,-1,2,1,3,-1,2,3,4,-1,5,6,4,-1,4,6,7,-1,8,9,10,-1,10,9,11,-1,8,10,12,-1,12,10,13,-1,12,13,14,-1,14,15,12,-1,12,15,16,-1,12,16,17,-1,17,16,18,-1,11,19,10,-1,10,19,20,-1,10,20,2,-1,2,20,21,-1,2,21,0,-1,22,23,4,-1,4,23,24,-1,4,24,5,-1,7,25,4,-1,4,25,26,-1,4,26,2,-1,
        ]
    }
}
Shape{
    appearance Appearance {
        material  Material 	{
            diffuseColor 0.7529411764705882 0.7529411764705882 0.7529411764705882
            specularColor 0.3764705882352941 0.3764705882352941 0.3764705882352941
            ambientIntensity 0.7529
            transparency 0.0
            shininess 0.5
        }
    }
    geometry IndexedFaceSet {
        ccw TRUE
        solid FALSE
        coord DEF co Coordinate {
            point [
                1.439 -1.283 0.5787, 1.439 -1.283 0.4213, 1.441 -1.2677 0.5787, 1.441 -1.2677 0.4213, 1.4469 -1.2535 0.5787, 1.4469 -1.2535 0.4213, 1.4563 -1.2412 0.5787, 1.4563 -1.2412 0.4213, 1.4685 -1.2319 0.5787, 1.4685 -1.2319 0.4213, 1.4827 -1.226 0.5787, 1.4827 -1.226 0.4213, 1.498 -1.2239 0.5787, 1.498 -1.2239 0.4213, 1.5133 -1.226 0.5787, 1.5133 -1.226 0.4213, 1.5276 -1.2319 0.5787, 1.5276 -1.2319 0.4213, 1.5398 -1.2412 0.5787, 1.5398 -1.2412 0.4213, 1.5492 -1.2535 0.5787, 1.5492 -1.2535 0.4213, 1.5551 -1.2677 0.5787, 1.5551 -1.2677 0.4213, 1.5571 -1.283 0.5787, 1.5571 -1.283 0.4213, 1.5571 -3.1728 0.5787, 1.5571 -3.1728 0.4213, 1.5577 -3.1796 0.4213, 1.5577 -3.1796 0.5787, 1.5595 -3.1862 0.4213, 1.5595 -3.1862 0.5787, 1.6177 -3.3467 0.5787, 1.6177 -3.3467 0.4213, 1.6219 -3.355 0.4213, 1.6219 -3.355 0.5787, 1.628 -3.3622 0.4213, 1.628 -3.3622 0.5787, 1.6356 -3.3676 0.4213, 1.6356 -3.3676 0.5787, 1.6442 -3.3712 0.4213, 1.6442 -3.3712 0.5787, 1.6535 -3.3726 0.4213, 1.6535 -3.3726 0.5787, 1.6628 -3.3718 0.4213, 1.6628 -3.3718 0.5787, 1.6716 -3.3688 0.4213, 1.6716 -3.3688 0.5787, 1.6795 -3.3638 0.4213, 1.6795 -3.3638 0.5787, 1.6861 -3.3571 0.4213, 1.6861 -3.3571 0.5787, 1.6908 -3.349 0.4213, 1.6908 -3.349 0.5787, 1.6935 -3.3401 0.4213, 1.6935 -3.3401 0.5787, 1.7165 -3.2097 0.5787, 1.7165 -3.2097 0.4213, 1.7171 -3.2029 0.4213, 1.7171 -3.2029 0.5787, 1.7171 -1.8518 0.5787, 1.7171 -1.8518 0.4213, 1.8327 -1.8518 0.5787, 1.8327 -1.8518 0.4213, 1.8327 -1.7337 0.5787, 1.8327 -1.7337 0.4213, 1.7171 -1.7337 0.5787, 1.7171 -1.7337 0.4213, 1.7171 -1.6757 0.5787, 1.7171 -1.6757 0.4213, 1.6486 -1.6757 0.5787, 1.6486 -1.6757 0.4213, 1.6486 -1.594 0.5787, 1.6486 -1.594 0.4213, 1.624 -1.594 0.5787, 1.624 -1.594 0.4213, 1.624 0.1071 0.0, 1.624 0.1071 0.1575, 1.624 -0.3281 0.0, 1.624 -0.3157 0.1575, 1.624 -0.352 0.0024, 1.624 -0.3749 0.0097, 1.624 -1.0042 0.5787, 1.624 -1.0042 0.4213, 1.624 -0.9485 0.573, 1.624 -0.9803 0.4188, 1.624 -0.8951 0.5562, 1.624 -0.9574 0.4116, 1.624 -0.8461 0.5289, 1.624 -0.9365 0.3999, 1.624 -0.3959 0.0214, 1.372 -0.352 0.0024, 1.372 -0.3157 0.1575, 1.372 -0.3281 0.0, 1.372 0.1071 0.1575, 1.372 0.1071 0.0, 1.372 -1.594 0.4213, 1.372 -1.594 0.5787, 1.372 -1.0042 0.4213, 1.372 -1.0042 0.5787, 1.372 -0.9803 0.4188, 1.372 -0.9485 0.573, 1.372 -0.9574 0.4116, 1.372 -0.8951 0.5562, 1.372 -0.9365 0.3999, 1.372 -0.8461 0.5289, 1.372 -0.3959 0.0214, 1.372 -0.3749 0.0097, 1.3475 -1.594 0.5787, 1.3475 -1.594 0.4213, 1.3475 -1.6757 0.5787, 1.3475 -1.6757 0.4213, 1.2789 -1.6757 0.5787, 1.2789 -1.6757 0.4213, 1.2789 -1.7337 0.5787, 1.2789 -1.7337 0.4213, 1.1634 -1.7337 0.5787, 1.1634 -1.7337 0.4213, 1.1634 -1.8518 0.5787, 1.1634 -1.8518 0.4213, 1.2789 -1.8518 0.5787, 1.2789 -1.8518 0.4213, 1.2789 -3.2029 0.5787, 1.2789 -3.2029 0.4213, 1.2795 -3.2097 0.4213, 1.2795 -3.2097 0.5787, 1.3026 -3.3401 0.5787, 1.3026 -3.3401 0.4213, 1.3053 -3.349 0.4213, 1.3053 -3.349 0.5787, 1.31 -3.3571 0.4213, 1.31 -3.3571 0.5787, 1.3165 -3.3638 0.4213, 1.3165 -3.3638 0.5787, 1.3244 -3.3688 0.4213, 1.3244 -3.3688 0.5787, 1.3333 -3.3718 0.4213, 1.3333 -3.3718 0.5787, 1.3426 -3.3726 0.4213, 1.3426 -3.3726 0.5787, 1.3518 -3.3712 0.4213, 1.3518 -3.3712 0.5787, 1.3605 -3.3676 0.4213, 1.3605 -3.3676 0.5787, 1.3681 -3.3622 0.4213, 1.3681 -3.3622 0.5787, 1.3741 -3.355 0.4213, 1.3741 -3.355 0.5787, 1.3783 -3.3467 0.4213, 1.3783 -3.3467 0.5787, 1.4366 -3.1862 0.5787, 1.4366 -3.1862 0.4213, 1.4384 -3.1796 0.4213, 1.4384 -3.1796 0.5787, 1.439 -3.1728 0.4213, 1.439 -3.1728 0.5787, 1.4068 0.3039 0.0, 1.5893 0.3039 0.0, 1.4068 0.3039 0.1575, 1.5893 0.3039 0.1575, 2.439 -1.283 0.5787, 2.439 -1.283 0.4213, 2.441 -1.2677 0.5787, 2.441 -1.2677 0.4213, 2.4469 -1.2535 0.5787, 2.4469 -1.2535 0.4213, 2.4563 -1.2412 0.5787, 2.4563 -1.2412 0.4213, 2.4685 -1.2319 0.5787, 2.4685 -1.2319 0.4213, 2.4827 -1.226 0.5787, 2.4827 -1.226 0.4213, 2.498 -1.2239 0.5787, 2.498 -1.2239 0.4213, 2.5133 -1.226 0.5787, 2.5133 -1.226 0.4213, 2.5276 -1.2319 0.5787, 2.5276 -1.2319 0.4213, 2.5398 -1.2412 0.5787, 2.5398 -1.2412 0.4213, 2.5492 -1.2535 0.5787, 2.5492 -1.2535 0.4213, 2.5551 -1.2677 0.5787, 2.5551 -1.2677 0.4213, 2.5571 -1.283 0.5787, 2.5571 -1.283 0.4213, 2.5571 -3.1728 0.5787, 2.5571 -3.1728 0.4213, 2.5577 -3.1796 0.4213, 2.5577 -3.1796 0.5787, 2.5595 -3.1862 0.4213, 2.5595 -3.1862 0.5787, 2.6177 -3.3467 0.5787, 2.6177 -3.3467 0.4213, 2.6219 -3.355 0.4213, 2.6219 -3.355 0.5787, 2.628 -3.3622 0.4213, 2.628 -3.3622 0.5787, 2.6356 -3.3676 0.4213, 2.6356 -3.3676 0.5787, 2.6442 -3.3712 0.4213, 2.6442 -3.3712 0.5787, 2.6535 -3.3726 0.4213, 2.6535 -3.3726 0.5787, 2.6628 -3.3718 0.4213, 2.6628 -3.3718 0.5787, 2.6716 -3.3688 0.4213, 2.6716 -3.3688 0.5787, 2.6795 -3.3638 0.4213, 2.6795 -3.3638 0.5787, 2.6861 -3.3571 0.4213, 2.6861 -3.3571 0.5787, 2.6908 -3.349 0.4213, 2.6908 -3.349 0.5787, 2.6935 -3.3401 0.4213, 2.6935 -3.3401 0.5787, 2.7165 -3.2097 0.5787, 2.7165 -3.2097 0.4213, 2.7171 -3.2029 0.4213, 2.7171 -3.2029 0.5787, 2.7171 -1.8518 0.5787, 2.7171 -1.8518 0.4213, 2.8327 -1.8518 0.5787, 2.8327 -1.8518 0.4213, 2.8327 -1.7337 0.5787, 2.8327 -1.7337 0.4213, 2.7171 -1.7337 0.5787, 2.7171 -1.7337 0.4213, 2.7171 -1.6757 0.5787, 2.7171 -1.6757 0.4213, 2.6486 -1.6757 0.5787, 2.6486 -1.6757 0.4213, 2.6486 -1.594 0.5787, 2.6486 -1.594 0.4213, 2.624 -1.594 0.5787, 2.624 -1.594 0.4213, 2.624 0.1071 0.0, 2.624 0.1071 0.1575, 2.624 -0.3281 0.0, 2.624 -0.3157 0.1575, 2.624 -0.352 0.0024, 2.624 -0.3749 0.0097, 2.624 -1.0042 0.5787, 2.624 -1.0042 0.4213, 2.624 -0.9485 0.573, 2.624 -0.9803 0.4188, 2.624 -0.8951 0.5562, 2.624 -0.9574 0.4116, 2.624 -0.8461 0.5289, 2.624 -0.9365 0.3999, 2.624 -0.3959 0.0214, 2.372 -0.352 0.0024, 2.372 -0.3157 0.1575, 2.372 -0.3281 0.0, 2.372 0.1071 0.1575, 2.372 0.1071 0.0, 2.372 -1.594 0.4213, 2.372 -1.594 0.5787, 2.372 -1.0042 0.4213, 2.372 -1.0042 0.5787, 2.372 -0.9803 0.4188, 2.372 -0.9485 0.573, 2.372 -0.9574 0.4116, 2.372 -0.8951 0.5562, 2.372 -0.9365 0.3999, 2.372 -0.8461 0.5289, 2.372 -0.3959 0.0214, 2.372 -0.3749 0.0097, 2.3475 -1.594 0.5787, 2.3475 -1.594 0.4213, 2.3475 -1.6757 0.5787, 2.3475 -1.6757 0.4213, 2.2789 -1.6757 0.5787, 2.2789 -1.6757 0.4213, 2.2789 -1.7337 0.5787, 2.2789 -1.7337 0.4213, 2.1634 -1.7337 0.5787, 2.1634 -1.7337 0.4213, 2.1634 -1.8518 0.5787, 2.1634 -1.8518 0.4213, 2.2789 -1.8518 0.5787, 2.2789 -1.8518 0.4213, 2.2789 -3.2029 0.5787, 2.2789 -3.2029 0.4213, 2.2795 -3.2097 0.4213, 2.2795 -3.2097 0.5787, 2.3026 -3.3401 0.5787, 2.3026 -3.3401 0.4213, 2.3053 -3.349 0.4213, 2.3053 -3.349 0.5787, 2.31 -3.3571 0.4213, 2.31 -3.3571 0.5787, 2.3165 -3.3638 0.4213, 2.3165 -3.3638 0.5787, 2.3244 -3.3688 0.4213, 2.3244 -3.3688 0.5787, 2.3333 -3.3718 0.4213, 2.3333 -3.3718 0.5787, 2.3426 -3.3726 0.4213, 2.3426 -3.3726 0.5787, 2.3518 -3.3712 0.4213, 2.3518 -3.3712 0.5787, 2.3605 -3.3676 0.4213, 2.3605 -3.3676 0.5787, 2.3681 -3.3622 0.4213, 2.3681 -3.3622 0.5787, 2.3741 -3.355 0.4213, 2.3741 -3.355 0.5787, 2.3783 -3.3467 0.4213, 2.3783 -3.3467 0.5787, 2.4366 -3.1862 0.5787, 2.4366 -3.1862 0.4213, 2.4384 -3.1796 0.4213, 2.4384 -3.1796 0.5787, 2.439 -3.1728 0.4213, 2.439 -3.1728 0.5787, 2.4068 0.3039 0.0, 2.5893 0.3039 0.0, 2.4068 0.3039 0.1575, 2.5893 0.3039 0.1575
            ]
        }
        coordIndex [
            0,1,2,-1,2,1,3,-1,2,3,4,-1,4,3,5,-1,4,5,6,-1,6,5,7,-1,6,7,8,-1,8,7,9,-1,8,9,10,-1,10,9,11,-1,10,11,12,-1,12,11,13,-1,12,13,14,-1,14,13,15,-1,14,15,16,-1,16,15,17,-1,16,17,18,-1,18,17,19,-1,18,19,20,-1,20,19,21,-1,20,21,22,-1,22,21,23,-1,22,23,24,-1,24,23,25,-1,26,24,27,-1,27,24,25,-1,26,27,28,-1,26,28,29,-1,29,28,30,-1,29,30,31,-1,32,31,33,-1,33,31,30,-1,32,33,34,-1,32,34,35,-1,35,34,36,-1,35,36,37,-1,37,36,38,-1,37,38,39,-1,39,38,40,-1,39,40,41,-1,41,40,42,-1,41,42,43,-1,43,42,44,-1,43,44,45,-1,45,44,46,-1,45,46,47,-1,47,46,48,-1,47,48,49,-1,49,48,50,-1,49,50,51,-1,51,50,52,-1,51,52,53,-1,53,52,54,-1,53,54,55,-1,56,55,57,-1,57,55,54,-1,57,58,56,-1,56,58,59,-1,60,59,61,-1,61,59,58,-1,62,60,63,-1,63,60,61,-1,64,62,65,-1,65,62,63,-1,66,64,67,-1,67,64,65,-1,68,66,69,-1,69,66,67,-1,70,68,71,-1,71,68,69,-1,72,70,73,-1,73,70,71,-1,74,72,75,-1,75,72,73,-1,76,77,78,-1,78,77,79,-1,78,79,80,-1,80,79,81,-1,74,75,82,-1,82,75,83,-1,82,83,84,-1,84,83,85,-1,84,85,86,-1,86,85,87,-1,86,87,88,-1,88,87,89,-1,88,89,79,-1,79,89,90,-1,79,90,81,-1,91,92,93,-1,93,92,94,-1,93,94,95,-1,96,97,98,-1,98,97,99,-1,98,99,100,-1,100,99,101,-1,100,101,102,-1,102,101,103,-1,102,103,104,-1,104,103,105,-1,104,105,106,-1,106,105,92,-1,106,92,107,-1,107,92,91,-1,108,97,109,-1,109,97,96,-1,110,108,111,-1,111,108,109,-1,112,110,113,-1,113,110,111,-1,114,112,115,-1,115,112,113,-1,116,114,117,-1,117,114,115,-1,118,116,119,-1,119,116,117,-1,120,118,121,-1,121,118,119,-1,122,120,123,-1,123,120,121,-1,123,124,122,-1,122,124,125,-1,126,125,127,-1,127,125,124,-1,126,127,128,-1,126,128,129,-1,129,128,130,-1,129,130,131,-1,131,130,132,-1,131,132,133,-1,133,132,134,-1,133,134,135,-1,135,134,136,-1,135,136,137,-1,137,136,138,-1,137,138,139,-1,139,138,140,-1,139,140,141,-1,141,140,142,-1,141,142,143,-1,143,142,144,-1,143,144,145,-1,145,144,146,-1,145,146,147,-1,147,146,148,-1,147,148,149,-1,150,149,151,-1,151,149,148,-1,150,151,152,-1,150,152,153,-1,153,152,154,-1,153,154,155,-1,0,155,1,-1,1,155,154,-1,155,120,122,-1,26,29,59,-1,59,29,31,-1,59,31,56,-1,56,31,55,-1,55,31,32,-1,55,32,53,-1,62,64,60,-1,60,64,66,-1,60,66,70,-1,70,66,68,-1,16,18,82,-1,72,74,70,-1,70,74,26,-1,70,26,60,-1,60,26,59,-1,110,112,114,-1,114,116,118,-1,53,32,51,-1,51,32,35,-1,51,35,37,-1,47,41,45,-1,45,41,43,-1,2,99,0,-1,0,99,97,-1,0,97,155,-1,18,20,82,-1,82,20,22,-1,82,22,74,-1,74,22,24,-1,74,24,26,-1,118,120,114,-1,114,120,155,-1,114,155,110,-1,110,155,97,-1,110,97,108,-1,47,49,41,-1,41,49,51,-1,41,51,39,-1,39,51,37,-1,2,4,99,-1,99,4,6,-1,99,6,8,-1,8,10,99,-1,99,10,12,-1,99,12,82,-1,82,12,14,-1,82,14,16,-1,143,145,126,-1,126,129,131,-1,145,147,126,-1,126,147,149,-1,126,149,125,-1,125,149,150,-1,125,150,122,-1,122,150,153,-1,122,153,155,-1,131,133,126,-1,126,133,135,-1,126,135,137,-1,137,139,126,-1,126,139,141,-1,126,141,143,-1,27,61,58,-1,154,152,123,-1,123,152,151,-1,123,151,124,-1,119,117,121,-1,121,117,115,-1,121,115,111,-1,111,115,113,-1,124,151,127,-1,127,151,148,-1,127,148,146,-1,146,144,127,-1,127,144,142,-1,127,142,140,-1,109,96,111,-1,111,96,154,-1,111,154,121,-1,121,154,123,-1,23,83,25,-1,25,83,75,-1,25,75,27,-1,9,7,98,-1,71,69,67,-1,67,65,63,-1,140,138,127,-1,127,138,136,-1,127,136,134,-1,134,132,127,-1,127,132,130,-1,127,130,128,-1,63,61,67,-1,67,61,27,-1,67,27,71,-1,71,27,75,-1,71,75,73,-1,7,5,98,-1,98,5,3,-1,98,3,96,-1,96,3,1,-1,96,1,154,-1,23,21,83,-1,83,21,19,-1,83,19,17,-1,17,15,83,-1,83,15,13,-1,83,13,98,-1,98,13,11,-1,98,11,9,-1,54,33,57,-1,57,33,30,-1,57,30,58,-1,58,30,28,-1,58,28,27,-1,54,52,33,-1,33,52,50,-1,33,50,34,-1,34,50,36,-1,48,46,40,-1,40,46,44,-1,40,44,42,-1,48,40,50,-1,50,40,38,-1,50,38,36,-1,156,157,95,-1,95,157,76,-1,95,76,93,-1,93,76,78,-1,158,159,156,-1,156,159,157,-1,92,79,94,-1,94,79,77,-1,94,77,158,-1,158,77,159,-1,88,79,105,-1,105,79,92,-1,88,105,103,-1,88,103,86,-1,86,103,101,-1,86,101,84,-1,84,101,99,-1,84,99,82,-1,83,98,85,-1,85,98,100,-1,85,100,87,-1,87,100,102,-1,87,102,89,-1,89,102,104,-1,90,89,106,-1,106,89,104,-1,90,106,107,-1,90,107,81,-1,81,107,91,-1,81,91,80,-1,80,91,93,-1,80,93,78,-1,156,95,158,-1,158,95,94,-1,76,157,77,-1,77,157,159,-1,160,161,162,-1,162,161,163,-1,162,163,164,-1,164,163,165,-1,164,165,166,-1,166,165,167,-1,166,167,168,-1,168,167,169,-1,168,169,170,-1,170,169,171,-1,170,171,172,-1,172,171,173,-1,172,173,174,-1,174,173,175,-1,174,175,176,-1,176,175,177,-1,176,177,178,-1,178,177,179,-1,178,179,180,-1,180,179,181,-1,180,181,182,-1,182,181,183,-1,182,183,184,-1,184,183,185,-1,186,184,187,-1,187,184,185,-1,186,187,188,-1,186,188,189,-1,189,188,190,-1,189,190,191,-1,192,191,193,-1,193,191,190,-1,192,193,194,-1,192,194,195,-1,195,194,196,-1,195,196,197,-1,197,196,198,-1,197,198,199,-1,199,198,200,-1,199,200,201,-1,201,200,202,-1,201,202,203,-1,203,202,204,-1,203,204,205,-1,205,204,206,-1,205,206,207,-1,207,206,208,-1,207,208,209,-1,209,208,210,-1,209,210,211,-1,211,210,212,-1,211,212,213,-1,213,212,214,-1,213,214,215,-1,216,215,217,-1,217,215,214,-1,217,218,216,-1,216,218,219,-1,220,219,221,-1,221,219,218,-1,222,220,223,-1,223,220,221,-1,224,222,225,-1,225,222,223,-1,226,224,227,-1,227,224,225,-1,228,226,229,-1,229,226,227,-1,230,228,231,-1,231,228,229,-1,232,230,233,-1,233,230,231,-1,234,232,235,-1,235,232,233,-1,236,237,238,-1,238,237,239,-1,238,239,240,-1,240,239,241,-1,234,235,242,-1,242,235,243,-1,242,243,244,-1,244,243,245,-1,244,245,246,-1,246,245,247,-1,246,247,248,-1,248,247,249,-1,248,249,239,-1,239,249,250,-1,239,250,241,-1,251,252,253,-1,253,252,254,-1,253,254,255,-1,256,257,258,-1,258,257,259,-1,258,259,260,-1,260,259,261,-1,260,261,262,-1,262,261,263,-1,262,263,264,-1,264,263,265,-1,264,265,266,-1,266,265,252,-1,266,252,267,-1,267,252,251,-1,268,257,269,-1,269,257,256,-1,270,268,271,-1,271,268,269,-1,272,270,273,-1,273,270,271,-1,274,272,275,-1,275,272,273,-1,276,274,277,-1,277,274,275,-1,278,276,279,-1,279,276,277,-1,280,278,281,-1,281,278,279,-1,282,280,283,-1,283,280,281,-1,283,284,282,-1,282,284,285,-1,286,285,287,-1,287,285,284,-1,286,287,288,-1,286,288,289,-1,289,288,290,-1,289,290,291,-1,291,290,292,-1,291,292,293,-1,293,292,294,-1,293,294,295,-1,295,294,296,-1,295,296,297,-1,297,296,298,-1,297,298,299,-1,299,298,300,-1,299,300,301,-1,301,300,302,-1,301,302,303,-1,303,302,304,-1,303,304,305,-1,305,304,306,-1,305,306,307,-1,307,306,308,-1,307,308,309,-1,310,309,311,-1,311,309,308,-1,310,311,312,-1,310,312,313,-1,313,312,314,-1,313,314,315,-1,160,315,161,-1,161,315,314,-1,315,280,282,-1,186,189,219,-1,219,189,191,-1,219,191,216,-1,216,191,215,-1,215,191,192,-1,215,192,213,-1,176,178,242,-1,222,224,220,-1,220,224,226,-1,220,226,230,-1,230,226,228,-1,232,234,230,-1,230,234,186,-1,230,186,220,-1,220,186,219,-1,178,180,242,-1,242,180,182,-1,242,182,234,-1,234,182,184,-1,234,184,186,-1,270,272,274,-1,274,276,278,-1,213,192,211,-1,211,192,195,-1,211,195,197,-1,207,201,205,-1,205,201,203,-1,162,259,160,-1,160,259,257,-1,160,257,315,-1,162,164,259,-1,259,164,166,-1,259,166,168,-1,278,280,274,-1,274,280,315,-1,274,315,270,-1,270,315,257,-1,270,257,268,-1,207,209,201,-1,201,209,211,-1,201,211,199,-1,199,211,197,-1,168,170,259,-1,259,170,172,-1,259,172,242,-1,242,172,174,-1,242,174,176,-1,286,309,285,-1,285,309,310,-1,285,310,282,-1,282,310,313,-1,282,313,315,-1,286,289,309,-1,309,289,291,-1,309,291,307,-1,307,291,305,-1,293,295,301,-1,301,295,297,-1,301,297,299,-1,293,301,291,-1,291,301,303,-1,291,303,305,-1,187,221,218,-1,314,312,283,-1,283,312,311,-1,283,311,284,-1,284,311,287,-1,287,311,308,-1,287,308,288,-1,279,277,281,-1,281,277,275,-1,281,275,271,-1,271,275,273,-1,169,167,258,-1,269,256,271,-1,271,256,314,-1,271,314,281,-1,281,314,283,-1,231,229,227,-1,227,225,223,-1,288,308,290,-1,290,308,306,-1,290,306,304,-1,294,300,296,-1,296,300,298,-1,183,243,185,-1,185,243,235,-1,185,235,187,-1,167,165,258,-1,258,165,163,-1,258,163,256,-1,256,163,161,-1,256,161,314,-1,223,221,227,-1,227,221,187,-1,227,187,231,-1,231,187,235,-1,231,235,233,-1,294,292,300,-1,300,292,290,-1,300,290,302,-1,302,290,304,-1,183,181,243,-1,243,181,179,-1,243,179,177,-1,177,175,243,-1,243,175,173,-1,243,173,258,-1,258,173,171,-1,258,171,169,-1,214,193,217,-1,217,193,190,-1,217,190,218,-1,218,190,188,-1,218,188,187,-1,214,212,193,-1,193,212,210,-1,193,210,194,-1,194,210,196,-1,208,206,200,-1,200,206,204,-1,200,204,202,-1,208,200,210,-1,210,200,198,-1,210,198,196,-1,316,317,255,-1,255,317,236,-1,255,236,253,-1,253,236,238,-1,318,319,316,-1,316,319,317,-1,252,239,254,-1,254,239,237,-1,254,237,318,-1,318,237,319,-1,248,239,265,-1,265,239,252,-1,248,265,263,-1,248,263,246,-1,246,263,261,-1,246,261,244,-1,244,261,259,-1,244,259,242,-1,243,258,245,-1,245,258,260,-1,245,260,247,-1,247,260,262,-1,247,262,249,-1,249,262,264,-1,250,249,266,-1,266,249,264,-1,250,266,267,-1,250,267,241,-1,241,267,251,-1,241,251,240,-1,240,251,253,-1,240,253,238,-1,316,255,318,-1,318,255,254,-1,236,317,237,-1,237,317,319,-1,
        ]
    }
}