#VRML V2.0 utf8
# 3D model generated by easyeda2kicad.py (https://github.com/uPesy/easyeda2kicad.py)

Shape{
    appearance Appearance {
        material  Material 	{
            diffuseColor 1.0 1.0 1.0
            specularColor 0.5019607843137255 0.5019607843137255 0.5019607843137255
            ambientIntensity 1.0
            transparency 0.0
            shininess 0.5
        }
    }
    geometry IndexedFaceSet {
        ccw TRUE
        solid FALSE
        coord DEF co Coordinate {
            point [
                -0.7087 0.689 0.0827, -0.5906 0.689 0.0827, -0.7087 0.689 0.0, -0.5906 0.689 0.0, -0.4921 0.7874 0.0, -0.4921 0.7874 0.0827, -0.2756 0.7874 0.0, -0.2756 0.7874 0.0827, -0.2756 -0.7874 0.0, -0.2756 -0.7874 0.0827, -0.4921 -0.7874 0.0, -0.4921 -0.7874 0.0827, -0.5906 -0.689 0.0, -0.5906 -0.689 0.0827, -0.7087 -0.689 0.0, -0.7087 -0.689 0.0827, -0.7874 -0.6102 0.0827, -0.7874 0.6102 0.0827, -0.7874 -0.6102 0.0, -0.7874 0.6102 0.0, -0.729 -0.6863 0.0, -0.7643 0.6659 0.0, -0.7769 0.6496 0.0, -0.7847 0.6306 0.0, -0.748 0.6784 0.0, -0.729 0.6863 0.0, -0.748 -0.6784 0.0, -0.7643 -0.6659 0.0, -0.7847 -0.6306 0.0, -0.7769 -0.6496 0.0, -0.7769 0.6496 0.0827, -0.7847 0.6306 0.0827, -0.729 -0.6863 0.0827, -0.729 0.6863 0.0827, -0.748 0.6784 0.0827, -0.7643 0.6659 0.0827, -0.7847 -0.6306 0.0827, -0.7769 -0.6496 0.0827, -0.7643 -0.6659 0.0827, -0.748 -0.6784 0.0827, 0.7087 0.689 0.0, 0.5906 0.689 0.0, 0.7087 0.689 0.0827, 0.5906 0.689 0.0827, 0.4921 0.7874 0.0, 0.4921 0.7874 0.0827, 0.2756 0.7874 0.0, 0.2756 0.7874 0.0827, 0.2756 -0.7874 0.0, 0.2756 -0.7874 0.0827, 0.4921 -0.7874 0.0, 0.4921 -0.7874 0.0827, 0.5906 -0.689 0.0, 0.5906 -0.689 0.0827, 0.7087 -0.689 0.0827, 0.7087 -0.689 0.0, 0.7874 -0.6102 0.0, 0.7874 0.6102 0.0, 0.7874 -0.6102 0.0827, 0.7874 0.6102 0.0827, 0.729 -0.6863 0.0, 0.7769 0.6496 0.0, 0.7643 0.6659 0.0, 0.729 0.6863 0.0, 0.748 0.6784 0.0, 0.7847 -0.6306 0.0, 0.7769 -0.6496 0.0, 0.7643 -0.6659 0.0, 0.7847 0.6306 0.0, 0.748 -0.6784 0.0, 0.748 0.6784 0.0827, 0.729 0.6863 0.0827, 0.7769 -0.6496 0.0827, 0.7643 -0.6659 0.0827, 0.729 -0.6863 0.0827, 0.748 -0.6784 0.0827, 0.7847 0.6306 0.0827, 0.7847 -0.6306 0.0827, 0.7769 0.6496 0.0827, 0.7643 0.6659 0.0827
            ]
        }
        coordIndex [
            0,1,2,-1,2,1,3,-1,4,3,5,-1,5,3,1,-1,6,4,7,-1,7,4,5,-1,8,6,9,-1,9,6,7,-1,10,8,11,-1,11,8,9,-1,12,10,13,-1,13,10,11,-1,14,12,15,-1,15,12,13,-1,16,17,18,-1,18,17,19,-1,2,3,19,-1,4,6,3,-1,3,6,8,-1,19,3,18,-1,8,10,3,-1,3,10,12,-1,3,12,18,-1,18,12,14,-1,18,14,20,-1,21,19,22,-1,22,19,23,-1,21,24,19,-1,19,24,25,-1,19,25,2,-1,20,26,18,-1,18,26,27,-1,18,27,28,-1,28,27,29,-1,7,5,9,-1,9,5,1,-1,30,31,17,-1,32,15,16,-1,16,15,13,-1,16,13,17,-1,11,9,13,-1,13,9,1,-1,13,1,17,-1,17,1,0,-1,17,0,33,-1,33,34,17,-1,17,34,35,-1,17,35,30,-1,36,37,38,-1,36,38,16,-1,16,38,39,-1,16,39,32,-1,14,15,32,-1,14,32,20,-1,20,32,39,-1,20,39,26,-1,26,39,38,-1,26,38,27,-1,27,38,37,-1,27,37,29,-1,29,37,36,-1,29,36,28,-1,28,36,16,-1,28,16,18,-1,19,17,31,-1,19,31,23,-1,23,31,30,-1,23,30,22,-1,22,30,35,-1,22,35,21,-1,21,35,34,-1,21,34,24,-1,24,34,33,-1,24,33,25,-1,25,33,0,-1,25,0,2,-1,40,41,42,-1,42,41,43,-1,41,44,43,-1,43,44,45,-1,44,46,45,-1,45,46,47,-1,46,48,47,-1,47,48,49,-1,48,50,49,-1,49,50,51,-1,50,52,51,-1,51,52,53,-1,54,53,55,-1,55,53,52,-1,56,57,58,-1,58,57,59,-1,46,44,48,-1,48,44,41,-1,60,55,56,-1,56,55,52,-1,56,52,57,-1,61,40,62,-1,62,40,63,-1,62,63,64,-1,65,66,67,-1,50,48,52,-1,52,48,41,-1,52,41,57,-1,57,41,40,-1,57,40,68,-1,68,40,61,-1,65,67,56,-1,56,67,69,-1,56,69,60,-1,43,45,47,-1,47,49,43,-1,43,49,51,-1,43,51,53,-1,70,71,42,-1,72,54,73,-1,73,54,74,-1,73,74,75,-1,58,59,42,-1,42,59,76,-1,72,77,54,-1,54,77,58,-1,54,58,53,-1,53,58,42,-1,53,42,43,-1,76,78,42,-1,42,78,79,-1,42,79,70,-1,56,58,77,-1,56,77,65,-1,65,77,72,-1,65,72,66,-1,66,72,73,-1,66,73,67,-1,67,73,75,-1,67,75,69,-1,69,75,74,-1,69,74,60,-1,60,74,54,-1,60,54,55,-1,40,42,71,-1,40,71,63,-1,63,71,70,-1,63,70,64,-1,64,70,79,-1,64,79,62,-1,62,79,78,-1,62,78,61,-1,61,78,76,-1,61,76,68,-1,68,76,59,-1,68,59,57,-1,
        ]
    }
}
Shape{
    appearance Appearance {
        material  Material 	{
            diffuseColor 0.25098039215686274 0.25098039215686274 0.25098039215686274
            specularColor 0.12549019607843137 0.12549019607843137 0.12549019607843137
            ambientIntensity 0.251
            transparency 0.0
            shininess 0.5
        }
    }
    geometry IndexedFaceSet {
        ccw TRUE
        solid FALSE
        coord DEF co Coordinate {
            point [
                0.0835 -0.5433 0.7913, 0.0844 -0.5423 0.7913, 0.0844 -0.5362 0.7913, 0.0674 -0.5362 0.7913, 0.067 -0.5362 0.7913, 0.0758 -0.5362 0.7913, 0.0394 -0.4401 0.7913, 0.0422 -0.4397 0.7913, 0.0275 -0.4397 0.7913, 0.0489 -0.4772 0.7913, 0.0466 -0.4774 0.7913, 0.0588 -0.4774 0.7913, -0.0426 -0.4689 0.7913, -0.0354 -0.475 0.7913, -0.0104 -0.4397 0.7913, -0.0104 -0.4774 0.7913, -0.0765 -0.4365 0.7913, -0.0719 -0.4397 0.7913, -0.0659 -0.4438 0.7913, -0.057 -0.4542 0.7913, -0.0517 -0.4646 0.7913, -0.0504 -0.465 0.7913, -0.1324 -0.4397 0.7913, -0.1262 -0.436 0.7913, -0.4512 0.7087 0.7913, -0.114 -0.4315 0.7913, -0.0104 0.7087 0.7913, -0.1018 -0.4301 0.7913, -0.0896 -0.4315 0.7913, -0.1334 -0.4404 0.7913, -0.4512 -0.4397 0.7913, -0.4512 -0.4774 0.7913, -0.19 -0.4774 0.7913, -0.1877 -0.4722 0.7913, -0.1814 -0.4641 0.7913, -0.1615 -0.4527 0.7913, -0.1511 -0.4514 0.7913, -0.1396 -0.4457 0.7913, -0.148 -0.4516 0.7913, -0.145 -0.452 0.7913, -0.1796 -0.4624 0.7913, -0.1712 -0.4565 0.7913, -0.1745 -0.5299 0.7913, -0.1827 -0.5229 0.7913, -0.4512 -0.5362 0.7913, -0.1649 -0.5345 0.7913, -0.1887 -0.5143 0.7913, -0.1925 -0.5045 0.7913, -0.4512 -0.4883 0.7913, -0.1938 -0.4941 0.7913, -0.1937 -0.4916 0.7913, -0.1931 -0.4883 0.7913, -0.1919 -0.4817 0.7913, -0.1616 -0.5355 0.7913, -0.1613 -0.5362 0.7913, -0.159 -0.5412 0.7913, -0.1551 -0.546 0.7913, -0.1257 -0.5509 0.7913, -0.1302 -0.5526 0.7913, -0.0104 -0.7087 0.7913, -0.1366 -0.5534 0.7913, -0.4512 -0.7087 0.7913, -0.1376 -0.5534 0.7913, -0.1438 -0.5524 0.7913, -0.4512 -0.5509 0.7913, -0.1475 -0.5509 0.7913, -0.1499 -0.5499 0.7913, -0.1119 -0.5362 0.7913, -0.1119 -0.5363 0.7913, -0.0104 -0.5509 0.7913, -0.115 -0.5422 0.7913, -0.1191 -0.5467 0.7913, -0.1243 -0.5504 0.7913, -0.0268 -0.4905 0.7913, -0.0256 -0.4991 0.7913, -0.0104 -0.4883 0.7913, -0.0782 -0.5207 0.7913, -0.0764 -0.52 0.7913, -0.0733 -0.5049 0.7913, -0.0354 -0.5242 0.7913, -0.0425 -0.5302 0.7913, -0.0104 -0.5362 0.7913, -0.1168 -0.5094 0.7913, -0.0815 -0.491 0.7913, -0.1214 -0.5052 0.7913, -0.127 -0.5022 0.7913, -0.0799 -0.5218 0.7913, -0.0301 -0.5169 0.7913, -0.0421 -0.4971 0.7913, -0.0433 -0.492 0.7913, -0.0454 -0.4883 0.7913, -0.1765 -0.4883 0.7913, -0.0268 -0.5085 0.7913, -0.0744 -0.5197 0.7913, -0.0741 -0.5197 0.7913, -0.0733 -0.5199 0.7913, -0.175 -0.5041 0.7913, -0.1718 -0.5095 0.7913, -0.1584 -0.5122 0.7913, -0.1671 -0.5143 0.7913, -0.1614 -0.5179 0.7913, -0.1487 -0.5035 0.7913, -0.1541 -0.5072 0.7913, -0.1772 -0.4936 0.7913, -0.1769 -0.4977 0.7913, -0.1429 -0.5012 0.7913, -0.1366 -0.5005 0.7913, -0.1334 -0.5006 0.7913, -0.0826 -0.5279 0.7913, -0.0825 -0.5268 0.7913, -0.1102 -0.5244 0.7913, -0.082 -0.5248 0.7913, -0.0809 -0.523 0.7913, -0.0473 -0.5133 0.7913, -0.0444 -0.5092 0.7913, -0.0426 -0.5045 0.7913, -0.042 -0.4994 0.7913, -0.0764 -0.5358 0.7913, -0.0781 -0.5351 0.7913, -0.0798 -0.5339 0.7913, -0.0805 -0.5333 0.7913, -0.0816 -0.5316 0.7913, -0.0823 -0.5298 0.7913, -0.1104 -0.5298 0.7913, -0.1102 -0.5271 0.7913, -0.0506 -0.5342 0.7913, -0.0594 -0.536 0.7913, -0.0749 -0.536 0.7913, -0.0728 -0.52 0.7913, -0.0609 -0.52 0.7913, -0.0562 -0.5191 0.7913, -0.0516 -0.5169 0.7913, -0.0477 -0.5137 0.7913, -0.0646 -0.4788 0.7913, -0.1741 -0.4813 0.7913, -0.1764 -0.4872 0.7913, -0.0625 -0.4788 0.7913, -0.0458 -0.4875 0.7913, -0.0488 -0.4841 0.7913, -0.0529 -0.4812 0.7913, -0.0575 -0.4795 0.7913, -0.0703 -0.463 0.7913, -0.0763 -0.4559 0.7913, -0.1368 -0.4712 0.7913, -0.0769 -0.4553 0.7913, -0.0843 -0.4502 0.7913, -0.1328 -0.4629 0.7913, -0.1714 -0.4774 0.7913, -0.1387 -0.4702 0.7913, -0.0649 -0.4774 0.7913, -0.0662 -0.4715 0.7913, -0.1446 -0.468 0.7913, -0.1508 -0.4672 0.7913, -0.1536 -0.4674 0.7913, -0.1269 -0.4558 0.7913, -0.0926 -0.447 0.7913, -0.1198 -0.4506 0.7913, -0.1015 -0.4459 0.7913, -0.1112 -0.4471 0.7913, -0.1601 -0.4689 0.7913, -0.1659 -0.4721 0.7913, -0.1705 -0.4761 0.7913, -0.0337 -0.4774 0.7913, -0.0301 -0.4825 0.7913, -0.0277 -0.4883 0.7913, 0.1444 -0.467 0.7913, 0.1308 -0.467 0.7913, 0.1482 -0.4771 0.7913, 0.1308 -0.4774 0.7913, 0.1535 -0.4771 0.7913, 0.129 -0.467 0.7913, 0.1254 -0.4771 0.7913, 0.1191 -0.4774 0.7913, 0.1201 -0.4771 0.7913, 0.1191 -0.4397 0.7913, 0.1308 -0.4491 0.7913, 0.1308 -0.4397 0.7913, 0.1343 -0.44 0.7913, 0.1394 -0.44 0.7913, 0.0758 -0.4604 0.7913, 0.0658 -0.4604 0.7913, 0.0758 -0.4729 0.7913, 0.0658 -0.4729 0.7913, 0.0844 -0.4397 0.7913, 0.0758 -0.4397 0.7913, 0.0801 -0.44 0.7913, 0.0758 -0.44 0.7913, 0.0801 -0.4443 0.7913, 0.0809 -0.4729 0.7913, 0.0844 -0.4774 0.7913, 0.0809 -0.4771 0.7913, 0.0758 -0.4774 0.7913, 0.079 -0.4604 0.7913, 0.079 -0.4562 0.7913, 0.0758 -0.4562 0.7913, 0.0758 -0.4443 0.7913, 0.0658 -0.4443 0.7913, 0.0658 -0.4562 0.7913, 0.061 -0.44 0.7913, 0.0588 -0.4397 0.7913, 0.061 -0.4771 0.7913, 0.0496 -0.4398 0.7913, 0.0536 -0.4409 0.7913, 0.0758 -0.4771 0.7913, 0.0536 -0.4459 0.7913, 0.0529 -0.4759 0.7913, 0.0448 -0.4437 0.7913, 0.0431 -0.4438 0.7913, 0.0407 -0.4731 0.7913, 0.044 -0.4735 0.7913, 0.0457 -0.4734 0.7913, 0.0531 -0.4457 0.7913, 0.0499 -0.4726 0.7913, 0.0536 -0.471 0.7913, 0.0536 -0.4756 0.7913, 0.0355 -0.4705 0.7913, 0.0309 -0.4606 0.7913, 0.0345 -0.4696 0.7913, 0.0315 -0.4642 0.7913, 0.0327 -0.4672 0.7913, 0.0494 -0.4443 0.7913, 0.0399 -0.4445 0.7913, 0.0371 -0.4459 0.7913, 0.0347 -0.4478 0.7913, 0.0345 -0.4481 0.7913, 0.0327 -0.4507 0.7913, 0.0314 -0.4539 0.7913, 0.0308 -0.459 0.7913, 0.038 -0.4722 0.7913, 0.0448 -0.4394 0.7913, 0.0487 -0.4397 0.7913, 0.0275 0.7087 0.7913, 0.0588 0.7087 0.7913, 0.0285 -0.4484 0.7913, 0.0312 -0.4449 0.7913, 0.0321 -0.444 0.7913, 0.0355 -0.4416 0.7913, 0.0275 -0.4677 0.7913, 0.0265 -0.4653 0.7913, 0.0252 -0.4774 0.7913, 0.0258 -0.4593 0.7913, 0.0259 -0.4573 0.7913, 0.0252 -0.4397 0.7913, 0.0267 -0.4525 0.7913, 0.0275 -0.4507 0.7913, 0.0275 -0.4883 0.7913, 0.0399 -0.4774 0.7913, 0.0275 -0.4774 0.7913, 0.0365 -0.4766 0.7913, 0.0331 -0.4748 0.7913, 0.0306 -0.4727 0.7913, 0.0302 -0.4723 0.7913, 0.028 -0.4692 0.7913, 0.0588 -0.4883 0.7913, 0.0433 -0.4777 0.7913, 0.0404 -0.4775 0.7913, -0.7087 -0.4397 0.7913, -0.7087 -0.4595 0.7913, -0.6908 -0.4774 0.7913, -0.7087 0.4595 0.7913, -0.6799 -0.4883 0.7913, -0.632 -0.5362 0.7913, -0.6173 -0.5509 0.7913, -0.4595 -0.7087 0.7913, -0.4595 0.7087 0.7913, 0.6908 -0.4774 0.7913, 0.7087 -0.4595 0.7913, 0.7087 -0.4397 0.7913, 0.7087 0.4595 0.7913, 0.4595 0.7087 0.7913, 0.1719 -0.5359 0.7913, 0.1666 -0.5359 0.7913, 0.1308 -0.5362 0.7913, 0.1999 -0.5359 0.7913, 0.1946 -0.5359 0.7913, 0.1909 -0.5258 0.7913, 0.1754 -0.5258 0.7913, 0.632 -0.5362 0.7913, 0.6799 -0.4883 0.7913, 0.1858 -0.4988 0.7913, 0.1635 -0.5236 0.7913, 0.1644 -0.5193 0.7913, 0.1807 -0.4988 0.7913, 0.1645 -0.5169 0.7913, 0.1639 -0.5118 0.7913, 0.1617 -0.5274 0.7913, 0.1589 -0.5307 0.7913, 0.155 -0.5335 0.7913, 0.1343 -0.4988 0.7913, 0.1308 -0.4883 0.7913, 0.1343 -0.5359 0.7913, 0.1445 -0.5359 0.7913, 0.1508 -0.5351 0.7913, 0.1589 -0.5037 0.7913, 0.1602 -0.505 0.7913, 0.1625 -0.5083 0.7913, 0.1449 -0.4988 0.7913, 0.1506 -0.4995 0.7913, 0.155 -0.5011 0.7913, 0.1308 -0.7087 0.7913, 0.4595 -0.7087 0.7913, 0.6173 -0.5509 0.7913, 0.1171 -0.4648 0.7913, 0.1153 -0.4686 0.7913, 0.1049 -0.4397 0.7913, 0.1049 -0.4409 0.7913, 0.1086 -0.4423 0.7913, 0.1049 -0.4761 0.7913, 0.1049 -0.4774 0.7913, 0.1086 -0.4747 0.7913, 0.1125 -0.4719 0.7913, 0.1125 -0.4449 0.7913, 0.1138 -0.4462 0.7913, 0.1161 -0.4495 0.7913, 0.1175 -0.453 0.7913, 0.1181 -0.4581 0.7913, 0.118 -0.4605 0.7913, 0.0985 -0.44 0.7913, 0.1041 -0.4407 0.7913, 0.1044 -0.4763 0.7913, 0.0981 -0.4771 0.7913, 0.0879 -0.4771 0.7913, 0.0879 -0.44 0.7913, 0.0418 -0.5356 0.7913, 0.04 -0.5362 0.7913, 0.0457 -0.5359 0.7913, 0.031 -0.5232 0.7913, 0.0317 -0.5158 0.7913, 0.0301 -0.5246 0.7913, 0.0294 -0.5262 0.7913, 0.0434 -0.5345 0.7913, 0.0347 -0.5362 0.7913, 0.033 -0.5355 0.7913, 0.0275 -0.5362 0.7913, 0.0299 -0.5325 0.7913, 0.0293 -0.5309 0.7913, 0.0317 -0.5113 0.7913, 0.0327 -0.5107 0.7913, 0.0456 -0.5097 0.7913, 0.0574 -0.5134 0.7913, 0.0583 -0.5122 0.7913, 0.0325 -0.522 0.7913, 0.0345 -0.521 0.7913, 0.0345 -0.514 0.7913, 0.0379 -0.5202 0.7913, 0.042 -0.5128 0.7913, 0.0404 -0.5126 0.7913, 0.0374 -0.5129 0.7913, 0.0314 -0.5344 0.7913, 0.0309 -0.5339 0.7913, 0.0457 -0.5318 0.7913, 0.0456 -0.5318 0.7913, 0.0449 -0.533 0.7913, 0.0361 -0.5094 0.7913, 0.0408 -0.5088 0.7913, 0.0436 -0.5091 0.7913, 0.0291 -0.5288 0.7913, 0.0291 -0.5282 0.7913, 0.0471 -0.5106 0.7913, 0.0484 -0.5118 0.7913, 0.0569 -0.5149 0.7913, 0.0493 -0.5133 0.7913, 0.05 -0.5154 0.7913, 0.0457 -0.5191 0.7913, 0.0456 -0.517 0.7913, 0.0451 -0.5154 0.7913, 0.0446 -0.5144 0.7913, 0.0588 -0.5216 0.7913, 0.0567 -0.5302 0.7913, 0.0588 -0.5216 0.7913, 0.0585 -0.5313 0.7913, 0.0588 -0.5314 0.7913, 0.058 -0.5208 0.7913, 0.0574 -0.5198 0.7913, 0.0504 -0.5189 0.7913, 0.0569 -0.5184 0.7913, 0.0567 -0.5166 0.7913, 0.0439 -0.5137 0.7913, 0.043 -0.5131 0.7913, 0.0399 -0.5363 0.7913, 0.0588 -0.5509 0.7913, 0.0275 -0.5509 0.7913, 0.0375 -0.5365 0.7913, 0.0348 -0.5362 0.7913, 0.0567 -0.535 0.7913, 0.0504 -0.5359 0.7913, 0.0588 -0.5358 0.7913, 0.0588 -0.5362 0.7913, 0.0596 -0.536 0.7913, 0.0611 -0.5362 0.7913, 0.0639 -0.5365 0.7913, 0.0733 -0.51 0.7913, 0.0733 -0.5145 0.7913, 0.0597 -0.5109 0.7913, 0.0611 -0.5101 0.7913, 0.0743 -0.5306 0.7913, 0.0738 -0.532 0.7913, 0.0729 -0.5333 0.7913, 0.0588 -0.5117 0.7913, 0.0637 -0.5092 0.7913, 0.067 -0.5088 0.7913, 0.0758 -0.4883 0.7913, 0.0702 -0.5091 0.7913, 0.073 -0.5243 0.7913, 0.0739 -0.5256 0.7913, 0.0744 -0.527 0.7913, 0.0746 -0.5287 0.7913, 0.0716 -0.5344 0.7913, 0.07 -0.5353 0.7913, 0.0666 -0.5126 0.7913, 0.0652 -0.5127 0.7913, 0.0615 -0.5162 0.7913, 0.0639 -0.513 0.7913, 0.0629 -0.5136 0.7913, 0.0615 -0.5168 0.7913, 0.0617 -0.5175 0.7913, 0.0621 -0.5181 0.7913, 0.0625 -0.5186 0.7913, 0.0641 -0.5196 0.7913, 0.0696 -0.5129 0.7913, 0.067 -0.5209 0.7913, 0.0722 -0.5139 0.7913, 0.0688 -0.5216 0.7913, 0.0719 -0.5233 0.7913, 0.0622 -0.5142 0.7913, 0.0618 -0.5148 0.7913, 0.0616 -0.5154 0.7913, 0.0614 -0.5324 0.7913, 0.0637 -0.5243 0.7913, 0.061 -0.523 0.7913, 0.0643 -0.5327 0.7913, 0.0645 -0.5327 0.7913, 0.0668 -0.5255 0.7913, 0.0669 -0.5325 0.7913, 0.0698 -0.5292 0.7913, 0.0697 -0.5286 0.7913, 0.0681 -0.532 0.7913, 0.0685 -0.5318 0.7913, 0.0691 -0.5313 0.7913, 0.0695 -0.5307 0.7913, 0.0697 -0.53 0.7913, 0.0695 -0.5279 0.7913, 0.0692 -0.5272 0.7913, 0.0686 -0.5266 0.7913, 0.0976 -0.5094 0.7913, 0.1024 -0.5094 0.7913, 0.1049 -0.4883 0.7913, 0.0891 -0.5293 0.7913, 0.0897 -0.5315 0.7913, 0.0898 -0.5315 0.7913, 0.0844 -0.4883 0.7913, 0.0844 -0.5159 0.7913, 0.0903 -0.5294 0.7913, 0.09 -0.5306 0.7913, 0.0844 -0.5283 0.7913, 0.077 -0.5094 0.7913, 0.0822 -0.5094 0.7913, 0.0874 -0.5359 0.7913, 0.0872 -0.5362 0.7913, 0.0853 -0.5407 0.7913, 0.0758 -0.5509 0.7913, 0.0779 -0.548 0.7913, 0.0779 -0.5439 0.7913, 0.0789 -0.5442 0.7913, 0.0806 -0.5444 0.7913, 0.0844 -0.5475 0.7913, 0.0828 -0.5482 0.7913, 0.0844 -0.5509 0.7913, 0.0809 -0.5484 0.7913, 0.0799 -0.5483 0.7913, 0.0817 -0.5443 0.7913, 0.0827 -0.5439 0.7913, 0.0904 -0.5399 0.7913, 0.0883 -0.544 0.7913, 0.1049 -0.5509 0.7913, 0.0866 -0.546 0.7913, 0.0863 -0.5463 0.7913, 0.0846 -0.5475 0.7913, 0.1191 -0.5192 0.7913, 0.1122 -0.5192 0.7913, 0.1191 -0.5317 0.7913, 0.1122 -0.5317 0.7913, 0.1265 -0.4988 0.7913, 0.1265 -0.5031 0.7913, 0.1273 -0.5317 0.7913, 0.1273 -0.5359 0.7913, 0.1191 -0.5362 0.7913, 0.1254 -0.5192 0.7913, 0.1254 -0.515 0.7913, 0.1191 -0.515 0.7913, 0.1191 -0.5031 0.7913, 0.1122 -0.5031 0.7913, 0.1122 -0.515 0.7913, 0.1191 -0.5359 0.7913, 0.1074 -0.5359 0.7913, 0.1049 -0.5362 0.7913, 0.1074 -0.4988 0.7913, 0.1191 -0.4988 0.7913, 0.1191 -0.4883 0.7913, 0.0918 -0.5362 0.7913, 0.1308 0.7087 0.7913, 0.1191 0.7087 0.7913, 0.1049 0.7087 0.7913, 0.0844 0.7087 0.7913, 0.0758 0.7087 0.7913, 0.0252 0.7087 0.7913, 0.0243 -0.4729 0.7913, 0.0243 -0.4771 0.7913, 0.0047 -0.4771 0.7913, 0.0047 -0.44 0.7913, 0.0095 -0.44 0.7913, 0.0095 -0.4729 0.7913, 0.0252 -0.4883 0.7913, 0.0252 -0.5362 0.7913, 0.0047 -0.5359 0.7913, 0.0247 -0.5359 0.7913, 0.0247 -0.5317 0.7913, 0.0238 -0.5031 0.7913, 0.0047 -0.4988 0.7913, 0.0238 -0.4988 0.7913, 0.0095 -0.5192 0.7913, 0.0095 -0.5317 0.7913, 0.0228 -0.5192 0.7913, 0.0228 -0.515 0.7913, 0.0095 -0.515 0.7913, 0.0095 -0.5031 0.7913, 0.1308 -0.5509 0.7913, 0.1191 -0.5509 0.7913, 0.0252 -0.5509 0.7913, 0.0252 -0.7087 0.7913, 0.0275 -0.7087 0.7913, 0.0588 -0.7087 0.7913, 0.0758 -0.7087 0.7913, 0.0844 -0.7087 0.7913, 0.1049 -0.7087 0.7913, 0.1191 -0.7087 0.7913, 0.4921 -0.7874 0.6142, 0.7874 -0.4921 0.6142, 0.4921 -0.7874 0.7717, 0.7874 -0.4921 0.7717, 0.7874 0.4921 0.6142, 0.7874 0.4921 0.7717, 0.4921 0.7874 0.6142, 0.4921 0.7874 0.7717, -0.4921 0.7874 0.6142, -0.4921 0.7874 0.7717, -0.7874 0.4921 0.6142, -0.7874 0.4921 0.7717, -0.7874 -0.4921 0.6142, -0.7874 -0.4921 0.7717, -0.4921 -0.7874 0.6142, -0.4921 -0.7874 0.7717
            ]
        }
        coordIndex [
            0,1,2,-1,3,4,5,-1,6,7,8,-1,9,10,11,-1,12,13,14,-1,14,13,15,-1,16,17,14,-1,14,17,18,-1,14,18,19,-1,19,20,14,-1,14,20,21,-1,14,21,12,-1,22,23,24,-1,24,23,25,-1,24,25,26,-1,26,25,27,-1,26,27,28,-1,29,22,30,-1,31,32,30,-1,30,32,33,-1,30,33,34,-1,30,35,29,-1,29,35,36,-1,29,36,37,-1,37,36,38,-1,37,38,39,-1,34,40,30,-1,30,40,41,-1,30,41,35,-1,42,43,44,-1,42,44,45,-1,43,46,44,-1,44,46,47,-1,44,47,48,-1,48,47,49,-1,49,50,48,-1,48,50,51,-1,48,51,31,-1,31,51,52,-1,31,52,32,-1,53,45,54,-1,54,45,44,-1,54,44,55,-1,55,44,56,-1,57,58,59,-1,59,58,60,-1,59,60,61,-1,60,62,61,-1,61,62,63,-1,61,63,64,-1,64,63,65,-1,64,65,44,-1,44,65,66,-1,44,66,56,-1,67,68,69,-1,69,68,70,-1,70,71,69,-1,69,71,72,-1,69,72,57,-1,73,74,75,-1,76,77,78,-1,79,80,81,-1,82,83,84,-1,84,83,85,-1,76,78,86,-1,79,81,87,-1,88,89,83,-1,83,89,90,-1,83,90,91,-1,75,74,81,-1,81,74,92,-1,81,92,87,-1,77,93,78,-1,78,93,94,-1,78,94,95,-1,96,97,98,-1,98,97,99,-1,98,99,100,-1,101,91,102,-1,102,91,103,-1,102,103,98,-1,98,103,104,-1,98,104,96,-1,101,105,91,-1,91,105,106,-1,91,106,83,-1,83,106,107,-1,83,107,85,-1,108,109,110,-1,110,109,111,-1,110,111,78,-1,78,111,112,-1,78,112,86,-1,113,114,78,-1,78,114,115,-1,78,115,83,-1,83,115,116,-1,83,116,88,-1,117,118,67,-1,67,118,119,-1,67,119,120,-1,120,121,67,-1,67,121,122,-1,67,122,123,-1,123,122,108,-1,123,108,124,-1,124,108,110,-1,80,125,81,-1,81,125,126,-1,81,126,67,-1,67,126,127,-1,67,127,117,-1,95,128,78,-1,78,128,129,-1,78,129,130,-1,130,131,78,-1,78,131,132,-1,78,132,113,-1,133,134,135,-1,135,91,133,-1,133,91,90,-1,133,90,136,-1,136,90,137,-1,137,138,136,-1,136,138,139,-1,136,139,140,-1,141,142,143,-1,142,144,143,-1,143,144,145,-1,143,145,146,-1,147,143,148,-1,134,133,147,-1,147,133,149,-1,147,149,143,-1,143,149,150,-1,143,150,141,-1,148,151,147,-1,147,151,152,-1,147,152,153,-1,146,145,154,-1,154,145,155,-1,154,155,156,-1,156,155,157,-1,156,157,158,-1,159,160,153,-1,153,160,161,-1,153,161,147,-1,13,162,15,-1,15,162,163,-1,15,163,75,-1,75,163,164,-1,75,164,73,-1,165,166,167,-1,167,166,168,-1,167,168,169,-1,166,170,168,-1,168,170,171,-1,168,171,172,-1,172,171,173,-1,172,173,174,-1,174,173,175,-1,174,175,176,-1,176,175,177,-1,176,177,178,-1,179,180,181,-1,181,180,182,-1,183,184,185,-1,185,184,186,-1,185,187,183,-1,183,187,188,-1,183,188,189,-1,189,188,190,-1,189,190,191,-1,179,181,192,-1,192,181,188,-1,192,188,193,-1,193,188,187,-1,193,187,194,-1,187,195,194,-1,194,195,196,-1,194,196,197,-1,186,184,198,-1,198,184,199,-1,198,199,200,-1,201,202,199,-1,190,203,191,-1,191,203,200,-1,191,200,11,-1,11,200,199,-1,11,199,204,-1,204,199,202,-1,9,11,205,-1,206,207,208,-1,209,210,211,-1,211,210,212,-1,211,212,204,-1,204,212,213,-1,204,213,11,-1,11,213,214,-1,11,214,205,-1,215,216,217,-1,217,216,218,-1,217,218,219,-1,209,211,208,-1,208,211,220,-1,208,220,206,-1,207,221,208,-1,208,221,222,-1,208,222,223,-1,223,224,208,-1,208,224,225,-1,208,225,226,-1,226,227,208,-1,208,227,216,-1,208,216,228,-1,228,216,215,-1,229,230,231,-1,231,230,232,-1,8,233,234,-1,234,235,8,-1,8,235,236,-1,8,236,6,-1,237,238,239,-1,239,238,240,-1,240,241,242,-1,242,241,243,-1,242,243,8,-1,8,243,244,-1,8,244,233,-1,245,246,247,-1,247,246,248,-1,247,248,249,-1,249,250,247,-1,247,250,251,-1,247,251,252,-1,253,254,245,-1,245,254,255,-1,245,255,246,-1,256,257,258,-1,259,256,30,-1,30,256,258,-1,30,258,31,-1,31,258,260,-1,31,260,48,-1,48,260,261,-1,48,261,44,-1,44,261,262,-1,44,262,64,-1,64,262,263,-1,64,263,61,-1,22,24,30,-1,30,24,264,-1,30,264,259,-1,265,266,178,-1,178,266,267,-1,178,267,176,-1,176,267,268,-1,176,268,269,-1,270,271,272,-1,273,274,272,-1,272,274,270,-1,270,274,275,-1,270,275,276,-1,277,278,279,-1,280,271,281,-1,281,271,282,-1,281,282,283,-1,283,282,284,-1,280,285,271,-1,271,285,286,-1,271,286,287,-1,288,289,290,-1,290,289,272,-1,290,272,291,-1,291,272,271,-1,291,271,292,-1,292,271,287,-1,282,279,289,-1,289,279,278,-1,289,278,265,-1,293,294,282,-1,282,294,295,-1,282,295,284,-1,288,296,289,-1,289,296,297,-1,289,297,282,-1,282,297,298,-1,282,298,293,-1,299,300,301,-1,302,303,172,-1,304,305,174,-1,174,305,306,-1,307,308,309,-1,309,308,172,-1,309,172,310,-1,310,172,303,-1,306,311,174,-1,174,311,312,-1,174,312,313,-1,313,314,174,-1,174,314,315,-1,174,315,172,-1,172,315,316,-1,172,316,302,-1,183,317,304,-1,304,317,318,-1,304,318,305,-1,307,319,308,-1,308,319,320,-1,308,320,189,-1,189,320,321,-1,189,321,183,-1,183,321,322,-1,183,322,317,-1,323,324,325,-1,326,327,328,-1,328,327,329,-1,323,325,330,-1,331,332,333,-1,333,334,335,-1,245,336,337,-1,338,339,340,-1,326,341,327,-1,327,341,342,-1,327,342,343,-1,343,342,344,-1,345,346,344,-1,344,346,347,-1,344,347,343,-1,332,348,333,-1,333,348,349,-1,333,349,334,-1,350,351,325,-1,325,351,352,-1,325,352,330,-1,337,353,245,-1,245,353,354,-1,245,354,355,-1,335,356,333,-1,333,356,357,-1,333,357,245,-1,245,357,329,-1,245,329,336,-1,336,329,327,-1,338,358,339,-1,339,358,359,-1,339,359,360,-1,360,359,361,-1,360,361,362,-1,363,364,344,-1,344,364,365,-1,344,365,366,-1,367,368,369,-1,369,368,370,-1,369,370,371,-1,372,373,374,-1,374,373,375,-1,374,375,362,-1,362,375,376,-1,362,376,360,-1,366,377,344,-1,344,377,378,-1,344,378,345,-1,324,379,380,-1,380,379,381,-1,381,379,382,-1,381,382,383,-1,367,372,368,-1,368,372,374,-1,368,374,384,-1,384,374,385,-1,384,385,386,-1,386,385,387,-1,386,387,388,-1,388,387,389,-1,390,389,380,-1,380,389,387,-1,380,387,324,-1,324,387,385,-1,324,385,325,-1,391,392,5,-1,393,394,253,-1,395,396,5,-1,5,396,397,-1,355,338,245,-1,245,338,340,-1,245,340,253,-1,253,340,398,-1,253,398,393,-1,394,399,253,-1,253,399,400,-1,253,400,401,-1,401,400,402,-1,401,402,391,-1,403,404,392,-1,392,404,405,-1,392,405,5,-1,5,405,406,-1,5,406,395,-1,397,407,5,-1,5,407,408,-1,5,408,3,-1,409,410,411,-1,411,410,412,-1,411,412,413,-1,411,414,409,-1,409,414,415,-1,409,415,416,-1,416,417,409,-1,409,417,418,-1,409,418,419,-1,419,418,420,-1,419,420,421,-1,421,420,422,-1,421,422,392,-1,392,422,423,-1,392,423,403,-1,424,425,413,-1,413,425,426,-1,413,426,411,-1,427,428,371,-1,371,428,429,-1,371,429,369,-1,427,430,428,-1,428,430,431,-1,428,431,432,-1,432,431,433,-1,432,434,435,-1,433,436,432,-1,432,436,437,-1,432,437,438,-1,438,439,432,-1,432,439,440,-1,432,440,434,-1,435,441,432,-1,432,441,442,-1,432,442,443,-1,444,445,446,-1,447,448,449,-1,446,450,444,-1,444,450,451,-1,444,451,452,-1,452,451,447,-1,452,447,453,-1,453,447,449,-1,2,454,5,-1,5,454,455,-1,391,5,401,-1,401,5,455,-1,401,455,450,-1,450,455,456,-1,450,456,451,-1,457,454,458,-1,458,454,2,-1,458,2,459,-1,459,2,1,-1,460,461,462,-1,390,380,4,-1,4,380,460,-1,4,460,5,-1,5,460,462,-1,5,462,2,-1,2,462,463,-1,2,463,464,-1,465,466,467,-1,467,466,468,-1,467,468,460,-1,460,468,469,-1,460,469,461,-1,464,470,2,-1,2,470,471,-1,2,471,0,-1,472,473,474,-1,473,475,474,-1,474,475,476,-1,474,476,467,-1,467,476,477,-1,467,477,465,-1,478,479,480,-1,480,479,481,-1,482,483,289,-1,289,483,484,-1,289,484,272,-1,272,484,485,-1,272,485,486,-1,478,480,487,-1,487,480,484,-1,487,484,488,-1,488,484,483,-1,488,483,489,-1,483,490,489,-1,489,490,491,-1,489,491,492,-1,485,493,486,-1,486,493,494,-1,486,494,495,-1,495,494,496,-1,482,289,497,-1,497,289,498,-1,497,498,496,-1,496,498,446,-1,496,446,495,-1,495,446,445,-1,495,445,499,-1,269,500,176,-1,176,500,501,-1,176,501,174,-1,174,501,502,-1,174,502,304,-1,304,502,503,-1,304,503,183,-1,183,503,504,-1,183,504,184,-1,184,504,232,-1,184,232,199,-1,199,232,230,-1,199,230,201,-1,26,242,505,-1,505,242,8,-1,505,8,231,-1,231,8,7,-1,231,7,229,-1,240,242,239,-1,239,242,506,-1,239,506,507,-1,15,508,14,-1,14,508,509,-1,14,509,510,-1,511,506,510,-1,510,506,242,-1,510,242,14,-1,14,242,26,-1,14,26,16,-1,16,26,28,-1,178,169,265,-1,265,169,168,-1,265,168,289,-1,289,168,172,-1,289,172,498,-1,498,172,308,-1,498,308,446,-1,446,308,189,-1,446,189,450,-1,450,189,191,-1,450,191,401,-1,401,191,11,-1,401,11,253,-1,253,11,10,-1,253,10,254,-1,507,508,239,-1,239,508,15,-1,239,15,512,-1,512,15,75,-1,252,237,247,-1,247,237,239,-1,247,239,245,-1,245,239,512,-1,245,512,333,-1,333,512,513,-1,81,513,514,-1,514,513,515,-1,515,513,516,-1,516,513,512,-1,516,512,517,-1,81,514,75,-1,75,514,518,-1,75,518,512,-1,512,518,519,-1,512,519,517,-1,520,521,522,-1,522,521,516,-1,522,516,523,-1,523,516,517,-1,523,517,524,-1,524,517,525,-1,279,273,277,-1,277,273,272,-1,277,272,526,-1,526,272,486,-1,526,486,527,-1,527,486,495,-1,527,495,474,-1,474,495,499,-1,474,499,472,-1,67,69,81,-1,81,69,528,-1,81,528,513,-1,513,528,381,-1,513,381,333,-1,333,381,383,-1,333,383,331,-1,57,59,69,-1,69,59,529,-1,69,529,528,-1,528,529,530,-1,528,530,381,-1,381,530,531,-1,381,531,380,-1,380,531,532,-1,380,532,460,-1,460,532,533,-1,460,533,467,-1,467,533,534,-1,467,534,474,-1,474,534,535,-1,474,535,527,-1,527,535,299,-1,527,299,526,-1,526,299,301,-1,526,301,277,-1,536,537,538,-1,538,537,539,-1,537,540,539,-1,539,540,541,-1,540,542,541,-1,541,542,543,-1,542,544,543,-1,543,544,545,-1,544,546,545,-1,545,546,547,-1,546,548,547,-1,547,548,549,-1,548,550,549,-1,549,550,551,-1,550,536,551,-1,551,536,538,-1,
        ]
    }
}
Shape{
    appearance Appearance {
        material  Material 	{
            diffuseColor 0.0 0.0 0.0
            specularColor 0.0 0.0 0.0
            ambientIntensity 0.0
            transparency 0.0
            shininess 0.5
        }
    }
    geometry IndexedFaceSet {
        ccw TRUE
        solid FALSE
        coord DEF co Coordinate {
            point [
                -0.4559 0.5001 0.2689, -0.4354 0.5189 0.2689, -0.4384 0.5225 0.2507, -0.4078 0.54 0.2689, -0.3885 0.5548 0.2689, -0.3912 0.5587 0.2507, -0.3562 0.5754 0.2689, -0.3387 0.5866 0.2689, -0.341 0.5907 0.2507, -0.3017 0.6058 0.2689, -0.2862 0.6139 0.2689, -0.2883 0.6182 0.2507, -0.2445 0.6312 0.2689, -0.2317 0.6365 0.2689, -0.2333 0.6409 0.2507, -0.1852 0.6511 0.2689, -0.1753 0.6542 0.2689, -0.1765 0.6588 0.2507, -0.1244 0.6655 0.2689, -0.1176 0.667 0.2689, -0.1184 0.6717 0.2507, 0.1244 0.6655 0.2689, 0.1753 0.6542 0.2689, 0.1765 0.6588 0.2507, 0.1852 0.6511 0.2689, 0.2317 0.6365 0.2689, 0.2333 0.6409 0.2507, 0.2445 0.6312 0.2689, 0.2862 0.6139 0.2689, 0.2883 0.6182 0.2507, 0.3017 0.6058 0.2689, 0.3387 0.5866 0.2689, 0.341 0.5907 0.2507, 0.3562 0.5754 0.2689, 0.3885 0.5548 0.2689, 0.3912 0.5587 0.2507, 0.4078 0.54 0.2689, 0.4354 0.5189 0.2689, 0.4384 0.5225 0.2507, 0.6655 0.1244 0.2689, 0.667 0.1176 0.2689, 0.6717 0.1184 0.2507, 0.6655 -0.1244 0.2689, 0.6542 -0.1753 0.2689, 0.6588 -0.1765 0.2507, 0.6511 -0.1852 0.2689, 0.6365 -0.2317 0.2689, 0.6409 -0.2333 0.2507, 0.6312 -0.2445 0.2689, 0.6139 -0.2862 0.2689, 0.6182 -0.2883 0.2507, 0.6058 -0.3017 0.2689, 0.5866 -0.3387 0.2689, 0.5907 -0.341 0.2507, 0.5754 -0.3562 0.2689, 0.5548 -0.3885 0.2689, 0.5587 -0.3912 0.2507, 0.54 -0.4078 0.2689, 0.5189 -0.4354 0.2689, 0.5225 -0.4384 0.2507, 0.3562 -0.5754 0.2689, 0.3387 -0.5866 0.2689, 0.341 -0.5907 0.2507, 0.3017 -0.6058 0.2689, 0.2862 -0.6139 0.2689, 0.2883 -0.6182 0.2507, 0.2445 -0.6312 0.2689, 0.2317 -0.6365 0.2689, 0.2333 -0.6409 0.2507, 0.1852 -0.6511 0.2689, 0.1753 -0.6542 0.2689, 0.1765 -0.6588 0.2507, 0.1244 -0.6655 0.2689, 0.1176 -0.667 0.2689, 0.1184 -0.6717 0.2507, -0.1244 -0.6655 0.2689, -0.1753 -0.6542 0.2689, -0.1765 -0.6588 0.2507, -0.1852 -0.6511 0.2689, -0.2317 -0.6365 0.2689, -0.2333 -0.6409 0.2507, -0.2445 -0.6312 0.2689, -0.2862 -0.6139 0.2689, -0.2883 -0.6182 0.2507, -0.3017 -0.6058 0.2689, -0.3387 -0.5866 0.2689, -0.341 -0.5907 0.2507, -0.3562 -0.5754 0.2689, -0.3885 -0.5548 0.2689, -0.3912 -0.5587 0.2507, -0.4078 -0.54 0.2689, -0.4354 -0.5189 0.2689, -0.4384 -0.5225 0.2507, -0.5754 -0.3562 0.2689, -0.5866 -0.3387 0.2689, -0.5907 -0.341 0.2507, -0.6058 -0.3017 0.2689, -0.6139 -0.2862 0.2689, -0.6182 -0.2883 0.2507, 0.0 0.7367 0.203, -0.0642 0.7339 0.203, -0.0627 0.7164 0.2096, 0.7367 0.0 0.203, 0.7339 0.0642 0.203, 0.7164 0.0627 0.2096, -0.7525 0.0658 0.2008, -0.7553 0.0 0.2008, -0.7367 0.0 0.203, -0.7439 0.1312 0.2008, -0.7339 0.0642 0.203, -0.7296 0.1955 0.2008, -0.7255 0.1279 0.203, -0.6187 0.4332 0.2008, -0.6541 0.3777 0.2008, -0.638 0.3683 0.203, -0.5786 0.4855 0.2008, -0.6035 0.4225 0.203, -0.5341 0.5341 0.2008, -0.5643 0.4735 0.203, -0.4855 0.5786 0.2008, -0.5209 0.5209 0.203, -0.4332 0.6187 0.2008, -0.4735 0.5643 0.203, -0.3777 0.6541 0.2008, -0.4225 0.6035 0.203, -0.3192 0.6846 0.2008, -0.3683 0.638 0.203, -0.2583 0.7098 0.2008, -0.3113 0.6677 0.203, -0.7439 -0.1312 0.2008, -0.7296 -0.1955 0.2008, -0.7116 -0.1907 0.203, -0.7525 -0.0658 0.2008, -0.7255 -0.1279 0.203, -0.7339 -0.0642 0.203, -0.6403 0.2837 0.2231, -0.6368 0.297 0.221, -0.6376 0.2973 0.2202, 0.6234 0.3247 0.2208, 0.626 0.321 0.2202, 0.6093 0.3518 0.2202, 0.6517 0.3039 0.2096, 0.6299 0.3145 0.2197, 0.6337 0.3055 0.2202, 0.6158 0.3291 0.2253, 0.6172 0.329 0.2241, 0.5984 0.3455 0.2342, 0.6111 0.3247 0.2327, 0.6119 0.3264 0.2308, 0.613 0.3278 0.2287, 0.6139 0.3285 0.2274, 0.615 0.3289 0.2261, 0.6215 0.3266 0.2215, 0.6186 0.3285 0.2231, 0.6195 0.328 0.2225, 0.611 0.3108 0.2432, 0.5907 0.341 0.2507, 0.6131 0.3027 0.2468, 0.6154 0.294 0.2507, 0.6104 0.3178 0.2385, 0.6103 0.3198 0.2372, 0.6108 0.3231 0.2342, 0.6365 0.2317 0.2689, 0.6397 0.2328 0.2541, 0.6362 0.2412 0.2552, 0.6312 0.2445 0.2689, 0.6233 0.2726 0.2556, 0.6139 0.2862 0.2689, 0.6275 0.2623 0.256, 0.6321 0.2508 0.2565, 0.6542 0.1753 0.2689, 0.6588 0.1765 0.2507, 0.6511 0.1852 0.2689, 0.6434 0.2254 0.2517, 0.6401 0.2321 0.254, 0.6495 0.2316 0.2362, 0.6495 0.2244 0.2401, 0.6674 0.1788 0.2342, 0.6491 0.2362 0.2346, 0.6493 0.2225 0.2416, 0.6489 0.221 0.2432, 0.6484 0.2203 0.2445, 0.648 0.22 0.2454, 0.6476 0.22 0.2463, 0.6473 0.2201 0.2468, 0.6469 0.2204 0.2476, 0.6463 0.2209 0.2484, 0.6455 0.2218 0.2494, 0.6448 0.2229 0.2503, 0.6444 0.2236 0.2507, 0.6376 0.2973 0.2202, 0.6366 0.2969 0.2212, 0.6391 0.2878 0.2225, 0.6431 0.2738 0.2245, 0.6458 0.2585 0.2282, 0.6611 0.2406 0.2202, 0.6483 0.2445 0.2316, 0.6493 0.2363 0.2342, 0.649 0.2373 0.2342, 0.6348 0.3029 0.2203, -0.6517 0.3039 0.2096, -0.6299 0.3145 0.2197, -0.6261 0.3209 0.2202, -0.6365 0.2983 0.2208, -0.6328 0.3075 0.2202, -0.6326 0.3079 0.2202, -0.6494 0.2302 0.2372, -0.649 0.2362 0.2347, -0.6493 0.2363 0.2342, -0.6489 0.2374 0.2342, -0.6611 0.2406 0.2202, -0.6487 0.2409 0.2327, -0.6464 0.2549 0.2291, -0.644 0.2697 0.2253, -0.6444 0.2235 0.2507, -0.6454 0.222 0.2496, -0.6588 0.1765 0.2507, -0.6464 0.2208 0.2483, -0.6471 0.2202 0.2472, -0.6476 0.22 0.2464, -0.648 0.22 0.2455, -0.6674 0.1788 0.2342, -0.6483 0.2201 0.2449, -0.6486 0.2204 0.2441, -0.6489 0.221 0.2432, -0.6492 0.2223 0.2418, -0.6494 0.2237 0.2406, -0.6496 0.227 0.2385, -0.6542 0.1753 0.2689, -0.6511 0.1852 0.2689, -0.6365 0.2317 0.2689, -0.6406 0.231 0.2537, -0.6176 0.288 0.2523, -0.6198 0.2822 0.2535, -0.6139 0.2862 0.2689, -0.6237 0.2717 0.2557, -0.6312 0.2445 0.2689, -0.6275 0.2622 0.2561, -0.6321 0.2508 0.2565, -0.6365 0.2404 0.255, -0.6398 0.2329 0.254, -0.6165 0.2909 0.2517, -0.6058 0.3017 0.2689, -0.6158 0.2933 0.2507, -0.6103 0.3157 0.2401, -0.6114 0.3084 0.2445, -0.5907 0.341 0.2507, -0.6139 0.2999 0.248, -0.623 0.3251 0.2209, -0.6208 0.3272 0.2219, -0.6093 0.3518 0.2202, -0.625 0.3227 0.2203, -0.6193 0.3282 0.2227, -0.6177 0.3288 0.2237, -0.6167 0.329 0.2245, -0.6159 0.3291 0.2253, -0.6151 0.329 0.2261, -0.5984 0.3455 0.2342, -0.6137 0.3283 0.2278, -0.6124 0.3272 0.2297, -0.6115 0.3257 0.2316, -0.6108 0.3234 0.234, -0.6107 0.3232 0.2342, -0.6103 0.3209 0.2362, 0.1312 -0.7439 0.2008, 0.1955 -0.7296 0.2008, 0.1907 -0.7116 0.203, 0.252 -0.6923 0.203, 0.2459 -0.6757 0.2096, 0.7525 0.0658 0.2008, 0.7553 0.0 0.2008, 0.7525 -0.0658 0.2008, -0.0658 0.7525 0.2008, 0.0 0.7553 0.2008, 0.0658 0.7525 0.2008, 0.0658 -0.7525 0.2008, 0.1279 -0.7255 0.203, 0.1861 -0.6946 0.2096, 0.2406 -0.6611 0.2202, 0.6929 0.1222 0.2202, 0.7082 0.1249 0.2096, 0.7255 0.1279 0.203, 0.7439 0.1312 0.2008, 0.6677 0.3113 0.203, 0.6228 0.3595 0.2096, 0.6274 0.3191 0.2199, -0.1222 0.6929 0.2202, -0.1249 0.7082 0.2096, -0.1279 0.7255 0.203, -0.1312 0.7439 0.2008, -0.6228 0.3595 0.2096, -0.6677 0.3113 0.203, -0.6846 0.3192 0.2008, 0.0 -0.7553 0.2008, 0.0642 -0.7339 0.203, 0.1249 -0.7082 0.2096, 0.1821 -0.6796 0.2202, 0.2363 -0.6493 0.2342, 0.6796 0.1821 0.2202, 0.6946 0.1861 0.2096, 0.7116 0.1907 0.203, 0.7296 0.1955 0.2008, 0.7098 0.2583 0.2008, 0.6923 0.252 0.203, 0.6757 0.2459 0.2096, -0.1788 0.6674 0.2342, -0.1821 0.6796 0.2202, -0.1861 0.6946 0.2096, -0.1907 0.7116 0.203, -0.1955 0.7296 0.2008, -0.6757 0.2459 0.2096, -0.6923 0.252 0.203, -0.7098 0.2583 0.2008, -0.0658 -0.7525 0.2008, 0.0 -0.7367 0.203, 0.0627 -0.7164 0.2096, 0.1222 -0.6929 0.2202, 0.1788 -0.6674 0.2342, 0.7439 -0.1312 0.2008, 0.7339 -0.0642 0.203, 0.7191 0.0 0.2096, 0.7009 0.0613 0.2202, 0.6805 0.12 0.2342, -0.2363 0.6493 0.2342, -0.2406 0.6611 0.2202, -0.2459 0.6757 0.2096, -0.252 0.6923 0.203, -0.6796 0.1821 0.2202, -0.6946 0.1861 0.2096, -0.7116 0.1907 0.203, -0.5225 -0.4384 0.2507, -0.5587 -0.3912 0.2507, -0.566 -0.3963 0.2342, -0.4332 -0.6187 0.2008, -0.3777 -0.6541 0.2008, -0.3683 -0.638 0.203, -0.3113 -0.6677 0.203, -0.3039 -0.6517 0.2096, -0.2459 -0.6757 0.2096, -0.2406 -0.6611 0.2202, -0.1821 -0.6796 0.2202, -0.1788 -0.6674 0.2342, -0.12 -0.6805 0.2342, -0.1184 -0.6717 0.2507, -0.0594 -0.6795 0.2507, -0.3192 -0.6846 0.2008, -0.2583 -0.7098 0.2008, -0.252 -0.6923 0.203, -0.1907 -0.7116 0.203, -0.1861 -0.6946 0.2096, -0.1249 -0.7082 0.2096, -0.1222 -0.6929 0.2202, -0.0613 -0.7009 0.2202, -0.0602 -0.6884 0.2342, 0.0 -0.691 0.2342, 0.0 -0.6821 0.2507, 0.0594 -0.6795 0.2507, 0.059 -0.6747 0.2689, 0.0625 -0.6743 0.2689, 0.4384 -0.5225 0.2507, 0.3912 -0.5587 0.2507, 0.3963 -0.566 0.2342, 0.6187 -0.4332 0.2008, 0.6541 -0.3777 0.2008, 0.638 -0.3683 0.203, 0.6677 -0.3113 0.203, 0.6517 -0.3039 0.2096, 0.6757 -0.2459 0.2096, 0.6611 -0.2406 0.2202, 0.6796 -0.1821 0.2202, 0.6674 -0.1788 0.2342, 0.6805 -0.12 0.2342, 0.6717 -0.1184 0.2507, 0.6795 -0.0594 0.2507, 0.6846 -0.3192 0.2008, 0.7098 -0.2583 0.2008, 0.6923 -0.252 0.203, 0.7116 -0.1907 0.203, 0.6946 -0.1861 0.2096, 0.7082 -0.1249 0.2096, 0.6929 -0.1222 0.2202, 0.7009 -0.0613 0.2202, 0.6884 -0.0602 0.2342, 0.691 0.0 0.2342, 0.6821 0.0 0.2507, 0.6795 0.0594 0.2507, 0.6747 0.059 0.2689, 0.6743 0.0625 0.2689, 0.5225 0.4384 0.2507, 0.5587 0.3912 0.2507, 0.566 0.3963 0.2342, 0.4332 0.6187 0.2008, 0.3777 0.6541 0.2008, 0.3683 0.638 0.203, 0.3113 0.6677 0.203, 0.3039 0.6517 0.2096, 0.2459 0.6757 0.2096, 0.2406 0.6611 0.2202, 0.1821 0.6796 0.2202, 0.1788 0.6674 0.2342, 0.12 0.6805 0.2342, 0.1184 0.6717 0.2507, 0.0594 0.6795 0.2507, 0.3192 0.6846 0.2008, 0.2583 0.7098 0.2008, 0.252 0.6923 0.203, 0.1907 0.7116 0.203, 0.1861 0.6946 0.2096, 0.1249 0.7082 0.2096, 0.1222 0.6929 0.2202, 0.0613 0.7009 0.2202, 0.0602 0.6884 0.2342, 0.0 0.691 0.2342, 0.0 0.6821 0.2507, -0.0594 0.6795 0.2507, -0.059 0.6747 0.2689, -0.0625 0.6743 0.2689, -0.7164 -0.0627 0.2096, -0.7191 0.0 0.2096, -0.7009 -0.0613 0.2202, -0.7036 0.0 0.2202, -0.6884 -0.0602 0.2342, -0.691 0.0 0.2342, -0.6795 -0.0594 0.2507, -0.6821 0.0 0.2507, -0.6747 -0.059 0.2689, -0.6773 0.0 0.2689, -0.6717 -0.1184 0.2507, -0.667 -0.1176 0.2689, -0.6743 -0.0625 0.2689, -0.7082 -0.1249 0.2096, -0.6929 -0.1222 0.2202, -0.6805 -0.12 0.2342, -0.6588 -0.1765 0.2507, -0.6542 -0.1753 0.2689, -0.6655 -0.1244 0.2689, -0.6946 -0.1861 0.2096, -0.6796 -0.1821 0.2202, -0.6674 -0.1788 0.2342, -0.6312 -0.2445 0.2689, -0.6365 -0.2317 0.2689, -0.6409 -0.2333 0.2507, -0.6511 -0.1852 0.2689, -0.6923 -0.252 0.203, -0.6757 -0.2459 0.2096, -0.6611 -0.2406 0.2202, -0.6493 -0.2363 0.2342, -0.6517 -0.3039 0.2096, -0.6376 -0.2973 0.2202, -0.6262 -0.292 0.2342, -0.6093 -0.3518 0.2202, -0.5984 -0.3455 0.2342, -0.5548 -0.3885 0.2689, -0.4559 -0.5001 0.2689, -0.4789 -0.4789 0.2689, -0.4823 -0.4823 0.2507, -0.5293 -0.4442 0.2342, -0.5763 -0.4035 0.2202, -0.6228 -0.3595 0.2096, -0.6677 -0.3113 0.203, -0.7098 -0.2583 0.2008, -0.5001 -0.4559 0.2689, -0.5189 -0.4354 0.2689, -0.54 -0.4078 0.2689, -0.4886 -0.4886 0.2342, -0.539 -0.4522 0.2202, -0.589 -0.4125 0.2096, -0.638 -0.3683 0.203, -0.6846 -0.3192 0.2008, -0.4442 -0.5293 0.2342, -0.4975 -0.4975 0.2202, -0.5509 -0.4622 0.2096, -0.6035 -0.4225 0.203, -0.6541 -0.3777 0.2008, -0.3963 -0.566 0.2342, -0.4522 -0.539 0.2202, -0.5085 -0.5085 0.2096, -0.5643 -0.4735 0.203, -0.6187 -0.4332 0.2008, -0.3455 -0.5984 0.2342, -0.4035 -0.5763 0.2202, -0.4622 -0.5509 0.2096, -0.5209 -0.5209 0.203, -0.5786 -0.4855 0.2008, -0.292 -0.6262 0.2342, -0.3518 -0.6093 0.2202, -0.4125 -0.589 0.2096, -0.4735 -0.5643 0.203, -0.5341 -0.5341 0.2008, -0.2363 -0.6493 0.2342, -0.2973 -0.6376 0.2202, -0.3595 -0.6228 0.2096, -0.4225 -0.6035 0.203, -0.4855 -0.5786 0.2008, 0.0 -0.6773 0.2689, -0.059 -0.6747 0.2689, -0.0625 -0.6743 0.2689, -0.1176 -0.667 0.2689, 0.0602 -0.6884 0.2342, 0.0 -0.7036 0.2202, -0.0627 -0.7164 0.2096, -0.1279 -0.7255 0.203, -0.1955 -0.7296 0.2008, 0.12 -0.6805 0.2342, 0.0613 -0.7009 0.2202, 0.0 -0.7191 0.2096, -0.0642 -0.7339 0.203, -0.1312 -0.7439 0.2008, 0.3039 -0.6517 0.2096, 0.2973 -0.6376 0.2202, 0.292 -0.6262 0.2342, 0.3518 -0.6093 0.2202, 0.3455 -0.5984 0.2342, 0.3885 -0.5548 0.2689, 0.5001 -0.4559 0.2689, 0.4789 -0.4789 0.2689, 0.4823 -0.4823 0.2507, 0.4442 -0.5293 0.2342, 0.4035 -0.5763 0.2202, 0.3595 -0.6228 0.2096, 0.3113 -0.6677 0.203, 0.2583 -0.7098 0.2008, 0.4559 -0.5001 0.2689, 0.4354 -0.5189 0.2689, 0.4078 -0.54 0.2689, 0.4886 -0.4886 0.2342, 0.4522 -0.539 0.2202, 0.4125 -0.589 0.2096, 0.3683 -0.638 0.203, 0.3192 -0.6846 0.2008, 0.5293 -0.4442 0.2342, 0.4975 -0.4975 0.2202, 0.4622 -0.5509 0.2096, 0.4225 -0.6035 0.203, 0.3777 -0.6541 0.2008, 0.566 -0.3963 0.2342, 0.539 -0.4522 0.2202, 0.5085 -0.5085 0.2096, 0.4735 -0.5643 0.203, 0.4332 -0.6187 0.2008, 0.5984 -0.3455 0.2342, 0.5763 -0.4035 0.2202, 0.5509 -0.4622 0.2096, 0.5209 -0.5209 0.203, 0.4855 -0.5786 0.2008, 0.6262 -0.292 0.2342, 0.6093 -0.3518 0.2202, 0.589 -0.4125 0.2096, 0.5643 -0.4735 0.203, 0.5341 -0.5341 0.2008, 0.6493 -0.2363 0.2342, 0.6376 -0.2973 0.2202, 0.6228 -0.3595 0.2096, 0.6035 -0.4225 0.203, 0.5786 -0.4855 0.2008, 0.6773 0.0 0.2689, 0.6747 -0.059 0.2689, 0.6743 -0.0625 0.2689, 0.667 -0.1176 0.2689, 0.6884 0.0602 0.2342, 0.7036 0.0 0.2202, 0.7164 -0.0627 0.2096, 0.7255 -0.1279 0.203, 0.7296 -0.1955 0.2008, 0.5548 0.3885 0.2689, 0.6193 0.2836 0.2531, 0.6177 0.288 0.2521, 0.6058 0.3017 0.2689, 0.5866 0.3387 0.2689, 0.5754 0.3562 0.2689, 0.4559 0.5001 0.2689, 0.4789 0.4789 0.2689, 0.4823 0.4823 0.2507, 0.5293 0.4442 0.2342, 0.5763 0.4035 0.2202, 0.5001 0.4559 0.2689, 0.5189 0.4354 0.2689, 0.54 0.4078 0.2689, 0.4886 0.4886 0.2342, 0.539 0.4522 0.2202, 0.589 0.4125 0.2096, 0.638 0.3683 0.203, 0.6846 0.3192 0.2008, 0.4442 0.5293 0.2342, 0.4975 0.4975 0.2202, 0.5509 0.4622 0.2096, 0.6035 0.4225 0.203, 0.6541 0.3777 0.2008, 0.3963 0.566 0.2342, 0.4522 0.539 0.2202, 0.5085 0.5085 0.2096, 0.5643 0.4735 0.203, 0.6187 0.4332 0.2008, 0.3455 0.5984 0.2342, 0.4035 0.5763 0.2202, 0.4622 0.5509 0.2096, 0.5209 0.5209 0.203, 0.5786 0.4855 0.2008, 0.292 0.6262 0.2342, 0.3518 0.6093 0.2202, 0.4125 0.589 0.2096, 0.4735 0.5643 0.203, 0.5341 0.5341 0.2008, 0.2363 0.6493 0.2342, 0.2973 0.6376 0.2202, 0.3595 0.6228 0.2096, 0.4225 0.6035 0.203, 0.4855 0.5786 0.2008, 0.0 0.6773 0.2689, 0.059 0.6747 0.2689, 0.0625 0.6743 0.2689, 0.1176 0.667 0.2689, -0.0602 0.6884 0.2342, 0.0 0.7036 0.2202, 0.0627 0.7164 0.2096, 0.1279 0.7255 0.203, 0.1955 0.7296 0.2008, -0.12 0.6805 0.2342, -0.0613 0.7009 0.2202, 0.0 0.7191 0.2096, 0.0642 0.7339 0.203, 0.1312 0.7439 0.2008, -0.3039 0.6517 0.2096, -0.2973 0.6376 0.2202, -0.292 0.6262 0.2342, -0.3595 0.6228 0.2096, -0.3518 0.6093 0.2202, -0.3455 0.5984 0.2342, -0.4125 0.589 0.2096, -0.4035 0.5763 0.2202, -0.3963 0.566 0.2342, -0.4622 0.5509 0.2096, -0.4522 0.539 0.2202, -0.4442 0.5293 0.2342, -0.5085 0.5085 0.2096, -0.4975 0.4975 0.2202, -0.4886 0.4886 0.2342, -0.4823 0.4823 0.2507, -0.4789 0.4789 0.2689, -0.5225 0.4384 0.2507, -0.5189 0.4354 0.2689, -0.5001 0.4559 0.2689, -0.5509 0.4622 0.2096, -0.539 0.4522 0.2202, -0.5293 0.4442 0.2342, -0.5587 0.3912 0.2507, -0.5548 0.3885 0.2689, -0.54 0.4078 0.2689, -0.589 0.4125 0.2096, -0.5763 0.4035 0.2202, -0.566 0.3963 0.2342, -0.5866 0.3387 0.2689, -0.5754 0.3562 0.2689, -0.6717 0.1184 0.2507, -0.667 0.1176 0.2689, -0.6655 0.1244 0.2689, -0.7082 0.1249 0.2096, -0.6929 0.1222 0.2202, -0.6805 0.12 0.2342, -0.6795 0.0594 0.2507, -0.6747 0.059 0.2689, -0.6743 0.0625 0.2689, -0.7164 0.0627 0.2096, -0.7009 0.0613 0.2202, -0.6884 0.0602 0.2342
            ]
        }
        coordIndex [
            0,1,2,-1,3,4,5,-1,6,7,8,-1,9,10,11,-1,12,13,14,-1,15,16,17,-1,18,19,20,-1,21,22,23,-1,24,25,26,-1,27,28,29,-1,30,31,32,-1,33,34,35,-1,36,37,38,-1,39,40,41,-1,42,43,44,-1,45,46,47,-1,48,49,50,-1,51,52,53,-1,54,55,56,-1,57,58,59,-1,60,61,62,-1,63,64,65,-1,66,67,68,-1,69,70,71,-1,72,73,74,-1,75,76,77,-1,78,79,80,-1,81,82,83,-1,84,85,86,-1,87,88,89,-1,90,91,92,-1,93,94,95,-1,96,97,98,-1,99,100,101,-1,102,103,104,-1,105,106,107,-1,108,105,109,-1,110,108,111,-1,112,113,114,-1,115,112,116,-1,117,115,118,-1,119,117,120,-1,121,119,122,-1,123,121,124,-1,125,123,126,-1,127,125,128,-1,129,130,131,-1,132,129,133,-1,106,132,134,-1,135,136,137,-1,138,139,140,-1,141,142,143,-1,144,145,140,-1,146,147,148,-1,148,149,146,-1,146,149,150,-1,146,150,140,-1,140,150,151,-1,140,151,144,-1,138,140,152,-1,145,153,140,-1,140,153,154,-1,140,154,152,-1,155,156,157,-1,157,156,158,-1,155,159,156,-1,156,159,160,-1,156,160,146,-1,146,160,161,-1,146,161,147,-1,162,163,164,-1,162,164,165,-1,166,167,168,-1,168,167,165,-1,168,165,169,-1,169,165,164,-1,170,171,172,-1,172,171,173,-1,172,173,162,-1,162,173,174,-1,162,174,163,-1,175,176,177,-1,175,177,178,-1,176,179,177,-1,177,179,180,-1,177,180,181,-1,182,183,171,-1,171,183,184,-1,184,185,171,-1,171,185,186,-1,171,186,187,-1,187,188,171,-1,171,188,189,-1,171,189,173,-1,190,191,192,-1,193,194,195,-1,195,194,196,-1,195,196,197,-1,197,196,198,-1,197,198,178,-1,141,143,190,-1,190,143,199,-1,190,199,191,-1,200,201,202,-1,136,203,137,-1,137,203,204,-1,137,204,200,-1,200,204,205,-1,200,205,201,-1,206,207,208,-1,208,207,209,-1,208,209,210,-1,210,209,211,-1,211,212,210,-1,210,212,213,-1,210,213,135,-1,214,215,216,-1,216,215,217,-1,216,217,218,-1,218,219,216,-1,216,219,220,-1,216,220,221,-1,221,220,222,-1,222,223,221,-1,221,223,224,-1,221,224,225,-1,225,226,221,-1,221,226,227,-1,221,227,206,-1,216,228,229,-1,216,229,214,-1,214,229,230,-1,214,230,231,-1,232,233,234,-1,234,233,235,-1,234,235,236,-1,236,235,237,-1,237,238,236,-1,236,238,239,-1,236,239,230,-1,230,239,240,-1,230,240,231,-1,232,234,241,-1,241,234,242,-1,241,242,243,-1,244,245,246,-1,246,245,247,-1,246,247,243,-1,248,249,250,-1,248,250,251,-1,249,252,250,-1,250,252,253,-1,250,253,254,-1,254,255,250,-1,250,255,256,-1,250,256,257,-1,256,258,257,-1,257,258,259,-1,257,259,260,-1,260,261,257,-1,257,261,262,-1,257,262,246,-1,246,262,263,-1,246,263,244,-1,264,265,266,-1,266,265,267,-1,266,267,268,-1,269,103,270,-1,270,103,102,-1,270,102,271,-1,272,100,273,-1,273,100,99,-1,273,99,274,-1,275,264,276,-1,276,264,266,-1,276,266,277,-1,277,266,268,-1,277,268,278,-1,279,104,280,-1,280,104,103,-1,280,103,281,-1,281,103,269,-1,281,269,282,-1,283,284,141,-1,141,284,285,-1,141,285,142,-1,286,101,287,-1,287,101,100,-1,287,100,288,-1,288,100,272,-1,288,272,289,-1,251,250,202,-1,202,250,290,-1,202,290,200,-1,200,290,114,-1,200,114,291,-1,291,114,113,-1,291,113,292,-1,293,275,294,-1,294,275,276,-1,294,276,295,-1,295,276,277,-1,295,277,296,-1,296,277,278,-1,296,278,297,-1,177,279,298,-1,298,279,280,-1,298,280,299,-1,299,280,281,-1,299,281,300,-1,300,281,282,-1,300,282,301,-1,302,283,303,-1,303,283,141,-1,303,141,304,-1,304,141,190,-1,304,190,195,-1,195,190,192,-1,195,192,193,-1,305,286,306,-1,306,286,287,-1,306,287,307,-1,307,287,288,-1,307,288,308,-1,308,288,289,-1,308,289,309,-1,135,137,210,-1,210,137,200,-1,210,200,310,-1,310,200,291,-1,310,291,311,-1,311,291,292,-1,311,292,312,-1,313,293,314,-1,314,293,294,-1,314,294,315,-1,315,294,295,-1,315,295,316,-1,316,295,296,-1,316,296,317,-1,317,296,297,-1,317,297,68,-1,318,271,319,-1,319,271,102,-1,319,102,320,-1,320,102,104,-1,320,104,321,-1,321,104,279,-1,321,279,322,-1,322,279,177,-1,322,177,171,-1,171,177,181,-1,171,181,182,-1,178,177,197,-1,197,177,298,-1,197,298,195,-1,195,298,299,-1,195,299,304,-1,304,299,300,-1,304,300,303,-1,303,300,301,-1,303,301,302,-1,14,305,323,-1,323,305,306,-1,323,306,324,-1,324,306,307,-1,324,307,325,-1,325,307,308,-1,325,308,326,-1,326,308,309,-1,326,309,127,-1,206,208,221,-1,221,208,210,-1,221,210,327,-1,327,210,310,-1,327,310,328,-1,328,310,311,-1,328,311,329,-1,329,311,312,-1,329,312,110,-1,330,331,332,-1,333,334,335,-1,335,334,336,-1,335,336,337,-1,337,336,338,-1,337,338,339,-1,339,338,340,-1,339,340,341,-1,341,340,342,-1,341,342,343,-1,343,342,344,-1,345,346,347,-1,347,346,348,-1,347,348,349,-1,349,348,350,-1,349,350,351,-1,351,350,352,-1,351,352,353,-1,353,352,354,-1,353,354,355,-1,355,354,356,-1,355,356,357,-1,357,356,358,-1,359,360,361,-1,362,363,364,-1,364,363,365,-1,364,365,366,-1,366,365,367,-1,366,367,368,-1,368,367,369,-1,368,369,370,-1,370,369,371,-1,370,371,372,-1,372,371,373,-1,374,375,376,-1,376,375,377,-1,376,377,378,-1,378,377,379,-1,378,379,380,-1,380,379,381,-1,380,381,382,-1,382,381,383,-1,382,383,384,-1,384,383,385,-1,384,385,386,-1,386,385,387,-1,388,389,390,-1,391,392,393,-1,393,392,394,-1,393,394,395,-1,395,394,396,-1,395,396,397,-1,397,396,398,-1,397,398,399,-1,399,398,400,-1,399,400,401,-1,401,400,402,-1,403,404,405,-1,405,404,406,-1,405,406,407,-1,407,406,408,-1,407,408,409,-1,409,408,410,-1,409,410,411,-1,411,410,412,-1,411,412,413,-1,413,412,414,-1,413,414,415,-1,415,414,416,-1,106,134,107,-1,107,134,417,-1,107,417,418,-1,418,417,419,-1,418,419,420,-1,420,419,421,-1,420,421,422,-1,422,421,423,-1,422,423,424,-1,424,423,425,-1,424,425,426,-1,427,428,429,-1,132,133,134,-1,134,133,430,-1,134,430,417,-1,417,430,431,-1,417,431,419,-1,419,431,432,-1,419,432,421,-1,421,432,427,-1,421,427,423,-1,423,427,429,-1,423,429,425,-1,433,434,435,-1,129,131,133,-1,133,131,436,-1,133,436,430,-1,430,436,437,-1,430,437,431,-1,431,437,438,-1,431,438,432,-1,432,438,433,-1,432,433,427,-1,427,433,435,-1,427,435,428,-1,439,440,441,-1,441,440,442,-1,130,443,131,-1,131,443,444,-1,131,444,436,-1,436,444,445,-1,436,445,437,-1,437,445,446,-1,437,446,438,-1,438,446,441,-1,438,441,433,-1,433,441,442,-1,433,442,434,-1,443,447,444,-1,444,447,448,-1,444,448,445,-1,445,448,449,-1,445,449,446,-1,446,449,98,-1,446,98,441,-1,441,98,97,-1,441,97,439,-1,447,450,448,-1,448,450,451,-1,448,451,449,-1,449,451,95,-1,449,95,98,-1,98,95,94,-1,98,94,96,-1,450,332,451,-1,451,332,331,-1,451,331,95,-1,95,331,452,-1,95,452,93,-1,453,454,455,-1,455,454,330,-1,455,330,456,-1,456,330,332,-1,456,332,457,-1,457,332,450,-1,457,450,458,-1,458,450,447,-1,458,447,459,-1,459,447,443,-1,459,443,460,-1,460,443,130,-1,454,461,330,-1,330,461,462,-1,330,462,331,-1,331,462,463,-1,331,463,452,-1,91,453,92,-1,92,453,455,-1,92,455,464,-1,464,455,456,-1,464,456,465,-1,465,456,457,-1,465,457,466,-1,466,457,458,-1,466,458,467,-1,467,458,459,-1,467,459,468,-1,468,459,460,-1,88,90,89,-1,89,90,92,-1,89,92,469,-1,469,92,464,-1,469,464,470,-1,470,464,465,-1,470,465,471,-1,471,465,466,-1,471,466,472,-1,472,466,467,-1,472,467,473,-1,473,467,468,-1,85,87,86,-1,86,87,89,-1,86,89,474,-1,474,89,469,-1,474,469,475,-1,475,469,470,-1,475,470,476,-1,476,470,471,-1,476,471,477,-1,477,471,472,-1,477,472,478,-1,478,472,473,-1,82,84,83,-1,83,84,86,-1,83,86,479,-1,479,86,474,-1,479,474,480,-1,480,474,475,-1,480,475,481,-1,481,475,476,-1,481,476,482,-1,482,476,477,-1,482,477,483,-1,483,477,478,-1,79,81,80,-1,80,81,83,-1,80,83,484,-1,484,83,479,-1,484,479,485,-1,485,479,480,-1,485,480,486,-1,486,480,481,-1,486,481,487,-1,487,481,482,-1,487,482,488,-1,488,482,483,-1,76,78,77,-1,77,78,80,-1,77,80,489,-1,489,80,484,-1,489,484,490,-1,490,484,485,-1,490,485,491,-1,491,485,486,-1,491,486,492,-1,492,486,487,-1,492,487,493,-1,493,487,488,-1,493,333,492,-1,492,333,335,-1,492,335,491,-1,491,335,337,-1,491,337,490,-1,490,337,339,-1,490,339,489,-1,489,339,341,-1,489,341,77,-1,77,341,343,-1,77,343,75,-1,494,495,344,-1,344,495,496,-1,344,496,343,-1,343,496,497,-1,343,497,75,-1,334,345,336,-1,336,345,347,-1,336,347,338,-1,338,347,349,-1,338,349,340,-1,340,349,351,-1,340,351,342,-1,342,351,353,-1,342,353,344,-1,344,353,355,-1,344,355,494,-1,494,355,357,-1,73,358,74,-1,74,358,356,-1,74,356,498,-1,498,356,354,-1,498,354,499,-1,499,354,352,-1,499,352,500,-1,500,352,350,-1,500,350,501,-1,501,350,348,-1,501,348,502,-1,502,348,346,-1,70,72,71,-1,71,72,74,-1,71,74,503,-1,503,74,498,-1,503,498,504,-1,504,498,499,-1,504,499,505,-1,505,499,500,-1,505,500,506,-1,506,500,501,-1,506,501,507,-1,507,501,502,-1,67,69,68,-1,68,69,71,-1,68,71,317,-1,317,71,503,-1,317,503,316,-1,316,503,504,-1,316,504,315,-1,315,504,505,-1,315,505,314,-1,314,505,506,-1,314,506,313,-1,313,506,507,-1,267,508,268,-1,268,508,509,-1,268,509,278,-1,278,509,510,-1,278,510,297,-1,297,510,65,-1,297,65,68,-1,68,65,64,-1,68,64,66,-1,508,511,509,-1,509,511,512,-1,509,512,510,-1,510,512,62,-1,510,62,65,-1,65,62,61,-1,65,61,63,-1,511,361,512,-1,512,361,360,-1,512,360,62,-1,62,360,513,-1,62,513,60,-1,514,515,516,-1,516,515,359,-1,516,359,517,-1,517,359,361,-1,517,361,518,-1,518,361,511,-1,518,511,519,-1,519,511,508,-1,519,508,520,-1,520,508,267,-1,520,267,521,-1,521,267,265,-1,515,522,359,-1,359,522,523,-1,359,523,360,-1,360,523,524,-1,360,524,513,-1,58,514,59,-1,59,514,516,-1,59,516,525,-1,525,516,517,-1,525,517,526,-1,526,517,518,-1,526,518,527,-1,527,518,519,-1,527,519,528,-1,528,519,520,-1,528,520,529,-1,529,520,521,-1,55,57,56,-1,56,57,59,-1,56,59,530,-1,530,59,525,-1,530,525,531,-1,531,525,526,-1,531,526,532,-1,532,526,527,-1,532,527,533,-1,533,527,528,-1,533,528,534,-1,534,528,529,-1,52,54,53,-1,53,54,56,-1,53,56,535,-1,535,56,530,-1,535,530,536,-1,536,530,531,-1,536,531,537,-1,537,531,532,-1,537,532,538,-1,538,532,533,-1,538,533,539,-1,539,533,534,-1,49,51,50,-1,50,51,53,-1,50,53,540,-1,540,53,535,-1,540,535,541,-1,541,535,536,-1,541,536,542,-1,542,536,537,-1,542,537,543,-1,543,537,538,-1,543,538,544,-1,544,538,539,-1,46,48,47,-1,47,48,50,-1,47,50,545,-1,545,50,540,-1,545,540,546,-1,546,540,541,-1,546,541,547,-1,547,541,542,-1,547,542,548,-1,548,542,543,-1,548,543,549,-1,549,543,544,-1,43,45,44,-1,44,45,47,-1,44,47,550,-1,550,47,545,-1,550,545,551,-1,551,545,546,-1,551,546,552,-1,552,546,547,-1,552,547,553,-1,553,547,548,-1,553,548,554,-1,554,548,549,-1,554,362,553,-1,553,362,364,-1,553,364,552,-1,552,364,366,-1,552,366,551,-1,551,366,368,-1,551,368,550,-1,550,368,370,-1,550,370,44,-1,44,370,372,-1,44,372,42,-1,555,556,373,-1,373,556,557,-1,373,557,372,-1,372,557,558,-1,372,558,42,-1,363,374,365,-1,365,374,376,-1,365,376,367,-1,367,376,378,-1,367,378,369,-1,369,378,380,-1,369,380,371,-1,371,380,382,-1,371,382,373,-1,373,382,384,-1,373,384,555,-1,555,384,386,-1,40,387,41,-1,41,387,385,-1,41,385,559,-1,559,385,383,-1,559,383,560,-1,560,383,381,-1,560,381,561,-1,561,381,379,-1,561,379,562,-1,562,379,377,-1,562,377,563,-1,563,377,375,-1,170,39,171,-1,171,39,41,-1,171,41,322,-1,322,41,559,-1,322,559,321,-1,321,559,560,-1,321,560,320,-1,320,560,561,-1,320,561,319,-1,319,561,562,-1,319,562,318,-1,318,562,563,-1,140,390,146,-1,146,390,389,-1,146,389,156,-1,156,389,564,-1,166,565,167,-1,167,565,566,-1,167,566,567,-1,567,566,158,-1,567,158,568,-1,568,158,156,-1,568,156,569,-1,569,156,564,-1,570,571,572,-1,572,571,388,-1,572,388,573,-1,573,388,390,-1,573,390,574,-1,574,390,140,-1,574,140,284,-1,284,140,139,-1,284,139,285,-1,571,575,388,-1,388,575,576,-1,388,576,389,-1,389,576,577,-1,389,577,564,-1,37,570,38,-1,38,570,572,-1,38,572,578,-1,578,572,573,-1,578,573,579,-1,579,573,574,-1,579,574,580,-1,580,574,284,-1,580,284,581,-1,581,284,283,-1,581,283,582,-1,582,283,302,-1,34,36,35,-1,35,36,38,-1,35,38,583,-1,583,38,578,-1,583,578,584,-1,584,578,579,-1,584,579,585,-1,585,579,580,-1,585,580,586,-1,586,580,581,-1,586,581,587,-1,587,581,582,-1,31,33,32,-1,32,33,35,-1,32,35,588,-1,588,35,583,-1,588,583,589,-1,589,583,584,-1,589,584,590,-1,590,584,585,-1,590,585,591,-1,591,585,586,-1,591,586,592,-1,592,586,587,-1,28,30,29,-1,29,30,32,-1,29,32,593,-1,593,32,588,-1,593,588,594,-1,594,588,589,-1,594,589,595,-1,595,589,590,-1,595,590,596,-1,596,590,591,-1,596,591,597,-1,597,591,592,-1,25,27,26,-1,26,27,29,-1,26,29,598,-1,598,29,593,-1,598,593,599,-1,599,593,594,-1,599,594,600,-1,600,594,595,-1,600,595,601,-1,601,595,596,-1,601,596,602,-1,602,596,597,-1,22,24,23,-1,23,24,26,-1,23,26,603,-1,603,26,598,-1,603,598,604,-1,604,598,599,-1,604,599,605,-1,605,599,600,-1,605,600,606,-1,606,600,601,-1,606,601,607,-1,607,601,602,-1,607,391,606,-1,606,391,393,-1,606,393,605,-1,605,393,395,-1,605,395,604,-1,604,395,397,-1,604,397,603,-1,603,397,399,-1,603,399,23,-1,23,399,401,-1,23,401,21,-1,608,609,402,-1,402,609,610,-1,402,610,401,-1,401,610,611,-1,401,611,21,-1,392,403,394,-1,394,403,405,-1,394,405,396,-1,396,405,407,-1,396,407,398,-1,398,407,409,-1,398,409,400,-1,400,409,411,-1,400,411,402,-1,402,411,413,-1,402,413,608,-1,608,413,415,-1,19,416,20,-1,20,416,414,-1,20,414,612,-1,612,414,412,-1,612,412,613,-1,613,412,410,-1,613,410,614,-1,614,410,408,-1,614,408,615,-1,615,408,406,-1,615,406,616,-1,616,406,404,-1,16,18,17,-1,17,18,20,-1,17,20,617,-1,617,20,612,-1,617,612,618,-1,618,612,613,-1,618,613,619,-1,619,613,614,-1,619,614,620,-1,620,614,615,-1,620,615,621,-1,621,615,616,-1,13,15,14,-1,14,15,17,-1,14,17,305,-1,305,17,617,-1,305,617,286,-1,286,617,618,-1,286,618,101,-1,101,618,619,-1,101,619,99,-1,99,619,620,-1,99,620,274,-1,274,620,621,-1,127,128,326,-1,326,128,622,-1,326,622,325,-1,325,622,623,-1,325,623,324,-1,324,623,624,-1,324,624,323,-1,323,624,11,-1,323,11,14,-1,14,11,10,-1,14,10,12,-1,125,126,128,-1,128,126,625,-1,128,625,622,-1,622,625,626,-1,622,626,623,-1,623,626,627,-1,623,627,624,-1,624,627,8,-1,624,8,11,-1,11,8,7,-1,11,7,9,-1,123,124,126,-1,126,124,628,-1,126,628,625,-1,625,628,629,-1,625,629,626,-1,626,629,630,-1,626,630,627,-1,627,630,5,-1,627,5,8,-1,8,5,4,-1,8,4,6,-1,121,122,124,-1,124,122,631,-1,124,631,628,-1,628,631,632,-1,628,632,629,-1,629,632,633,-1,629,633,630,-1,630,633,2,-1,630,2,5,-1,5,2,1,-1,5,1,3,-1,119,120,122,-1,122,120,634,-1,122,634,631,-1,631,634,635,-1,631,635,632,-1,632,635,636,-1,632,636,633,-1,633,636,637,-1,633,637,2,-1,2,637,638,-1,2,638,0,-1,639,640,641,-1,117,118,120,-1,120,118,642,-1,120,642,634,-1,634,642,643,-1,634,643,635,-1,635,643,644,-1,635,644,636,-1,636,644,639,-1,636,639,637,-1,637,639,641,-1,637,641,638,-1,645,646,647,-1,115,116,118,-1,118,116,648,-1,118,648,642,-1,642,648,649,-1,642,649,643,-1,643,649,650,-1,643,650,644,-1,644,650,645,-1,644,645,639,-1,639,645,647,-1,639,647,640,-1,243,242,246,-1,246,242,651,-1,246,651,652,-1,112,114,116,-1,116,114,290,-1,116,290,648,-1,648,290,250,-1,648,250,649,-1,649,250,257,-1,649,257,650,-1,650,257,246,-1,650,246,645,-1,645,246,652,-1,645,652,646,-1,653,654,655,-1,110,111,329,-1,329,111,656,-1,329,656,328,-1,328,656,657,-1,328,657,327,-1,327,657,658,-1,327,658,221,-1,221,658,653,-1,221,653,216,-1,216,653,655,-1,216,655,228,-1,659,660,661,-1,108,109,111,-1,111,109,662,-1,111,662,656,-1,656,662,663,-1,656,663,657,-1,657,663,664,-1,657,664,658,-1,658,664,659,-1,658,659,653,-1,653,659,661,-1,653,661,654,-1,105,107,109,-1,109,107,418,-1,109,418,662,-1,662,418,420,-1,662,420,663,-1,663,420,422,-1,663,422,664,-1,664,422,424,-1,664,424,659,-1,659,424,426,-1,659,426,660,-1,
        ]
    }
}
Shape{
    appearance Appearance {
        material  Material 	{
            diffuseColor 0.25098039215686274 0.25098039215686274 0.25098039215686274
            specularColor 0.12549019607843137 0.12549019607843137 0.12549019607843137
            ambientIntensity 0.251
            transparency 0.0
            shininess 0.5
        }
    }
    geometry IndexedFaceSet {
        ccw TRUE
        solid FALSE
        coord DEF co Coordinate {
            point [
                0.7874 0.6102 0.2008, 0.7874 -0.6102 0.2008, 0.7874 0.6102 0.0827, 0.7874 -0.6102 0.0827, -0.2756 0.7874 0.0827, -0.4921 0.7874 0.0827, -0.4921 0.7874 0.2008, 0.4921 0.7874 0.2008, 0.4921 0.7874 0.0827, 0.2756 0.7874 0.0827, 0.2756 0.7874 0.0039, -0.2756 0.7874 0.0039, 0.2756 -0.7874 0.0827, 0.4921 -0.7874 0.0827, 0.4921 -0.7874 0.2008, -0.4921 -0.7874 0.2008, -0.4921 -0.7874 0.0827, -0.2756 -0.7874 0.0827, -0.2756 -0.7874 0.0039, 0.2756 -0.7874 0.0039, 0.7087 0.689 0.0827, 0.5906 0.689 0.0827, 0.7087 0.689 0.2008, 0.5906 0.689 0.2008, 0.7087 -0.689 0.2008, 0.5906 -0.689 0.2008, 0.7087 -0.689 0.0827, 0.5906 -0.689 0.0827, -0.7874 -0.6102 0.2008, -0.7874 0.6102 0.2008, -0.7874 -0.6102 0.0827, -0.7874 0.6102 0.0827, -0.7087 -0.689 0.0827, -0.5906 -0.689 0.0827, -0.7087 -0.689 0.2008, -0.5906 -0.689 0.2008, -0.7087 0.689 0.2008, -0.5906 0.689 0.2008, -0.7087 0.689 0.0827, -0.5906 0.689 0.0827, 0.7525 0.0658 0.2008, 0.7553 0.0 0.2008, -0.7098 0.2583 0.2008, -0.6846 0.3192 0.2008, 0.7525 -0.0658 0.2008, 0.7439 -0.1312 0.2008, 0.7098 0.2583 0.2008, 0.6846 0.3192 0.2008, 0.6541 0.3777 0.2008, 0.7296 0.1955 0.2008, 0.7439 0.1312 0.2008, -0.3777 0.6541 0.2008, -0.3192 0.6846 0.2008, 0.3192 -0.6846 0.2008, 0.3777 -0.6541 0.2008, 0.4332 -0.6187 0.2008, 0.7296 -0.1955 0.2008, 0.7098 -0.2583 0.2008, 0.6846 -0.3192 0.2008, 0.7847 0.6306 0.2008, 0.5786 0.4855 0.2008, 0.6187 0.4332 0.2008, -0.6541 0.3777 0.2008, -0.6187 0.4332 0.2008, -0.5786 0.4855 0.2008, -0.6187 -0.4332 0.2008, -0.6541 -0.3777 0.2008, -0.6846 -0.3192 0.2008, -0.7098 -0.2583 0.2008, -0.7296 -0.1955 0.2008, -0.7439 -0.1312 0.2008, -0.7525 0.0658 0.2008, -0.7553 0.0 0.2008, -0.7525 -0.0658 0.2008, 0.4855 -0.5786 0.2008, 0.5341 -0.5341 0.2008, 0.7769 0.6496 0.2008, 0.7643 0.6659 0.2008, 0.748 0.6784 0.2008, -0.5341 0.5341 0.2008, -0.4855 0.5786 0.2008, -0.4332 0.6187 0.2008, -0.2583 0.7098 0.2008, -0.1955 0.7296 0.2008, -0.1312 0.7439 0.2008, 0.3192 0.6846 0.2008, 0.3777 0.6541 0.2008, 0.4332 0.6187 0.2008, 0.2583 -0.7098 0.2008, 0.1955 -0.7296 0.2008, 0.1312 -0.7439 0.2008, 0.6541 -0.3777 0.2008, 0.6187 -0.4332 0.2008, 0.7847 -0.6306 0.2008, 0.5786 -0.4855 0.2008, 0.7769 -0.6496 0.2008, 0.4855 0.5786 0.2008, 0.5341 0.5341 0.2008, 0.729 0.6863 0.2008, -0.0658 0.7525 0.2008, 0.0 0.7553 0.2008, 0.0658 0.7525 0.2008, 0.1312 0.7439 0.2008, 0.1955 0.7296 0.2008, 0.2583 0.7098 0.2008, 0.729 -0.6863 0.2008, -0.7769 -0.6496 0.2008, -0.7643 -0.6659 0.2008, -0.5786 -0.4855 0.2008, -0.748 -0.6784 0.2008, -0.7847 -0.6306 0.2008, 0.0658 -0.7525 0.2008, 0.0 -0.7553 0.2008, -0.0658 -0.7525 0.2008, -0.1312 -0.7439 0.2008, 0.748 -0.6784 0.2008, 0.7643 -0.6659 0.2008, -0.5341 -0.5341 0.2008, -0.729 -0.6863 0.2008, -0.7296 0.1955 0.2008, -0.729 0.6863 0.2008, -0.1955 -0.7296 0.2008, -0.2583 -0.7098 0.2008, -0.3192 -0.6846 0.2008, -0.3777 -0.6541 0.2008, -0.4332 -0.6187 0.2008, -0.4855 -0.5786 0.2008, -0.748 0.6784 0.2008, -0.7643 0.6659 0.2008, -0.7769 0.6496 0.2008, -0.7439 0.1312 0.2008, -0.7847 0.6306 0.2008
            ]
        }
        coordIndex [
            0,1,2,-1,2,1,3,-1,4,5,6,-1,7,8,9,-1,10,11,9,-1,9,11,4,-1,9,4,7,-1,7,4,6,-1,12,13,14,-1,15,16,17,-1,18,19,17,-1,17,19,12,-1,17,12,15,-1,15,12,14,-1,18,11,19,-1,19,11,10,-1,20,21,22,-1,22,21,23,-1,24,25,26,-1,26,25,27,-1,25,14,27,-1,27,14,13,-1,7,23,8,-1,8,23,21,-1,28,29,30,-1,30,29,31,-1,32,33,34,-1,34,33,35,-1,36,37,38,-1,38,37,39,-1,15,35,16,-1,16,35,33,-1,37,6,39,-1,39,6,5,-1,40,41,0,-1,42,43,37,-1,0,41,1,-1,1,41,44,-1,1,44,45,-1,46,0,47,-1,47,0,48,-1,46,49,0,-1,0,49,50,-1,0,50,40,-1,6,51,52,-1,53,14,54,-1,54,14,55,-1,45,56,1,-1,1,56,57,-1,1,57,58,-1,59,60,0,-1,0,60,61,-1,0,61,48,-1,43,62,37,-1,37,62,63,-1,37,63,64,-1,65,66,28,-1,28,66,67,-1,67,68,28,-1,28,68,69,-1,28,69,70,-1,71,29,72,-1,72,29,28,-1,72,28,73,-1,73,28,70,-1,55,14,74,-1,74,14,25,-1,74,25,75,-1,59,76,60,-1,60,76,77,-1,60,77,78,-1,64,79,37,-1,37,79,80,-1,37,80,6,-1,6,80,81,-1,6,81,51,-1,52,82,6,-1,6,82,83,-1,6,83,84,-1,85,86,7,-1,7,86,87,-1,7,87,23,-1,53,88,14,-1,14,88,89,-1,14,89,90,-1,58,91,1,-1,1,91,92,-1,1,92,93,-1,93,92,94,-1,93,94,95,-1,87,96,23,-1,23,96,97,-1,23,97,22,-1,22,97,60,-1,22,60,98,-1,98,60,78,-1,84,99,6,-1,6,99,100,-1,6,100,7,-1,7,100,101,-1,7,101,102,-1,102,103,7,-1,7,103,104,-1,7,104,85,-1,75,25,94,-1,94,25,24,-1,94,24,105,-1,106,107,108,-1,108,107,109,-1,65,28,108,-1,108,28,110,-1,108,110,106,-1,90,111,14,-1,14,111,112,-1,14,112,15,-1,15,112,113,-1,15,113,114,-1,105,115,94,-1,94,115,116,-1,94,116,95,-1,35,117,34,-1,34,117,108,-1,34,108,118,-1,118,108,109,-1,42,37,119,-1,119,37,36,-1,119,36,120,-1,114,121,15,-1,15,121,122,-1,15,122,123,-1,123,124,15,-1,15,124,125,-1,15,125,35,-1,35,125,126,-1,35,126,117,-1,120,127,119,-1,119,127,128,-1,119,128,129,-1,71,130,29,-1,29,130,119,-1,29,119,131,-1,131,119,129,-1,
        ]
    }
}
Shape{
    appearance Appearance {
        material  Material 	{
            diffuseColor 0.5019607843137255 0.25098039215686274 0.0
            specularColor 0.44313725490196076 0.2196078431372549 0.0
            ambientIntensity 0.2974
            transparency 0.0
            shininess 0.5
        }
    }
    geometry IndexedFaceSet {
        ccw TRUE
        solid FALSE
        coord DEF co Coordinate {
            point [
                -0.2756 -0.7874 0.0827, -0.2756 0.7874 0.0827, -0.2756 -0.7874 0.0039, -0.2756 0.7874 0.0039, -0.7087 0.689 0.0827, -0.5906 0.689 0.0827, -0.7874 0.6102 0.0827, -0.4921 0.7874 0.0827, -0.4921 -0.7874 0.0827, -0.7874 -0.6102 0.0827, -0.5906 -0.689 0.0827, -0.7087 -0.689 0.0827, -0.729 -0.6863 0.0827, -0.748 -0.6784 0.0827, -0.7643 -0.6659 0.0827, -0.7769 -0.6496 0.0827, -0.7847 -0.6306 0.0827, -0.7643 0.6659 0.0827, -0.7769 0.6496 0.0827, -0.7847 0.6306 0.0827, -0.748 0.6784 0.0827, -0.729 0.6863 0.0827
            ]
        }
        coordIndex [
            0,1,2,-1,2,1,3,-1,4,5,6,-1,7,1,5,-1,5,1,0,-1,5,0,8,-1,6,5,9,-1,8,10,5,-1,5,10,11,-1,5,11,9,-1,9,11,12,-1,9,12,13,-1,14,15,13,-1,13,15,16,-1,13,16,9,-1,17,6,18,-1,18,6,19,-1,17,20,6,-1,6,20,21,-1,6,21,4,-1,
        ]
    }
}
Shape{
    appearance Appearance {
        material  Material 	{
            diffuseColor 1.0 1.0 1.0
            specularColor 0.5019607843137255 0.5019607843137255 0.5019607843137255
            ambientIntensity 1.0
            transparency 0.0
            shininess 0.5
        }
    }
    geometry IndexedFaceSet {
        ccw TRUE
        solid FALSE
        coord DEF co Coordinate {
            point [
                0.2756 -0.7874 0.0827, 0.2756 -0.7874 0.0039, 0.2756 0.7874 0.0827, 0.2756 0.7874 0.0039
            ]
        }
        coordIndex [
            0,1,2,-1,2,1,3,-1,
        ]
    }
}
Shape{
    appearance Appearance {
        material  Material 	{
            diffuseColor 0.5019607843137255 0.25098039215686274 0.0
            specularColor 0.44313725490196076 0.2196078431372549 0.0
            ambientIntensity 0.2974
            transparency 0.0
            shininess 0.5
        }
    }
    geometry IndexedFaceSet {
        ccw TRUE
        solid FALSE
        coord DEF co Coordinate {
            point [
                0.4921 -0.7874 0.0827, 0.2756 -0.7874 0.0827, 0.5906 -0.689 0.0827, 0.2756 0.7874 0.0827, 0.4921 0.7874 0.0827, 0.5906 0.689 0.0827, 0.7087 0.689 0.0827, 0.7847 -0.6306 0.0827, 0.7769 -0.6496 0.0827, 0.7643 -0.6659 0.0827, 0.729 -0.6863 0.0827, 0.7087 -0.689 0.0827, 0.7874 -0.6102 0.0827, 0.7874 0.6102 0.0827, 0.7847 0.6306 0.0827, 0.729 0.6863 0.0827, 0.748 0.6784 0.0827, 0.7643 0.6659 0.0827, 0.7769 0.6496 0.0827, 0.748 -0.6784 0.0827
            ]
        }
        coordIndex [
            0,1,2,-1,2,1,3,-1,3,4,2,-1,2,4,5,-1,2,5,6,-1,7,8,9,-1,10,11,12,-1,12,11,2,-1,12,2,13,-1,13,2,6,-1,13,6,14,-1,14,6,15,-1,15,16,14,-1,14,16,17,-1,14,17,18,-1,7,9,12,-1,12,9,19,-1,12,19,10,-1,
        ]
    }
}
Shape{
    appearance Appearance {
        material  Material 	{
            diffuseColor 0.0 0.0 0.0
            specularColor 0.0 0.0 0.0
            ambientIntensity 0.0
            transparency 0.0
            shininess 0.5
        }
    }
    geometry IndexedFaceSet {
        ccw TRUE
        solid FALSE
        coord DEF co Coordinate {
            point [
                0.6747 0.059 0.2689, 0.6743 0.0625 0.2689, 0.6674 0.0618 0.338, 0.667 0.1176 0.2689, 0.6655 0.1244 0.2689, 0.6588 0.1232 0.338, 0.6542 0.1753 0.2689, 0.6511 0.1852 0.2689, 0.6447 0.1834 0.338, 0.6365 0.2317 0.2689, 0.6312 0.2445 0.2689, 0.625 0.2421 0.338, 0.6139 0.2862 0.2689, 0.6058 0.3017 0.2689, 0.6 0.2988 0.338, 0.5866 0.3387 0.2689, 0.5754 0.3562 0.2689, 0.5699 0.3528 0.338, 0.5548 0.3885 0.2689, 0.54 0.4078 0.2689, 0.5349 0.4039 0.338, 0.5189 0.4354 0.2689, 0.5001 0.4559 0.2689, 0.4953 0.4515 0.338, 0.4789 0.4789 0.2689, 0.4559 0.5001 0.2689, 0.4515 0.4953 0.338, 0.4354 0.5189 0.2689, 0.4078 0.54 0.2689, 0.4039 0.5349 0.338, 0.3885 0.5548 0.2689, 0.3562 0.5754 0.2689, 0.3528 0.5699 0.338, 0.3387 0.5866 0.2689, 0.3017 0.6058 0.2689, 0.2988 0.6 0.338, 0.2862 0.6139 0.2689, 0.2445 0.6312 0.2689, 0.2421 0.625 0.338, 0.2317 0.6365 0.2689, 0.1852 0.6511 0.2689, 0.1834 0.6447 0.338, 0.1753 0.6542 0.2689, 0.1244 0.6655 0.2689, 0.1232 0.6588 0.338, 0.1176 0.667 0.2689, 0.0625 0.6743 0.2689, 0.0618 0.6674 0.338, 0.059 0.6747 0.2689, 0.0 0.6773 0.2689, 0.0 0.6703 0.338, -0.059 0.6747 0.2689, -0.0625 0.6743 0.2689, -0.0618 0.6674 0.338, -0.1176 0.667 0.2689, -0.1244 0.6655 0.2689, -0.1232 0.6588 0.338, -0.1753 0.6542 0.2689, -0.1852 0.6511 0.2689, -0.1834 0.6447 0.338, -0.2317 0.6365 0.2689, -0.2445 0.6312 0.2689, -0.2421 0.625 0.338, -0.2862 0.6139 0.2689, -0.3017 0.6058 0.2689, -0.2988 0.6 0.338, -0.3387 0.5866 0.2689, -0.3562 0.5754 0.2689, -0.3528 0.5699 0.338, -0.3885 0.5548 0.2689, -0.4078 0.54 0.2689, -0.4039 0.5349 0.338, -0.4354 0.5189 0.2689, -0.4559 0.5001 0.2689, -0.4515 0.4953 0.338, -0.4789 0.4789 0.2689, -0.5001 0.4559 0.2689, -0.4953 0.4515 0.338, -0.5189 0.4354 0.2689, -0.54 0.4078 0.2689, -0.5349 0.4039 0.338, -0.5548 0.3885 0.2689, -0.5754 0.3562 0.2689, -0.5699 0.3528 0.338, -0.5866 0.3387 0.2689, -0.6058 0.3017 0.2689, -0.6 0.2988 0.338, -0.6139 0.2862 0.2689, -0.6312 0.2445 0.2689, -0.625 0.2421 0.338, -0.6365 0.2317 0.2689, -0.6511 0.1852 0.2689, -0.6447 0.1834 0.338, -0.6542 0.1753 0.2689, -0.6655 0.1244 0.2689, -0.6588 0.1232 0.338, -0.667 0.1176 0.2689, -0.6743 0.0625 0.2689, -0.6674 0.0618 0.338, -0.6747 0.059 0.2689, -0.6773 0.0 0.2689, -0.6703 -0.0 0.338, -0.6747 -0.059 0.2689, -0.6743 -0.0625 0.2689, -0.6674 -0.0618 0.338, -0.667 -0.1176 0.2689, -0.6655 -0.1244 0.2689, -0.6588 -0.1232 0.338, -0.6542 -0.1753 0.2689, -0.6511 -0.1852 0.2689, -0.6447 -0.1834 0.338, -0.6365 -0.2317 0.2689, -0.6312 -0.2445 0.2689, -0.625 -0.2421 0.338, -0.6139 -0.2862 0.2689, -0.6058 -0.3017 0.2689, -0.6 -0.2988 0.338, -0.5866 -0.3387 0.2689, -0.5754 -0.3562 0.2689, -0.5699 -0.3528 0.338, -0.5548 -0.3885 0.2689, -0.54 -0.4078 0.2689, -0.5349 -0.4039 0.338, -0.5189 -0.4354 0.2689, -0.5001 -0.4559 0.2689, -0.4953 -0.4515 0.338, -0.4789 -0.4789 0.2689, -0.4559 -0.5001 0.2689, -0.4515 -0.4953 0.338, -0.4354 -0.5189 0.2689, -0.4078 -0.54 0.2689, -0.4039 -0.5349 0.338, -0.3885 -0.5548 0.2689, -0.3562 -0.5754 0.2689, -0.3528 -0.5699 0.338, -0.3387 -0.5866 0.2689, -0.3017 -0.6058 0.2689, -0.2988 -0.6 0.338, -0.2862 -0.6139 0.2689, -0.2445 -0.6312 0.2689, -0.2421 -0.625 0.338, -0.2317 -0.6365 0.2689, -0.1852 -0.6511 0.2689, -0.1834 -0.6447 0.338, -0.1753 -0.6542 0.2689, -0.1244 -0.6655 0.2689, -0.1232 -0.6588 0.338, -0.1176 -0.667 0.2689, -0.0625 -0.6743 0.2689, -0.0618 -0.6674 0.338, -0.059 -0.6747 0.2689, 0.0 -0.6773 0.2689, 0.0 -0.6703 0.338, 0.059 -0.6747 0.2689, 0.0625 -0.6743 0.2689, 0.0618 -0.6674 0.338, 0.1176 -0.667 0.2689, 0.1244 -0.6655 0.2689, 0.1232 -0.6588 0.338, 0.1753 -0.6542 0.2689, 0.1852 -0.6511 0.2689, 0.1834 -0.6447 0.338, 0.2317 -0.6365 0.2689, 0.2445 -0.6312 0.2689, 0.2421 -0.625 0.338, 0.2862 -0.6139 0.2689, 0.3017 -0.6058 0.2689, 0.2988 -0.6 0.338, 0.3387 -0.5866 0.2689, 0.3562 -0.5754 0.2689, 0.3528 -0.5699 0.338, 0.3885 -0.5548 0.2689, 0.4078 -0.54 0.2689, 0.4039 -0.5349 0.338, 0.4354 -0.5189 0.2689, 0.4559 -0.5001 0.2689, 0.4515 -0.4953 0.338, 0.4789 -0.4789 0.2689, 0.5001 -0.4559 0.2689, 0.4953 -0.4515 0.338, 0.5189 -0.4354 0.2689, 0.54 -0.4078 0.2689, 0.5349 -0.4039 0.338, 0.5548 -0.3885 0.2689, 0.5754 -0.3562 0.2689, 0.5699 -0.3528 0.338, 0.5866 -0.3387 0.2689, 0.6058 -0.3017 0.2689, 0.6 -0.2988 0.338, 0.6139 -0.2862 0.2689, 0.6312 -0.2445 0.2689, 0.625 -0.2421 0.338, 0.6365 -0.2317 0.2689, 0.6511 -0.1852 0.2689, 0.6447 -0.1834 0.338, 0.6542 -0.1753 0.2689, 0.6655 -0.1244 0.2689, 0.6588 -0.1232 0.338, 0.667 -0.1176 0.2689, 0.6743 -0.0625 0.2689, 0.6674 -0.0618 0.338, 0.6747 -0.059 0.2689, 0.6773 0.0 0.2689, 0.6703 0.0 0.338, 0.6747 0.059 0.5461, 0.6773 0.0 0.5461, 0.6703 0.0 0.4769, 0.667 0.1176 0.5461, 0.6743 0.0625 0.5461, 0.6674 0.0618 0.4769, 0.6542 0.1753 0.5461, 0.6655 0.1244 0.5461, 0.6588 0.1232 0.4769, 0.6365 0.2317 0.5461, 0.6511 0.1852 0.5461, 0.6447 0.1834 0.4769, 0.6139 0.2862 0.5461, 0.6312 0.2445 0.5461, 0.625 0.2421 0.4769, 0.5866 0.3387 0.5461, 0.6058 0.3017 0.5461, 0.6 0.2988 0.4769, 0.5548 0.3885 0.5461, 0.5754 0.3562 0.5461, 0.5699 0.3528 0.4769, 0.5189 0.4354 0.5461, 0.54 0.4078 0.5461, 0.5349 0.4039 0.4769, 0.4789 0.4789 0.5461, 0.5001 0.4559 0.5461, 0.4953 0.4515 0.4769, 0.4354 0.5189 0.5461, 0.4559 0.5001 0.5461, 0.4515 0.4953 0.4769, 0.3885 0.5548 0.5461, 0.4078 0.54 0.5461, 0.4039 0.5349 0.4769, 0.3387 0.5866 0.5461, 0.3562 0.5754 0.5461, 0.3528 0.5699 0.4769, 0.2862 0.6139 0.5461, 0.3017 0.6058 0.5461, 0.2988 0.6 0.4769, 0.2317 0.6365 0.5461, 0.2445 0.6312 0.5461, 0.2421 0.625 0.4769, 0.1753 0.6542 0.5461, 0.1852 0.6511 0.5461, 0.1834 0.6447 0.4769, 0.1176 0.667 0.5461, 0.1244 0.6655 0.5461, 0.1232 0.6588 0.4769, 0.059 0.6747 0.5461, 0.0625 0.6743 0.5461, 0.0618 0.6674 0.4769, -0.059 0.6747 0.5461, 0.0 0.6773 0.5461, 0.0 0.6703 0.4769, -0.1176 0.667 0.5461, -0.0625 0.6743 0.5461, -0.0618 0.6674 0.4769, -0.1753 0.6542 0.5461, -0.1244 0.6655 0.5461, -0.1232 0.6588 0.4769, -0.2317 0.6365 0.5461, -0.1852 0.6511 0.5461, -0.1834 0.6447 0.4769, -0.2862 0.6139 0.5461, -0.2445 0.6312 0.5461, -0.2421 0.625 0.4769, -0.3387 0.5866 0.5461, -0.3017 0.6058 0.5461, -0.2988 0.6 0.4769, -0.3885 0.5548 0.5461, -0.3562 0.5754 0.5461, -0.3528 0.5699 0.4769, -0.4354 0.5189 0.5461, -0.4078 0.54 0.5461, -0.4039 0.5349 0.4769, -0.4789 0.4789 0.5461, -0.4559 0.5001 0.5461, -0.4515 0.4953 0.4769, -0.5189 0.4354 0.5461, -0.5001 0.4559 0.5461, -0.4953 0.4515 0.4769, -0.5548 0.3885 0.5461, -0.54 0.4078 0.5461, -0.5349 0.4039 0.4769, -0.5866 0.3387 0.5461, -0.5754 0.3562 0.5461, -0.5699 0.3528 0.4769, -0.6139 0.2862 0.5461, -0.6058 0.3017 0.5461, -0.6 0.2988 0.4769, -0.6365 0.2317 0.5461, -0.6312 0.2445 0.5461, -0.625 0.2421 0.4769, -0.6542 0.1753 0.5461, -0.6511 0.1852 0.5461, -0.6447 0.1834 0.4769, -0.667 0.1176 0.5461, -0.6655 0.1244 0.5461, -0.6588 0.1232 0.4769, -0.6747 0.059 0.5461, -0.6743 0.0625 0.5461, -0.6674 0.0618 0.4769, -0.6747 -0.059 0.5461, -0.6773 -0.0 0.5461, -0.6703 -0.0 0.4769, -0.667 -0.1176 0.5461, -0.6743 -0.0625 0.5461, -0.6674 -0.0618 0.4769, -0.6542 -0.1753 0.5461, -0.6655 -0.1244 0.5461, -0.6588 -0.1232 0.4769, -0.6365 -0.2317 0.5461, -0.6511 -0.1852 0.5461, -0.6447 -0.1834 0.4769, -0.6139 -0.2862 0.5461, -0.6312 -0.2445 0.5461, -0.625 -0.2421 0.4769, -0.5866 -0.3387 0.5461, -0.6058 -0.3017 0.5461, -0.6 -0.2988 0.4769, -0.5548 -0.3885 0.5461, -0.5754 -0.3562 0.5461, -0.5699 -0.3528 0.4769, -0.5189 -0.4354 0.5461, -0.54 -0.4078 0.5461, -0.5349 -0.4039 0.4769, -0.4789 -0.4789 0.5461, -0.5001 -0.4559 0.5461, -0.4953 -0.4515 0.4769, -0.4354 -0.5189 0.5461, -0.4559 -0.5001 0.5461, -0.4515 -0.4953 0.4769, -0.3885 -0.5548 0.5461, -0.4078 -0.54 0.5461, -0.4039 -0.5349 0.4769, -0.3387 -0.5866 0.5461, -0.3562 -0.5754 0.5461, -0.3528 -0.5699 0.4769, -0.2862 -0.6139 0.5461, -0.3017 -0.6058 0.5461, -0.2988 -0.6 0.4769, -0.2317 -0.6365 0.5461, -0.2445 -0.6312 0.5461, -0.2421 -0.625 0.4769, -0.1753 -0.6542 0.5461, -0.1852 -0.6511 0.5461, -0.1834 -0.6447 0.4769, -0.1176 -0.667 0.5461, -0.1244 -0.6655 0.5461, -0.1232 -0.6588 0.4769, -0.059 -0.6747 0.5461, -0.0625 -0.6743 0.5461, -0.0618 -0.6674 0.4769, 0.059 -0.6747 0.5461, 0.0 -0.6773 0.5461, 0.0 -0.6703 0.4769, 0.1176 -0.667 0.5461, 0.0625 -0.6743 0.5461, 0.0618 -0.6674 0.4769, 0.1753 -0.6542 0.5461, 0.1244 -0.6655 0.5461, 0.1232 -0.6588 0.4769, 0.2317 -0.6365 0.5461, 0.1852 -0.6511 0.5461, 0.1834 -0.6447 0.4769, 0.2862 -0.6139 0.5461, 0.2445 -0.6312 0.5461, 0.2421 -0.625 0.4769, 0.3387 -0.5866 0.5461, 0.3017 -0.6058 0.5461, 0.2988 -0.6 0.4769, 0.3885 -0.5548 0.5461, 0.3562 -0.5754 0.5461, 0.3528 -0.5699 0.4769, 0.4354 -0.5189 0.5461, 0.4078 -0.54 0.5461, 0.4039 -0.5349 0.4769, 0.4789 -0.4789 0.5461, 0.4559 -0.5001 0.5461, 0.4515 -0.4953 0.4769, 0.5189 -0.4354 0.5461, 0.5001 -0.4559 0.5461, 0.4953 -0.4515 0.4769, 0.5548 -0.3885 0.5461, 0.54 -0.4078 0.5461, 0.5349 -0.4039 0.4769, 0.5866 -0.3387 0.5461, 0.5754 -0.3562 0.5461, 0.5699 -0.3528 0.4769, 0.6139 -0.2862 0.5461, 0.6058 -0.3017 0.5461, 0.6 -0.2988 0.4769, 0.6365 -0.2317 0.5461, 0.6312 -0.2445 0.5461, 0.625 -0.2421 0.4769, 0.6542 -0.1753 0.5461, 0.6511 -0.1852 0.5461, 0.6447 -0.1834 0.4769, 0.667 -0.1176 0.5461, 0.6655 -0.1244 0.5461, 0.6588 -0.1232 0.4769, 0.6747 -0.059 0.5461, 0.6743 -0.0625 0.5461, 0.6674 -0.0618 0.4769, 0.6679 0.0 0.4075, 0.665 0.0616 0.4075, 0.665 -0.0616 0.4075, 0.6565 -0.1227 0.4075, 0.6424 -0.1828 0.4075, 0.6228 -0.2413 0.4075, 0.5979 -0.2977 0.4075, 0.5679 -0.3516 0.4075, 0.533 -0.4025 0.4075, 0.4936 -0.45 0.4075, 0.45 -0.4936 0.4075, 0.4025 -0.533 0.4075, 0.3516 -0.5679 0.4075, 0.2977 -0.5979 0.4075, 0.2413 -0.6228 0.4075, 0.1828 -0.6424 0.4075, 0.1227 -0.6565 0.4075, 0.0616 -0.665 0.4075, 0.0 -0.6679 0.4075, -0.0616 -0.665 0.4075, -0.1227 -0.6565 0.4075, -0.1828 -0.6424 0.4075, -0.2413 -0.6228 0.4075, -0.2977 -0.5979 0.4075, -0.3516 -0.5679 0.4075, -0.4025 -0.533 0.4075, -0.45 -0.4936 0.4075, -0.4936 -0.45 0.4075, -0.533 -0.4025 0.4075, -0.5679 -0.3516 0.4075, -0.5979 -0.2977 0.4075, -0.6228 -0.2413 0.4075, -0.6424 -0.1828 0.4075, -0.6565 -0.1227 0.4075, -0.665 -0.0616 0.4075, -0.6679 -0.0 0.4075, -0.665 0.0616 0.4075, -0.6565 0.1227 0.4075, -0.6424 0.1828 0.4075, -0.6228 0.2413 0.4075, -0.5979 0.2977 0.4075, -0.5679 0.3516 0.4075, -0.533 0.4025 0.4075, -0.4936 0.45 0.4075, -0.45 0.4936 0.4075, -0.4025 0.533 0.4075, -0.3516 0.5679 0.4075, -0.2977 0.5979 0.4075, -0.2413 0.6228 0.4075, -0.1828 0.6424 0.4075, -0.1227 0.6565 0.4075, -0.0616 0.665 0.4075, 0.0 0.6679 0.4075, 0.0616 0.665 0.4075, 0.1227 0.6565 0.4075, 0.1828 0.6424 0.4075, 0.2413 0.6228 0.4075, 0.2977 0.5979 0.4075, 0.3516 0.5679 0.4075, 0.4025 0.533 0.4075, 0.45 0.4936 0.4075, 0.4936 0.45 0.4075, 0.533 0.4025 0.4075, 0.5679 0.3516 0.4075, 0.5979 0.2977 0.4075, 0.6228 0.2413 0.4075, 0.6424 0.1828 0.4075, 0.6565 0.1227 0.4075
            ]
        }
        coordIndex [
            0,1,2,-1,3,4,5,-1,6,7,8,-1,9,10,11,-1,12,13,14,-1,15,16,17,-1,18,19,20,-1,21,22,23,-1,24,25,26,-1,27,28,29,-1,30,31,32,-1,33,34,35,-1,36,37,38,-1,39,40,41,-1,42,43,44,-1,45,46,47,-1,48,49,50,-1,51,52,53,-1,54,55,56,-1,57,58,59,-1,60,61,62,-1,63,64,65,-1,66,67,68,-1,69,70,71,-1,72,73,74,-1,75,76,77,-1,78,79,80,-1,81,82,83,-1,84,85,86,-1,87,88,89,-1,90,91,92,-1,93,94,95,-1,96,97,98,-1,99,100,101,-1,102,103,104,-1,105,106,107,-1,108,109,110,-1,111,112,113,-1,114,115,116,-1,117,118,119,-1,120,121,122,-1,123,124,125,-1,126,127,128,-1,129,130,131,-1,132,133,134,-1,135,136,137,-1,138,139,140,-1,141,142,143,-1,144,145,146,-1,147,148,149,-1,150,151,152,-1,153,154,155,-1,156,157,158,-1,159,160,161,-1,162,163,164,-1,165,166,167,-1,168,169,170,-1,171,172,173,-1,174,175,176,-1,177,178,179,-1,180,181,182,-1,183,184,185,-1,186,187,188,-1,189,190,191,-1,192,193,194,-1,195,196,197,-1,198,199,200,-1,201,202,203,-1,204,205,206,-1,207,208,209,-1,210,211,212,-1,213,214,215,-1,216,217,218,-1,219,220,221,-1,222,223,224,-1,225,226,227,-1,228,229,230,-1,231,232,233,-1,234,235,236,-1,237,238,239,-1,240,241,242,-1,243,244,245,-1,246,247,248,-1,249,250,251,-1,252,253,254,-1,255,256,257,-1,258,259,260,-1,261,262,263,-1,264,265,266,-1,267,268,269,-1,270,271,272,-1,273,274,275,-1,276,277,278,-1,279,280,281,-1,282,283,284,-1,285,286,287,-1,288,289,290,-1,291,292,293,-1,294,295,296,-1,297,298,299,-1,300,301,302,-1,303,304,305,-1,306,307,308,-1,309,310,311,-1,312,313,314,-1,315,316,317,-1,318,319,320,-1,321,322,323,-1,324,325,326,-1,327,328,329,-1,330,331,332,-1,333,334,335,-1,336,337,338,-1,339,340,341,-1,342,343,344,-1,345,346,347,-1,348,349,350,-1,351,352,353,-1,354,355,356,-1,357,358,359,-1,360,361,362,-1,363,364,365,-1,366,367,368,-1,369,370,371,-1,372,373,374,-1,375,376,377,-1,378,379,380,-1,381,382,383,-1,384,385,386,-1,387,388,389,-1,390,391,392,-1,393,394,395,-1,396,397,398,-1,399,400,401,-1,402,403,404,-1,405,406,407,-1,199,201,200,-1,200,201,203,-1,200,203,408,-1,408,203,409,-1,408,409,209,-1,209,409,212,-1,209,212,207,-1,207,212,211,-1,196,198,197,-1,197,198,200,-1,197,200,410,-1,410,200,408,-1,410,408,206,-1,206,408,209,-1,206,209,204,-1,204,209,208,-1,193,195,194,-1,194,195,197,-1,194,197,411,-1,411,197,410,-1,411,410,407,-1,407,410,206,-1,407,206,405,-1,405,206,205,-1,190,192,191,-1,191,192,194,-1,191,194,412,-1,412,194,411,-1,412,411,404,-1,404,411,407,-1,404,407,402,-1,402,407,406,-1,187,189,188,-1,188,189,191,-1,188,191,413,-1,413,191,412,-1,413,412,401,-1,401,412,404,-1,401,404,399,-1,399,404,403,-1,184,186,185,-1,185,186,188,-1,185,188,414,-1,414,188,413,-1,414,413,398,-1,398,413,401,-1,398,401,396,-1,396,401,400,-1,181,183,182,-1,182,183,185,-1,182,185,415,-1,415,185,414,-1,415,414,395,-1,395,414,398,-1,395,398,393,-1,393,398,397,-1,178,180,179,-1,179,180,182,-1,179,182,416,-1,416,182,415,-1,416,415,392,-1,392,415,395,-1,392,395,390,-1,390,395,394,-1,175,177,176,-1,176,177,179,-1,176,179,417,-1,417,179,416,-1,417,416,389,-1,389,416,392,-1,389,392,387,-1,387,392,391,-1,172,174,173,-1,173,174,176,-1,173,176,418,-1,418,176,417,-1,418,417,386,-1,386,417,389,-1,386,389,384,-1,384,389,388,-1,169,171,170,-1,170,171,173,-1,170,173,419,-1,419,173,418,-1,419,418,383,-1,383,418,386,-1,383,386,381,-1,381,386,385,-1,166,168,167,-1,167,168,170,-1,167,170,420,-1,420,170,419,-1,420,419,380,-1,380,419,383,-1,380,383,378,-1,378,383,382,-1,163,165,164,-1,164,165,167,-1,164,167,421,-1,421,167,420,-1,421,420,377,-1,377,420,380,-1,377,380,375,-1,375,380,379,-1,160,162,161,-1,161,162,164,-1,161,164,422,-1,422,164,421,-1,422,421,374,-1,374,421,377,-1,374,377,372,-1,372,377,376,-1,157,159,158,-1,158,159,161,-1,158,161,423,-1,423,161,422,-1,423,422,371,-1,371,422,374,-1,371,374,369,-1,369,374,373,-1,154,156,155,-1,155,156,158,-1,155,158,424,-1,424,158,423,-1,424,423,368,-1,368,423,371,-1,368,371,366,-1,366,371,370,-1,151,153,152,-1,152,153,155,-1,152,155,425,-1,425,155,424,-1,425,424,365,-1,365,424,368,-1,365,368,363,-1,363,368,367,-1,148,150,149,-1,149,150,152,-1,149,152,426,-1,426,152,425,-1,426,425,362,-1,362,425,365,-1,362,365,360,-1,360,365,364,-1,145,147,146,-1,146,147,149,-1,146,149,427,-1,427,149,426,-1,427,426,359,-1,359,426,362,-1,359,362,357,-1,357,362,361,-1,142,144,143,-1,143,144,146,-1,143,146,428,-1,428,146,427,-1,428,427,356,-1,356,427,359,-1,356,359,354,-1,354,359,358,-1,139,141,140,-1,140,141,143,-1,140,143,429,-1,429,143,428,-1,429,428,353,-1,353,428,356,-1,353,356,351,-1,351,356,355,-1,136,138,137,-1,137,138,140,-1,137,140,430,-1,430,140,429,-1,430,429,350,-1,350,429,353,-1,350,353,348,-1,348,353,352,-1,133,135,134,-1,134,135,137,-1,134,137,431,-1,431,137,430,-1,431,430,347,-1,347,430,350,-1,347,350,345,-1,345,350,349,-1,130,132,131,-1,131,132,134,-1,131,134,432,-1,432,134,431,-1,432,431,344,-1,344,431,347,-1,344,347,342,-1,342,347,346,-1,127,129,128,-1,128,129,131,-1,128,131,433,-1,433,131,432,-1,433,432,341,-1,341,432,344,-1,341,344,339,-1,339,344,343,-1,124,126,125,-1,125,126,128,-1,125,128,434,-1,434,128,433,-1,434,433,338,-1,338,433,341,-1,338,341,336,-1,336,341,340,-1,121,123,122,-1,122,123,125,-1,122,125,435,-1,435,125,434,-1,435,434,335,-1,335,434,338,-1,335,338,333,-1,333,338,337,-1,118,120,119,-1,119,120,122,-1,119,122,436,-1,436,122,435,-1,436,435,332,-1,332,435,335,-1,332,335,330,-1,330,335,334,-1,115,117,116,-1,116,117,119,-1,116,119,437,-1,437,119,436,-1,437,436,329,-1,329,436,332,-1,329,332,327,-1,327,332,331,-1,112,114,113,-1,113,114,116,-1,113,116,438,-1,438,116,437,-1,438,437,326,-1,326,437,329,-1,326,329,324,-1,324,329,328,-1,109,111,110,-1,110,111,113,-1,110,113,439,-1,439,113,438,-1,439,438,323,-1,323,438,326,-1,323,326,321,-1,321,326,325,-1,106,108,107,-1,107,108,110,-1,107,110,440,-1,440,110,439,-1,440,439,320,-1,320,439,323,-1,320,323,318,-1,318,323,322,-1,103,105,104,-1,104,105,107,-1,104,107,441,-1,441,107,440,-1,441,440,317,-1,317,440,320,-1,317,320,315,-1,315,320,319,-1,100,102,101,-1,101,102,104,-1,101,104,442,-1,442,104,441,-1,442,441,314,-1,314,441,317,-1,314,317,312,-1,312,317,316,-1,97,99,98,-1,98,99,101,-1,98,101,443,-1,443,101,442,-1,443,442,311,-1,311,442,314,-1,311,314,309,-1,309,314,313,-1,94,96,95,-1,95,96,98,-1,95,98,444,-1,444,98,443,-1,444,443,308,-1,308,443,311,-1,308,311,306,-1,306,311,310,-1,91,93,92,-1,92,93,95,-1,92,95,445,-1,445,95,444,-1,445,444,305,-1,305,444,308,-1,305,308,303,-1,303,308,307,-1,88,90,89,-1,89,90,92,-1,89,92,446,-1,446,92,445,-1,446,445,302,-1,302,445,305,-1,302,305,300,-1,300,305,304,-1,85,87,86,-1,86,87,89,-1,86,89,447,-1,447,89,446,-1,447,446,299,-1,299,446,302,-1,299,302,297,-1,297,302,301,-1,82,84,83,-1,83,84,86,-1,83,86,448,-1,448,86,447,-1,448,447,296,-1,296,447,299,-1,296,299,294,-1,294,299,298,-1,79,81,80,-1,80,81,83,-1,80,83,449,-1,449,83,448,-1,449,448,293,-1,293,448,296,-1,293,296,291,-1,291,296,295,-1,76,78,77,-1,77,78,80,-1,77,80,450,-1,450,80,449,-1,450,449,290,-1,290,449,293,-1,290,293,288,-1,288,293,292,-1,73,75,74,-1,74,75,77,-1,74,77,451,-1,451,77,450,-1,451,450,287,-1,287,450,290,-1,287,290,285,-1,285,290,289,-1,70,72,71,-1,71,72,74,-1,71,74,452,-1,452,74,451,-1,452,451,284,-1,284,451,287,-1,284,287,282,-1,282,287,286,-1,67,69,68,-1,68,69,71,-1,68,71,453,-1,453,71,452,-1,453,452,281,-1,281,452,284,-1,281,284,279,-1,279,284,283,-1,64,66,65,-1,65,66,68,-1,65,68,454,-1,454,68,453,-1,454,453,278,-1,278,453,281,-1,278,281,276,-1,276,281,280,-1,61,63,62,-1,62,63,65,-1,62,65,455,-1,455,65,454,-1,455,454,275,-1,275,454,278,-1,275,278,273,-1,273,278,277,-1,58,60,59,-1,59,60,62,-1,59,62,456,-1,456,62,455,-1,456,455,272,-1,272,455,275,-1,272,275,270,-1,270,275,274,-1,55,57,56,-1,56,57,59,-1,56,59,457,-1,457,59,456,-1,457,456,269,-1,269,456,272,-1,269,272,267,-1,267,272,271,-1,52,54,53,-1,53,54,56,-1,53,56,458,-1,458,56,457,-1,458,457,266,-1,266,457,269,-1,266,269,264,-1,264,269,268,-1,49,51,50,-1,50,51,53,-1,50,53,459,-1,459,53,458,-1,459,458,263,-1,263,458,266,-1,263,266,261,-1,261,266,265,-1,46,48,47,-1,47,48,50,-1,47,50,460,-1,460,50,459,-1,460,459,260,-1,260,459,263,-1,260,263,258,-1,258,263,262,-1,43,45,44,-1,44,45,47,-1,44,47,461,-1,461,47,460,-1,461,460,257,-1,257,460,260,-1,257,260,255,-1,255,260,259,-1,40,42,41,-1,41,42,44,-1,41,44,462,-1,462,44,461,-1,462,461,254,-1,254,461,257,-1,254,257,252,-1,252,257,256,-1,37,39,38,-1,38,39,41,-1,38,41,463,-1,463,41,462,-1,463,462,251,-1,251,462,254,-1,251,254,249,-1,249,254,253,-1,34,36,35,-1,35,36,38,-1,35,38,464,-1,464,38,463,-1,464,463,248,-1,248,463,251,-1,248,251,246,-1,246,251,250,-1,31,33,32,-1,32,33,35,-1,32,35,465,-1,465,35,464,-1,465,464,245,-1,245,464,248,-1,245,248,243,-1,243,248,247,-1,28,30,29,-1,29,30,32,-1,29,32,466,-1,466,32,465,-1,466,465,242,-1,242,465,245,-1,242,245,240,-1,240,245,244,-1,25,27,26,-1,26,27,29,-1,26,29,467,-1,467,29,466,-1,467,466,239,-1,239,466,242,-1,239,242,237,-1,237,242,241,-1,22,24,23,-1,23,24,26,-1,23,26,468,-1,468,26,467,-1,468,467,236,-1,236,467,239,-1,236,239,234,-1,234,239,238,-1,19,21,20,-1,20,21,23,-1,20,23,469,-1,469,23,468,-1,469,468,233,-1,233,468,236,-1,233,236,231,-1,231,236,235,-1,16,18,17,-1,17,18,20,-1,17,20,470,-1,470,20,469,-1,470,469,230,-1,230,469,233,-1,230,233,228,-1,228,233,232,-1,13,15,14,-1,14,15,17,-1,14,17,471,-1,471,17,470,-1,471,470,227,-1,227,470,230,-1,227,230,225,-1,225,230,229,-1,10,12,11,-1,11,12,14,-1,11,14,472,-1,472,14,471,-1,472,471,224,-1,224,471,227,-1,224,227,222,-1,222,227,226,-1,7,9,8,-1,8,9,11,-1,8,11,473,-1,473,11,472,-1,473,472,221,-1,221,472,224,-1,221,224,219,-1,219,224,223,-1,4,6,5,-1,5,6,8,-1,5,8,474,-1,474,8,473,-1,474,473,218,-1,218,473,221,-1,218,221,216,-1,216,221,220,-1,1,3,2,-1,2,3,5,-1,2,5,475,-1,475,5,474,-1,475,474,215,-1,215,474,218,-1,215,218,213,-1,213,218,217,-1,202,0,203,-1,203,0,2,-1,203,2,409,-1,409,2,475,-1,409,475,212,-1,212,475,215,-1,212,215,210,-1,210,215,214,-1,
        ]
    }
}
Shape{
    appearance Appearance {
        material  Material 	{
            diffuseColor 0.25098039215686274 0.25098039215686274 0.25098039215686274
            specularColor 0.12549019607843137 0.12549019607843137 0.12549019607843137
            ambientIntensity 0.251
            transparency 0.0
            shininess 0.5
        }
    }
    geometry IndexedFaceSet {
        ccw TRUE
        solid FALSE
        coord DEF co Coordinate {
            point [
                -0.7553 0.0 0.6142, -0.7874 -0.4921 0.6142, -0.7874 0.4921 0.6142, -0.6187 0.4332 0.6142, -0.6541 0.3777 0.6142, -0.6846 0.3192 0.6142, -0.7098 0.2583 0.6142, -0.7296 0.1955 0.6142, -0.7525 -0.0658 0.6142, -0.7439 -0.1312 0.6142, -0.7296 -0.1955 0.6142, -0.7439 0.1312 0.6142, -0.7525 0.0658 0.6142, 0.4855 0.5786 0.6142, 0.4921 0.7874 0.6142, 0.5341 0.5341 0.6142, 0.7874 0.4921 0.6142, 0.5786 0.4855 0.6142, -0.3192 0.6846 0.6142, -0.3777 0.6541 0.6142, -0.4921 0.7874 0.6142, -0.4332 0.6187 0.6142, -0.4855 0.5786 0.6142, -0.5341 0.5341 0.6142, -0.5786 0.4855 0.6142, -0.7098 -0.2583 0.6142, -0.6846 -0.3192 0.6142, -0.6541 -0.3777 0.6142, 0.6846 0.3192 0.6142, 0.6541 0.3777 0.6142, 0.6187 0.4332 0.6142, 0.4332 0.6187 0.6142, 0.3777 0.6541 0.6142, 0.3192 0.6846 0.6142, 0.5786 -0.4855 0.6142, 0.6187 -0.4332 0.6142, 0.7874 -0.4921 0.6142, 0.6541 -0.3777 0.6142, 0.6846 -0.3192 0.6142, 0.2583 0.7098 0.6142, 0.1955 0.7296 0.6142, 0.1312 0.7439 0.6142, -0.1312 0.7439 0.6142, -0.1955 0.7296 0.6142, -0.2583 0.7098 0.6142, 0.7098 -0.2583 0.6142, 0.7296 -0.1955 0.6142, 0.7439 -0.1312 0.6142, 0.7439 0.1312 0.6142, 0.7296 0.1955 0.6142, 0.7098 0.2583 0.6142, 0.0658 0.7525 0.6142, 0.0 0.7553 0.6142, -0.0658 0.7525 0.6142, 0.7525 -0.0658 0.6142, 0.7553 0.0 0.6142, 0.7525 0.0658 0.6142, -0.6187 -0.4332 0.6142, -0.5786 -0.4855 0.6142, -0.4921 -0.7874 0.6142, -0.5341 -0.5341 0.6142, -0.4855 -0.5786 0.6142, 0.1312 -0.7439 0.6142, 0.1955 -0.7296 0.6142, 0.4921 -0.7874 0.6142, -0.4332 -0.6187 0.6142, -0.3777 -0.6541 0.6142, -0.3192 -0.6846 0.6142, -0.2583 -0.7098 0.6142, -0.1955 -0.7296 0.6142, -0.1312 -0.7439 0.6142, 0.2583 -0.7098 0.6142, 0.3192 -0.6846 0.6142, 0.3777 -0.6541 0.6142, -0.0658 -0.7525 0.6142, 0.0 -0.7553 0.6142, 0.0658 -0.7525 0.6142, 0.4332 -0.6187 0.6142, 0.4855 -0.5786 0.6142, 0.5341 -0.5341 0.6142
            ]
        }
        coordIndex [
            0,1,2,-1,3,4,2,-1,4,5,2,-1,2,5,6,-1,2,6,7,-1,0,8,1,-1,1,8,9,-1,1,9,10,-1,7,11,2,-1,2,11,12,-1,2,12,0,-1,13,14,15,-1,15,14,16,-1,15,16,17,-1,18,19,20,-1,20,19,21,-1,21,22,20,-1,20,22,23,-1,20,23,2,-1,2,23,24,-1,2,24,3,-1,10,25,1,-1,1,25,26,-1,1,26,27,-1,28,29,16,-1,16,29,30,-1,16,30,17,-1,13,31,14,-1,14,31,32,-1,14,32,33,-1,34,35,36,-1,36,35,37,-1,36,37,38,-1,33,39,14,-1,14,39,40,-1,14,40,41,-1,42,43,20,-1,20,43,44,-1,20,44,18,-1,38,45,36,-1,36,45,46,-1,36,46,47,-1,48,49,16,-1,16,49,50,-1,16,50,28,-1,41,51,14,-1,14,51,52,-1,14,52,20,-1,20,52,53,-1,20,53,42,-1,47,54,36,-1,36,54,55,-1,36,55,16,-1,16,55,56,-1,16,56,48,-1,27,57,1,-1,1,57,58,-1,1,58,59,-1,59,58,60,-1,59,60,61,-1,62,63,64,-1,61,65,59,-1,59,65,66,-1,59,66,67,-1,67,68,59,-1,59,68,69,-1,59,69,70,-1,63,71,64,-1,64,71,72,-1,64,72,73,-1,70,74,59,-1,59,74,75,-1,59,75,64,-1,64,75,76,-1,64,76,62,-1,73,77,64,-1,64,77,78,-1,64,78,36,-1,36,78,79,-1,36,79,34,-1,
        ]
    }
}
Shape{
    appearance Appearance {
        material  Material 	{
            diffuseColor 0.0 0.0 0.0
            specularColor 0.0 0.0 0.0
            ambientIntensity 0.0
            transparency 0.0
            shininess 0.5
        }
    }
    geometry IndexedFaceSet {
        ccw TRUE
        solid FALSE
        coord DEF co Coordinate {
            point [
                -0.6717 -0.1184 0.5643, -0.6795 -0.0594 0.5643, -0.6743 -0.0625 0.5461, -0.667 -0.1176 0.5461, -0.6655 -0.1244 0.5461, -0.6588 -0.1765 0.5643, -0.6542 -0.1753 0.5461, -0.6511 -0.1852 0.5461, -0.6409 -0.2333 0.5643, -0.6365 -0.2317 0.5461, -0.6312 -0.2445 0.5461, -0.6182 -0.2883 0.5643, -0.6139 -0.2862 0.5461, -0.6058 -0.3017 0.5461, -0.5907 -0.341 0.5643, -0.5866 -0.3387 0.5461, -0.5754 -0.3562 0.5461, -0.5587 -0.3912 0.5643, -0.5548 -0.3885 0.5461, -0.54 -0.4078 0.5461, -0.5225 -0.4384 0.5643, -0.5189 -0.4354 0.5461, -0.5001 -0.4559 0.5461, -0.4823 -0.4823 0.5643, -0.4789 -0.4789 0.5461, -0.4384 -0.5225 0.5643, -0.4559 -0.5001 0.5461, -0.4354 -0.5189 0.5461, -0.3912 -0.5587 0.5643, -0.4078 -0.54 0.5461, -0.3885 -0.5548 0.5461, -0.341 -0.5907 0.5643, -0.3562 -0.5754 0.5461, -0.3387 -0.5866 0.5461, -0.2883 -0.6182 0.5643, -0.3017 -0.6058 0.5461, -0.2862 -0.6139 0.5461, -0.2333 -0.6409 0.5643, -0.2445 -0.6312 0.5461, -0.2317 -0.6365 0.5461, -0.1852 -0.6511 0.5461, -0.1765 -0.6588 0.5643, -0.1753 -0.6542 0.5461, -0.1244 -0.6655 0.5461, -0.1184 -0.6717 0.5643, -0.1176 -0.667 0.5461, -0.0625 -0.6743 0.5461, -0.0594 -0.6795 0.5643, -0.059 -0.6747 0.5461, 0.0 -0.6821 0.5643, 0.0 -0.6773 0.5461, 0.0594 -0.6795 0.5643, 0.059 -0.6747 0.5461, 0.0625 -0.6743 0.5461, 0.1184 -0.6717 0.5643, 0.1176 -0.667 0.5461, 0.1244 -0.6655 0.5461, 0.1765 -0.6588 0.5643, 0.1753 -0.6542 0.5461, 0.1852 -0.6511 0.5461, 0.2333 -0.6409 0.5643, 0.2317 -0.6365 0.5461, 0.2445 -0.6312 0.5461, 0.2883 -0.6182 0.5643, 0.2862 -0.6139 0.5461, 0.3017 -0.6058 0.5461, 0.341 -0.5907 0.5643, 0.3387 -0.5866 0.5461, 0.3562 -0.5754 0.5461, 0.3912 -0.5587 0.5643, 0.3885 -0.5548 0.5461, 0.4078 -0.54 0.5461, 0.4384 -0.5225 0.5643, 0.4354 -0.5189 0.5461, 0.4559 -0.5001 0.5461, 0.4823 -0.4823 0.5643, 0.4789 -0.4789 0.5461, 0.5225 -0.4384 0.5643, 0.5001 -0.4559 0.5461, 0.5189 -0.4354 0.5461, 0.5587 -0.3912 0.5643, 0.54 -0.4078 0.5461, 0.5548 -0.3885 0.5461, 0.5907 -0.341 0.5643, 0.5754 -0.3562 0.5461, 0.5866 -0.3387 0.5461, 0.6182 -0.2883 0.5643, 0.6058 -0.3017 0.5461, 0.6139 -0.2862 0.5461, 0.6409 -0.2333 0.5643, 0.6312 -0.2445 0.5461, 0.6365 -0.2317 0.5461, 0.6511 -0.1852 0.5461, 0.6588 -0.1765 0.5643, 0.6542 -0.1753 0.5461, 0.6655 -0.1244 0.5461, 0.6717 -0.1184 0.5643, 0.667 -0.1176 0.5461, 0.6743 -0.0625 0.5461, 0.6795 -0.0594 0.5643, 0.6747 -0.059 0.5461, 0.6821 0.0 0.5643, 0.6773 0.0 0.5461, 0.6795 0.0594 0.5643, 0.6747 0.059 0.5461, 0.6743 0.0625 0.5461, 0.6717 0.1184 0.5643, 0.667 0.1176 0.5461, 0.6655 0.1244 0.5461, 0.6588 0.1765 0.5643, 0.6542 0.1753 0.5461, 0.6511 0.1852 0.5461, 0.6409 0.2333 0.5643, 0.6365 0.2317 0.5461, 0.6312 0.2445 0.5461, 0.6182 0.2883 0.5643, 0.6139 0.2862 0.5461, 0.6058 0.3017 0.5461, 0.5907 0.341 0.5643, 0.5866 0.3387 0.5461, 0.5754 0.3562 0.5461, 0.5587 0.3912 0.5643, 0.5548 0.3885 0.5461, 0.54 0.4078 0.5461, 0.5225 0.4384 0.5643, 0.5189 0.4354 0.5461, 0.5001 0.4559 0.5461, 0.4823 0.4823 0.5643, 0.4789 0.4789 0.5461, 0.4384 0.5225 0.5643, 0.4559 0.5001 0.5461, 0.4354 0.5189 0.5461, 0.3912 0.5587 0.5643, 0.4078 0.54 0.5461, 0.3885 0.5548 0.5461, 0.341 0.5907 0.5643, 0.3562 0.5754 0.5461, 0.3387 0.5866 0.5461, 0.2883 0.6182 0.5643, 0.3017 0.6058 0.5461, 0.2862 0.6139 0.5461, 0.2333 0.6409 0.5643, 0.2445 0.6312 0.5461, 0.2317 0.6365 0.5461, 0.1852 0.6511 0.5461, 0.1765 0.6588 0.5643, 0.1753 0.6542 0.5461, 0.1244 0.6655 0.5461, 0.1184 0.6717 0.5643, 0.1176 0.667 0.5461, 0.0625 0.6743 0.5461, 0.0594 0.6795 0.5643, 0.059 0.6747 0.5461, 0.0 0.6821 0.5643, 0.0 0.6773 0.5461, -0.0594 0.6795 0.5643, -0.059 0.6747 0.5461, -0.0625 0.6743 0.5461, -0.1184 0.6717 0.5643, -0.1176 0.667 0.5461, -0.1244 0.6655 0.5461, -0.1765 0.6588 0.5643, -0.1753 0.6542 0.5461, -0.1852 0.6511 0.5461, -0.2333 0.6409 0.5643, -0.2317 0.6365 0.5461, -0.2445 0.6312 0.5461, -0.2883 0.6182 0.5643, -0.2862 0.6139 0.5461, -0.3017 0.6058 0.5461, -0.341 0.5907 0.5643, -0.3387 0.5866 0.5461, -0.3562 0.5754 0.5461, -0.3912 0.5587 0.5643, -0.3885 0.5548 0.5461, -0.4078 0.54 0.5461, -0.4384 0.5225 0.5643, -0.4354 0.5189 0.5461, -0.4559 0.5001 0.5461, -0.4823 0.4823 0.5643, -0.4789 0.4789 0.5461, -0.5225 0.4384 0.5643, -0.5001 0.4559 0.5461, -0.5189 0.4354 0.5461, -0.5587 0.3912 0.5643, -0.54 0.4078 0.5461, -0.5548 0.3885 0.5461, -0.5907 0.341 0.5643, -0.5754 0.3562 0.5461, -0.5866 0.3387 0.5461, -0.6182 0.2883 0.5643, -0.6058 0.3017 0.5461, -0.6139 0.2862 0.5461, -0.6409 0.2333 0.5643, -0.6312 0.2445 0.5461, -0.6365 0.2317 0.5461, -0.6511 0.1852 0.5461, -0.6588 0.1765 0.5643, -0.6542 0.1753 0.5461, -0.6655 0.1244 0.5461, -0.6717 0.1184 0.5643, -0.667 0.1176 0.5461, -0.6743 0.0625 0.5461, -0.6795 0.0594 0.5643, -0.6747 0.059 0.5461, -0.6821 0.0 0.5643, -0.6773 -0.0 0.5461, -0.6747 -0.059 0.5461, -0.6884 0.0602 0.5808, -0.6805 0.12 0.5808, -0.6674 0.1788 0.5808, -0.6493 0.2363 0.5808, -0.6262 0.292 0.5808, -0.5984 0.3455 0.5808, -0.566 0.3963 0.5808, -0.5293 0.4442 0.5808, -0.4886 0.4886 0.5808, -0.4442 0.5293 0.5808, -0.3963 0.566 0.5808, -0.3455 0.5984 0.5808, -0.292 0.6262 0.5808, -0.2363 0.6493 0.5808, -0.1788 0.6674 0.5808, -0.12 0.6805 0.5808, -0.0602 0.6884 0.5808, 0.0 0.691 0.5808, 0.0602 0.6884 0.5808, 0.12 0.6805 0.5808, 0.1788 0.6674 0.5808, 0.2363 0.6493 0.5808, 0.292 0.6262 0.5808, 0.3455 0.5984 0.5808, 0.3963 0.566 0.5808, 0.4442 0.5293 0.5808, 0.4886 0.4886 0.5808, 0.5293 0.4442 0.5808, 0.566 0.3963 0.5808, 0.5984 0.3455 0.5808, 0.6262 0.292 0.5808, 0.6493 0.2363 0.5808, 0.6674 0.1788 0.5808, 0.6805 0.12 0.5808, 0.6884 0.0602 0.5808, 0.691 0.0 0.5808, 0.6884 -0.0602 0.5808, 0.6805 -0.12 0.5808, 0.6674 -0.1788 0.5808, 0.6493 -0.2363 0.5808, 0.6262 -0.292 0.5808, 0.5984 -0.3455 0.5808, 0.566 -0.3963 0.5808, 0.5293 -0.4442 0.5808, 0.4886 -0.4886 0.5808, 0.4442 -0.5293 0.5808, 0.3963 -0.566 0.5808, 0.3455 -0.5984 0.5808, 0.292 -0.6262 0.5808, 0.2363 -0.6493 0.5808, 0.1788 -0.6674 0.5808, 0.12 -0.6805 0.5808, 0.0602 -0.6884 0.5808, 0.0 -0.691 0.5808, -0.0602 -0.6884 0.5808, -0.12 -0.6805 0.5808, -0.1788 -0.6674 0.5808, -0.2363 -0.6493 0.5808, -0.292 -0.6262 0.5808, -0.3455 -0.5984 0.5808, -0.3963 -0.566 0.5808, -0.4442 -0.5293 0.5808, -0.4886 -0.4886 0.5808, -0.5293 -0.4442 0.5808, -0.566 -0.3963 0.5808, -0.5984 -0.3455 0.5808, -0.6262 -0.292 0.5808, -0.6493 -0.2363 0.5808, -0.6674 -0.1788 0.5808, -0.6805 -0.12 0.5808, -0.6884 -0.0602 0.5808, -0.691 0.0 0.5808, -0.7009 0.0613 0.5948, -0.6929 0.1222 0.5948, -0.6796 0.1821 0.5948, -0.6611 0.2406 0.5948, -0.6376 0.2973 0.5948, -0.6093 0.3518 0.5948, -0.5763 0.4035 0.5948, -0.539 0.4522 0.5948, -0.4975 0.4975 0.5948, -0.4522 0.539 0.5948, -0.4035 0.5763 0.5948, -0.3518 0.6093 0.5948, -0.2973 0.6376 0.5948, -0.2406 0.6611 0.5948, -0.1821 0.6796 0.5948, -0.1222 0.6929 0.5948, -0.0613 0.7009 0.5948, 0.0 0.7036 0.5948, 0.0613 0.7009 0.5948, 0.1222 0.6929 0.5948, 0.1821 0.6796 0.5948, 0.2406 0.6611 0.5948, 0.2973 0.6376 0.5948, 0.3518 0.6093 0.5948, 0.4035 0.5763 0.5948, 0.4522 0.539 0.5948, 0.4975 0.4975 0.5948, 0.539 0.4522 0.5948, 0.5763 0.4035 0.5948, 0.6093 0.3518 0.5948, 0.6376 0.2973 0.5948, 0.6611 0.2406 0.5948, 0.6796 0.1821 0.5948, 0.6929 0.1222 0.5948, 0.7009 0.0613 0.5948, 0.7036 0.0 0.5948, 0.7009 -0.0613 0.5948, 0.6929 -0.1222 0.5948, 0.6796 -0.1821 0.5948, 0.6611 -0.2406 0.5948, 0.6376 -0.2973 0.5948, 0.6093 -0.3518 0.5948, 0.5763 -0.4035 0.5948, 0.539 -0.4522 0.5948, 0.4975 -0.4975 0.5948, 0.4522 -0.539 0.5948, 0.4035 -0.5763 0.5948, 0.3518 -0.6093 0.5948, 0.2973 -0.6376 0.5948, 0.2406 -0.6611 0.5948, 0.1821 -0.6796 0.5948, 0.1222 -0.6929 0.5948, 0.0613 -0.7009 0.5948, 0.0 -0.7036 0.5948, -0.0613 -0.7009 0.5948, -0.1222 -0.6929 0.5948, -0.1821 -0.6796 0.5948, -0.2406 -0.6611 0.5948, -0.2973 -0.6376 0.5948, -0.3518 -0.6093 0.5948, -0.4035 -0.5763 0.5948, -0.4522 -0.539 0.5948, -0.4975 -0.4975 0.5948, -0.539 -0.4522 0.5948, -0.5763 -0.4035 0.5948, -0.6093 -0.3518 0.5948, -0.6376 -0.2973 0.5948, -0.6611 -0.2406 0.5948, -0.6796 -0.1821 0.5948, -0.6929 -0.1222 0.5948, -0.7009 -0.0613 0.5948, -0.7036 0.0 0.5948, -0.7164 0.0627 0.6053, -0.7082 0.1249 0.6053, -0.6946 0.1861 0.6053, -0.6757 0.2459 0.6053, -0.6517 0.3039 0.6053, -0.6228 0.3595 0.6053, -0.589 0.4125 0.6053, -0.5509 0.4622 0.6053, -0.5085 0.5085 0.6053, -0.4622 0.5509 0.6053, -0.4125 0.589 0.6053, -0.3595 0.6228 0.6053, -0.3039 0.6517 0.6053, -0.2459 0.6757 0.6053, -0.1861 0.6946 0.6053, -0.1249 0.7082 0.6053, -0.0627 0.7164 0.6053, 0.0 0.7191 0.6053, 0.0627 0.7164 0.6053, 0.1249 0.7082 0.6053, 0.1861 0.6946 0.6053, 0.2459 0.6757 0.6053, 0.3039 0.6517 0.6053, 0.3595 0.6228 0.6053, 0.4125 0.589 0.6053, 0.4622 0.5509 0.6053, 0.5085 0.5085 0.6053, 0.5509 0.4622 0.6053, 0.589 0.4125 0.6053, 0.6228 0.3595 0.6053, 0.6517 0.3039 0.6053, 0.6757 0.2459 0.6053, 0.6946 0.1861 0.6053, 0.7082 0.1249 0.6053, 0.7164 0.0627 0.6053, 0.7191 0.0 0.6053, 0.7164 -0.0627 0.6053, 0.7082 -0.1249 0.6053, 0.6946 -0.1861 0.6053, 0.6757 -0.2459 0.6053, 0.6517 -0.3039 0.6053, 0.6228 -0.3595 0.6053, 0.589 -0.4125 0.6053, 0.5509 -0.4622 0.6053, 0.5085 -0.5085 0.6053, 0.4622 -0.5509 0.6053, 0.4125 -0.589 0.6053, 0.3595 -0.6228 0.6053, 0.3039 -0.6517 0.6053, 0.2459 -0.6757 0.6053, 0.1861 -0.6946 0.6053, 0.1249 -0.7082 0.6053, 0.0627 -0.7164 0.6053, 0.0 -0.7191 0.6053, -0.0627 -0.7164 0.6053, -0.1249 -0.7082 0.6053, -0.1861 -0.6946 0.6053, -0.2459 -0.6757 0.6053, -0.3039 -0.6517 0.6053, -0.3595 -0.6228 0.6053, -0.4125 -0.589 0.6053, -0.4622 -0.5509 0.6053, -0.5085 -0.5085 0.6053, -0.5509 -0.4622 0.6053, -0.589 -0.4125 0.6053, -0.6228 -0.3595 0.6053, -0.6517 -0.3039 0.6053, -0.6757 -0.2459 0.6053, -0.6946 -0.1861 0.6053, -0.7082 -0.1249 0.6053, -0.7164 -0.0627 0.6053, -0.7191 0.0 0.6053, -0.7339 0.0642 0.6119, -0.7255 0.1279 0.6119, -0.7116 0.1907 0.6119, -0.6923 0.252 0.6119, -0.6677 0.3113 0.6119, -0.638 0.3683 0.6119, -0.6035 0.4225 0.6119, -0.5643 0.4735 0.6119, -0.5209 0.5209 0.6119, -0.4735 0.5643 0.6119, -0.4225 0.6035 0.6119, -0.3683 0.638 0.6119, -0.3113 0.6677 0.6119, -0.252 0.6923 0.6119, -0.1907 0.7116 0.6119, -0.1279 0.7255 0.6119, -0.0642 0.7339 0.6119, 0.0 0.7367 0.6119, 0.0642 0.7339 0.6119, 0.1279 0.7255 0.6119, 0.1907 0.7116 0.6119, 0.252 0.6923 0.6119, 0.3113 0.6677 0.6119, 0.3683 0.638 0.6119, 0.4225 0.6035 0.6119, 0.4735 0.5643 0.6119, 0.5209 0.5209 0.6119, 0.5643 0.4735 0.6119, 0.6035 0.4225 0.6119, 0.638 0.3683 0.6119, 0.6677 0.3113 0.6119, 0.6923 0.252 0.6119, 0.7116 0.1907 0.6119, 0.7255 0.1279 0.6119, 0.7339 0.0642 0.6119, 0.7367 0.0 0.6119, 0.7339 -0.0642 0.6119, 0.7255 -0.1279 0.6119, 0.7116 -0.1907 0.6119, 0.6923 -0.252 0.6119, 0.6677 -0.3113 0.6119, 0.638 -0.3683 0.6119, 0.6035 -0.4225 0.6119, 0.5643 -0.4735 0.6119, 0.5209 -0.5209 0.6119, 0.4735 -0.5643 0.6119, 0.4225 -0.6035 0.6119, 0.3683 -0.638 0.6119, 0.3113 -0.6677 0.6119, 0.252 -0.6923 0.6119, 0.1907 -0.7116 0.6119, 0.1279 -0.7255 0.6119, 0.0642 -0.7339 0.6119, 0.0 -0.7367 0.6119, -0.0642 -0.7339 0.6119, -0.1279 -0.7255 0.6119, -0.1907 -0.7116 0.6119, -0.252 -0.6923 0.6119, -0.3113 -0.6677 0.6119, -0.3683 -0.638 0.6119, -0.4225 -0.6035 0.6119, -0.4735 -0.5643 0.6119, -0.5209 -0.5209 0.6119, -0.5643 -0.4735 0.6119, -0.6035 -0.4225 0.6119, -0.638 -0.3683 0.6119, -0.6677 -0.3113 0.6119, -0.6923 -0.252 0.6119, -0.7116 -0.1907 0.6119, -0.7255 -0.1279 0.6119, -0.7339 -0.0642 0.6119, -0.7367 0.0 0.6119, -0.7525 0.0658 0.6142, -0.7439 0.1312 0.6142, -0.7296 0.1955 0.6142, -0.7098 0.2583 0.6142, -0.6846 0.3192 0.6142, -0.6541 0.3777 0.6142, -0.6187 0.4332 0.6142, -0.5786 0.4855 0.6142, -0.5341 0.5341 0.6142, -0.4855 0.5786 0.6142, -0.4332 0.6187 0.6142, -0.3777 0.6541 0.6142, -0.3192 0.6846 0.6142, -0.2583 0.7098 0.6142, -0.1955 0.7296 0.6142, -0.1312 0.7439 0.6142, -0.0658 0.7525 0.6142, 0.0 0.7553 0.6142, 0.0658 0.7525 0.6142, 0.1312 0.7439 0.6142, 0.1955 0.7296 0.6142, 0.2583 0.7098 0.6142, 0.3192 0.6846 0.6142, 0.3777 0.6541 0.6142, 0.4332 0.6187 0.6142, 0.4855 0.5786 0.6142, 0.5341 0.5341 0.6142, 0.5786 0.4855 0.6142, 0.6187 0.4332 0.6142, 0.6541 0.3777 0.6142, 0.6846 0.3192 0.6142, 0.7098 0.2583 0.6142, 0.7296 0.1955 0.6142, 0.7439 0.1312 0.6142, 0.7525 0.0658 0.6142, 0.7553 0.0 0.6142, 0.7525 -0.0658 0.6142, 0.7439 -0.1312 0.6142, 0.7296 -0.1955 0.6142, 0.7098 -0.2583 0.6142, 0.6846 -0.3192 0.6142, 0.6541 -0.3777 0.6142, 0.6187 -0.4332 0.6142, 0.5786 -0.4855 0.6142, 0.5341 -0.5341 0.6142, 0.4855 -0.5786 0.6142, 0.4332 -0.6187 0.6142, 0.3777 -0.6541 0.6142, 0.3192 -0.6846 0.6142, 0.2583 -0.7098 0.6142, 0.1955 -0.7296 0.6142, 0.1312 -0.7439 0.6142, 0.0658 -0.7525 0.6142, 0.0 -0.7553 0.6142, -0.0658 -0.7525 0.6142, -0.1312 -0.7439 0.6142, -0.1955 -0.7296 0.6142, -0.2583 -0.7098 0.6142, -0.3192 -0.6846 0.6142, -0.3777 -0.6541 0.6142, -0.4332 -0.6187 0.6142, -0.4855 -0.5786 0.6142, -0.5341 -0.5341 0.6142, -0.5786 -0.4855 0.6142, -0.6187 -0.4332 0.6142, -0.6541 -0.3777 0.6142, -0.6846 -0.3192 0.6142, -0.7098 -0.2583 0.6142, -0.7296 -0.1955 0.6142, -0.7439 -0.1312 0.6142, -0.7525 -0.0658 0.6142, -0.7553 0.0 0.6142
            ]
        }
        coordIndex [
            0,1,2,-1,2,3,0,-1,0,3,4,-1,0,4,5,-1,4,6,5,-1,5,6,7,-1,5,7,8,-1,7,9,8,-1,8,9,10,-1,8,10,11,-1,10,12,11,-1,11,12,13,-1,11,13,14,-1,13,15,14,-1,14,15,16,-1,14,16,17,-1,16,18,17,-1,17,18,19,-1,17,19,20,-1,19,21,20,-1,20,21,22,-1,20,22,23,-1,23,22,24,-1,23,24,25,-1,24,26,25,-1,25,26,27,-1,25,27,28,-1,27,29,28,-1,28,29,30,-1,28,30,31,-1,30,32,31,-1,31,32,33,-1,31,33,34,-1,33,35,34,-1,34,35,36,-1,34,36,37,-1,37,36,38,-1,38,39,37,-1,37,39,40,-1,37,40,41,-1,40,42,41,-1,41,42,43,-1,41,43,44,-1,43,45,44,-1,44,45,46,-1,44,46,47,-1,47,46,48,-1,47,48,49,-1,49,48,50,-1,49,50,51,-1,50,52,51,-1,51,52,53,-1,51,53,54,-1,53,55,54,-1,54,55,56,-1,54,56,57,-1,56,58,57,-1,57,58,59,-1,57,59,60,-1,59,61,60,-1,60,61,62,-1,60,62,63,-1,62,64,63,-1,63,64,65,-1,63,65,66,-1,65,67,66,-1,66,67,68,-1,66,68,69,-1,68,70,69,-1,69,70,71,-1,69,71,72,-1,71,73,72,-1,72,73,74,-1,72,74,75,-1,75,74,76,-1,75,76,77,-1,76,78,77,-1,77,78,79,-1,77,79,80,-1,79,81,80,-1,80,81,82,-1,80,82,83,-1,82,84,83,-1,83,84,85,-1,83,85,86,-1,85,87,86,-1,86,87,88,-1,86,88,89,-1,89,88,90,-1,90,91,89,-1,89,91,92,-1,89,92,93,-1,92,94,93,-1,93,94,95,-1,93,95,96,-1,95,97,96,-1,96,97,98,-1,96,98,99,-1,99,98,100,-1,99,100,101,-1,101,100,102,-1,101,102,103,-1,102,104,103,-1,103,104,105,-1,103,105,106,-1,105,107,106,-1,106,107,108,-1,106,108,109,-1,108,110,109,-1,109,110,111,-1,109,111,112,-1,111,113,112,-1,112,113,114,-1,112,114,115,-1,114,116,115,-1,115,116,117,-1,115,117,118,-1,117,119,118,-1,118,119,120,-1,118,120,121,-1,120,122,121,-1,121,122,123,-1,121,123,124,-1,123,125,124,-1,124,125,126,-1,124,126,127,-1,127,126,128,-1,127,128,129,-1,128,130,129,-1,129,130,131,-1,129,131,132,-1,131,133,132,-1,132,133,134,-1,132,134,135,-1,134,136,135,-1,135,136,137,-1,135,137,138,-1,137,139,138,-1,138,139,140,-1,138,140,141,-1,141,140,142,-1,142,143,141,-1,141,143,144,-1,141,144,145,-1,144,146,145,-1,145,146,147,-1,145,147,148,-1,147,149,148,-1,148,149,150,-1,148,150,151,-1,151,150,152,-1,151,152,153,-1,153,152,154,-1,153,154,155,-1,154,156,155,-1,155,156,157,-1,155,157,158,-1,157,159,158,-1,158,159,160,-1,158,160,161,-1,160,162,161,-1,161,162,163,-1,161,163,164,-1,163,165,164,-1,164,165,166,-1,164,166,167,-1,166,168,167,-1,167,168,169,-1,167,169,170,-1,169,171,170,-1,170,171,172,-1,170,172,173,-1,172,174,173,-1,173,174,175,-1,173,175,176,-1,175,177,176,-1,176,177,178,-1,176,178,179,-1,179,178,180,-1,179,180,181,-1,180,182,181,-1,181,182,183,-1,181,183,184,-1,183,185,184,-1,184,185,186,-1,184,186,187,-1,186,188,187,-1,187,188,189,-1,187,189,190,-1,189,191,190,-1,190,191,192,-1,190,192,193,-1,193,192,194,-1,194,195,193,-1,193,195,196,-1,193,196,197,-1,196,198,197,-1,197,198,199,-1,197,199,200,-1,199,201,200,-1,200,201,202,-1,200,202,203,-1,203,202,204,-1,203,204,205,-1,205,204,206,-1,205,206,1,-1,1,206,207,-1,1,207,2,-1,203,208,200,-1,200,208,209,-1,200,209,197,-1,197,209,210,-1,197,210,193,-1,193,210,211,-1,193,211,190,-1,190,211,212,-1,190,212,187,-1,187,212,213,-1,187,213,184,-1,184,213,214,-1,184,214,181,-1,181,214,215,-1,181,215,179,-1,179,215,216,-1,179,216,176,-1,176,216,217,-1,176,217,173,-1,173,217,218,-1,173,218,170,-1,170,218,219,-1,170,219,167,-1,167,219,220,-1,167,220,164,-1,164,220,221,-1,164,221,161,-1,161,221,222,-1,161,222,158,-1,158,222,223,-1,158,223,155,-1,155,223,224,-1,155,224,153,-1,153,224,225,-1,153,225,151,-1,151,225,226,-1,151,226,148,-1,148,226,227,-1,148,227,145,-1,145,227,228,-1,145,228,141,-1,141,228,229,-1,141,229,138,-1,138,229,230,-1,138,230,135,-1,135,230,231,-1,135,231,132,-1,132,231,232,-1,132,232,129,-1,129,232,233,-1,129,233,127,-1,127,233,234,-1,127,234,124,-1,124,234,235,-1,124,235,121,-1,121,235,236,-1,121,236,118,-1,118,236,237,-1,118,237,115,-1,115,237,238,-1,115,238,112,-1,112,238,239,-1,112,239,109,-1,109,239,240,-1,109,240,106,-1,106,240,241,-1,106,241,103,-1,103,241,242,-1,103,242,101,-1,101,242,243,-1,101,243,99,-1,99,243,244,-1,99,244,96,-1,96,244,245,-1,96,245,93,-1,93,245,246,-1,93,246,89,-1,89,246,247,-1,89,247,86,-1,86,247,248,-1,86,248,83,-1,83,248,249,-1,83,249,80,-1,80,249,250,-1,80,250,77,-1,77,250,251,-1,77,251,75,-1,75,251,252,-1,75,252,72,-1,72,252,253,-1,72,253,69,-1,69,253,254,-1,69,254,66,-1,66,254,255,-1,66,255,63,-1,63,255,256,-1,63,256,60,-1,60,256,257,-1,60,257,57,-1,57,257,258,-1,57,258,54,-1,54,258,259,-1,54,259,51,-1,51,259,260,-1,51,260,49,-1,49,260,261,-1,49,261,47,-1,47,261,262,-1,47,262,44,-1,44,262,263,-1,44,263,41,-1,41,263,264,-1,41,264,37,-1,37,264,265,-1,37,265,34,-1,34,265,266,-1,34,266,31,-1,31,266,267,-1,31,267,28,-1,28,267,268,-1,28,268,25,-1,25,268,269,-1,25,269,23,-1,23,269,270,-1,23,270,20,-1,20,270,271,-1,20,271,17,-1,17,271,272,-1,17,272,14,-1,14,272,273,-1,14,273,11,-1,11,273,274,-1,11,274,8,-1,8,274,275,-1,8,275,5,-1,5,275,276,-1,5,276,0,-1,0,276,277,-1,0,277,1,-1,1,277,278,-1,1,278,205,-1,205,278,279,-1,205,279,203,-1,203,279,208,-1,208,280,209,-1,209,280,281,-1,209,281,210,-1,210,281,282,-1,210,282,211,-1,211,282,283,-1,211,283,212,-1,212,283,284,-1,212,284,213,-1,213,284,285,-1,213,285,214,-1,214,285,286,-1,214,286,215,-1,215,286,287,-1,215,287,216,-1,216,287,288,-1,216,288,217,-1,217,288,289,-1,217,289,218,-1,218,289,290,-1,218,290,219,-1,219,290,291,-1,219,291,220,-1,220,291,292,-1,220,292,221,-1,221,292,293,-1,221,293,222,-1,222,293,294,-1,222,294,223,-1,223,294,295,-1,223,295,224,-1,224,295,296,-1,224,296,225,-1,225,296,297,-1,225,297,226,-1,226,297,298,-1,226,298,227,-1,227,298,299,-1,227,299,228,-1,228,299,300,-1,228,300,229,-1,229,300,301,-1,229,301,230,-1,230,301,302,-1,230,302,231,-1,231,302,303,-1,231,303,232,-1,232,303,304,-1,232,304,233,-1,233,304,305,-1,233,305,234,-1,234,305,306,-1,234,306,235,-1,235,306,307,-1,235,307,236,-1,236,307,308,-1,236,308,237,-1,237,308,309,-1,237,309,238,-1,238,309,310,-1,238,310,239,-1,239,310,311,-1,239,311,240,-1,240,311,312,-1,240,312,241,-1,241,312,313,-1,241,313,242,-1,242,313,314,-1,242,314,243,-1,243,314,315,-1,243,315,244,-1,244,315,316,-1,244,316,245,-1,245,316,317,-1,245,317,246,-1,246,317,318,-1,246,318,247,-1,247,318,319,-1,247,319,248,-1,248,319,320,-1,248,320,249,-1,249,320,321,-1,249,321,250,-1,250,321,322,-1,250,322,251,-1,251,322,323,-1,251,323,252,-1,252,323,324,-1,252,324,253,-1,253,324,325,-1,253,325,254,-1,254,325,326,-1,254,326,255,-1,255,326,327,-1,255,327,256,-1,256,327,328,-1,256,328,257,-1,257,328,329,-1,257,329,258,-1,258,329,330,-1,258,330,259,-1,259,330,331,-1,259,331,260,-1,260,331,332,-1,260,332,261,-1,261,332,333,-1,261,333,262,-1,262,333,334,-1,262,334,263,-1,263,334,335,-1,263,335,264,-1,264,335,336,-1,264,336,265,-1,265,336,337,-1,265,337,266,-1,266,337,338,-1,266,338,267,-1,267,338,339,-1,267,339,268,-1,268,339,340,-1,268,340,269,-1,269,340,341,-1,269,341,270,-1,270,341,342,-1,270,342,271,-1,271,342,343,-1,271,343,272,-1,272,343,344,-1,272,344,273,-1,273,344,345,-1,273,345,274,-1,274,345,346,-1,274,346,275,-1,275,346,347,-1,275,347,276,-1,276,347,348,-1,276,348,277,-1,277,348,349,-1,277,349,278,-1,278,349,350,-1,278,350,279,-1,279,350,351,-1,279,351,208,-1,208,351,280,-1,280,352,281,-1,281,352,353,-1,281,353,282,-1,282,353,354,-1,282,354,283,-1,283,354,355,-1,283,355,284,-1,284,355,356,-1,284,356,285,-1,285,356,357,-1,285,357,286,-1,286,357,358,-1,286,358,287,-1,287,358,359,-1,287,359,288,-1,288,359,360,-1,288,360,289,-1,289,360,361,-1,289,361,290,-1,290,361,362,-1,290,362,291,-1,291,362,363,-1,291,363,292,-1,292,363,364,-1,292,364,293,-1,293,364,365,-1,293,365,294,-1,294,365,366,-1,294,366,295,-1,295,366,367,-1,295,367,296,-1,296,367,368,-1,296,368,297,-1,297,368,369,-1,297,369,298,-1,298,369,370,-1,298,370,299,-1,299,370,371,-1,299,371,300,-1,300,371,372,-1,300,372,301,-1,301,372,373,-1,301,373,302,-1,302,373,374,-1,302,374,303,-1,303,374,375,-1,303,375,304,-1,304,375,376,-1,304,376,305,-1,305,376,377,-1,305,377,306,-1,306,377,378,-1,306,378,307,-1,307,378,379,-1,307,379,308,-1,308,379,380,-1,308,380,309,-1,309,380,381,-1,309,381,310,-1,310,381,382,-1,310,382,311,-1,311,382,383,-1,311,383,312,-1,312,383,384,-1,312,384,313,-1,313,384,385,-1,313,385,314,-1,314,385,386,-1,314,386,315,-1,315,386,387,-1,315,387,316,-1,316,387,388,-1,316,388,317,-1,317,388,389,-1,317,389,318,-1,318,389,390,-1,318,390,319,-1,319,390,391,-1,319,391,320,-1,320,391,392,-1,320,392,321,-1,321,392,393,-1,321,393,322,-1,322,393,394,-1,322,394,323,-1,323,394,395,-1,323,395,324,-1,324,395,396,-1,324,396,325,-1,325,396,397,-1,325,397,326,-1,326,397,398,-1,326,398,327,-1,327,398,399,-1,327,399,328,-1,328,399,400,-1,328,400,329,-1,329,400,401,-1,329,401,330,-1,330,401,402,-1,330,402,331,-1,331,402,403,-1,331,403,332,-1,332,403,404,-1,332,404,333,-1,333,404,405,-1,333,405,334,-1,334,405,406,-1,334,406,335,-1,335,406,407,-1,335,407,336,-1,336,407,408,-1,336,408,337,-1,337,408,409,-1,337,409,338,-1,338,409,410,-1,338,410,339,-1,339,410,411,-1,339,411,340,-1,340,411,412,-1,340,412,341,-1,341,412,413,-1,341,413,342,-1,342,413,414,-1,342,414,343,-1,343,414,415,-1,343,415,344,-1,344,415,416,-1,344,416,345,-1,345,416,417,-1,345,417,346,-1,346,417,418,-1,346,418,347,-1,347,418,419,-1,347,419,348,-1,348,419,420,-1,348,420,349,-1,349,420,421,-1,349,421,350,-1,350,421,422,-1,350,422,351,-1,351,422,423,-1,351,423,280,-1,280,423,352,-1,352,424,353,-1,353,424,425,-1,353,425,354,-1,354,425,426,-1,354,426,355,-1,355,426,427,-1,355,427,356,-1,356,427,428,-1,356,428,357,-1,357,428,429,-1,357,429,358,-1,358,429,430,-1,358,430,359,-1,359,430,431,-1,359,431,360,-1,360,431,432,-1,360,432,361,-1,361,432,433,-1,361,433,362,-1,362,433,434,-1,362,434,363,-1,363,434,435,-1,363,435,364,-1,364,435,436,-1,364,436,365,-1,365,436,437,-1,365,437,366,-1,366,437,438,-1,366,438,367,-1,367,438,439,-1,367,439,368,-1,368,439,440,-1,368,440,369,-1,369,440,441,-1,369,441,370,-1,370,441,442,-1,370,442,371,-1,371,442,443,-1,371,443,372,-1,372,443,444,-1,372,444,373,-1,373,444,445,-1,373,445,374,-1,374,445,446,-1,374,446,375,-1,375,446,447,-1,375,447,376,-1,376,447,448,-1,376,448,377,-1,377,448,449,-1,377,449,378,-1,378,449,450,-1,378,450,379,-1,379,450,451,-1,379,451,380,-1,380,451,452,-1,380,452,381,-1,381,452,453,-1,381,453,382,-1,382,453,454,-1,382,454,383,-1,383,454,455,-1,383,455,384,-1,384,455,456,-1,384,456,385,-1,385,456,457,-1,385,457,386,-1,386,457,458,-1,386,458,387,-1,387,458,459,-1,387,459,388,-1,388,459,460,-1,388,460,389,-1,389,460,461,-1,389,461,390,-1,390,461,462,-1,390,462,391,-1,391,462,463,-1,391,463,392,-1,392,463,464,-1,392,464,393,-1,393,464,465,-1,393,465,394,-1,394,465,466,-1,394,466,395,-1,395,466,467,-1,395,467,396,-1,396,467,468,-1,396,468,397,-1,397,468,469,-1,397,469,398,-1,398,469,470,-1,398,470,399,-1,399,470,471,-1,399,471,400,-1,400,471,472,-1,400,472,401,-1,401,472,473,-1,401,473,402,-1,402,473,474,-1,402,474,403,-1,403,474,475,-1,403,475,404,-1,404,475,476,-1,404,476,405,-1,405,476,477,-1,405,477,406,-1,406,477,478,-1,406,478,407,-1,407,478,479,-1,407,479,408,-1,408,479,480,-1,408,480,409,-1,409,480,481,-1,409,481,410,-1,410,481,482,-1,410,482,411,-1,411,482,483,-1,411,483,412,-1,412,483,484,-1,412,484,413,-1,413,484,485,-1,413,485,414,-1,414,485,486,-1,414,486,415,-1,415,486,487,-1,415,487,416,-1,416,487,488,-1,416,488,417,-1,417,488,489,-1,417,489,418,-1,418,489,490,-1,418,490,419,-1,419,490,491,-1,419,491,420,-1,420,491,492,-1,420,492,421,-1,421,492,493,-1,421,493,422,-1,422,493,494,-1,422,494,423,-1,423,494,495,-1,423,495,352,-1,352,495,424,-1,424,496,425,-1,425,496,497,-1,425,497,426,-1,426,497,498,-1,426,498,427,-1,427,498,499,-1,427,499,428,-1,428,499,500,-1,428,500,429,-1,429,500,501,-1,429,501,430,-1,430,501,502,-1,430,502,431,-1,431,502,503,-1,431,503,432,-1,432,503,504,-1,432,504,433,-1,433,504,505,-1,433,505,434,-1,434,505,506,-1,434,506,435,-1,435,506,507,-1,435,507,436,-1,436,507,508,-1,436,508,437,-1,437,508,509,-1,437,509,438,-1,438,509,510,-1,438,510,439,-1,439,510,511,-1,439,511,440,-1,440,511,512,-1,440,512,441,-1,441,512,513,-1,441,513,442,-1,442,513,514,-1,442,514,443,-1,443,514,515,-1,443,515,444,-1,444,515,516,-1,444,516,445,-1,445,516,517,-1,445,517,446,-1,446,517,518,-1,446,518,447,-1,447,518,519,-1,447,519,448,-1,448,519,520,-1,448,520,449,-1,449,520,521,-1,449,521,450,-1,450,521,522,-1,450,522,451,-1,451,522,523,-1,451,523,452,-1,452,523,524,-1,452,524,453,-1,453,524,525,-1,453,525,454,-1,454,525,526,-1,454,526,455,-1,455,526,527,-1,455,527,456,-1,456,527,528,-1,456,528,457,-1,457,528,529,-1,457,529,458,-1,458,529,530,-1,458,530,459,-1,459,530,531,-1,459,531,460,-1,460,531,532,-1,460,532,461,-1,461,532,533,-1,461,533,462,-1,462,533,534,-1,462,534,463,-1,463,534,535,-1,463,535,464,-1,464,535,536,-1,464,536,465,-1,465,536,537,-1,465,537,466,-1,466,537,538,-1,466,538,467,-1,467,538,539,-1,467,539,468,-1,468,539,540,-1,468,540,469,-1,469,540,541,-1,469,541,470,-1,470,541,542,-1,470,542,471,-1,471,542,543,-1,471,543,472,-1,472,543,544,-1,472,544,473,-1,473,544,545,-1,473,545,474,-1,474,545,546,-1,474,546,475,-1,475,546,547,-1,475,547,476,-1,476,547,548,-1,476,548,477,-1,477,548,549,-1,477,549,478,-1,478,549,550,-1,478,550,479,-1,479,550,551,-1,479,551,480,-1,480,551,552,-1,480,552,481,-1,481,552,553,-1,481,553,482,-1,482,553,554,-1,482,554,483,-1,483,554,555,-1,483,555,484,-1,484,555,556,-1,484,556,485,-1,485,556,557,-1,485,557,486,-1,486,557,558,-1,486,558,487,-1,487,558,559,-1,487,559,488,-1,488,559,560,-1,488,560,489,-1,489,560,561,-1,489,561,490,-1,490,561,562,-1,490,562,491,-1,491,562,563,-1,491,563,492,-1,492,563,564,-1,492,564,493,-1,493,564,565,-1,493,565,494,-1,494,565,566,-1,494,566,495,-1,495,566,567,-1,495,567,424,-1,424,567,496,-1,
        ]
    }
}
Shape{
    appearance Appearance {
        material  Material 	{
            diffuseColor 0.9882352941176471 0.7372549019607844 0.5176470588235295
            specularColor 0.49411764705882355 0.3686274509803922 0.25882352941176473
            ambientIntensity 0.7873
            transparency 0.0
            shininess 0.5
        }
    }
    geometry IndexedFaceSet {
        ccw TRUE
        solid FALSE
        coord DEF co Coordinate {
            point [
                -0.6261 0.3209 0.2202, -0.6299 0.686 0.2197, -0.625 0.3227 0.2203, -0.625 0.6863 0.2203, -0.623 0.3251 0.2209, -0.6208 0.3272 0.2219, -0.6249 0.6863 0.2204, -0.6208 0.6868 0.2219, -0.6167 0.329 0.2245, -0.6177 0.3288 0.2237, -0.6193 0.3282 0.2227, -0.6137 0.689 0.2278, -0.6137 0.3283 0.2278, -0.6151 0.329 0.2261, -0.6207 0.6868 0.2219, -0.6167 0.6878 0.2245, -0.6159 0.3291 0.2253, -0.6166 0.6878 0.2246, -0.6116 0.6905 0.2316, -0.6115 0.3257 0.2316, -0.6124 0.3272 0.2297, -0.6136 0.6891 0.2279, -0.6108 0.3234 0.234, -0.6115 0.6905 0.2317, -0.6104 0.6922 0.2362, -0.6103 0.3157 0.2401, -0.6103 0.3209 0.2362, -0.6107 0.3232 0.2342, -0.6103 0.6922 0.2364, -0.6104 0.6936 0.2401, -0.6114 0.3084 0.2445, -0.6105 0.6939 0.2409, -0.6115 0.6953 0.2445, -0.6139 0.2999 0.248, -0.6117 0.6955 0.2452, -0.6136 0.6967 0.2484, -0.6158 0.2933 0.2507, -0.6165 0.2909 0.2517, -0.614 0.697 0.249, -0.6165 0.6979 0.2516, -0.6176 0.288 0.2523, -0.6171 0.6981 0.2522, -0.6198 0.6988 0.2539, -0.6198 0.2822 0.2535, -0.6237 0.2717 0.2557, -0.621 0.699 0.2546, -0.6237 0.6994 0.2556, -0.6275 0.2622 0.2561, -0.6249 0.6996 0.256, -0.6278 0.6997 0.2564, -0.6321 0.2508 0.2565, -0.629 0.6998 0.2566, -0.6321 0.6997 0.2565, -0.6328 0.6997 0.2564, -0.6365 0.2404 0.255, -0.6365 0.6994 0.2555, -0.6371 0.6993 0.2553, -0.6398 0.2329 0.254, -0.6406 0.6987 0.2536, -0.6406 0.231 0.2537, -0.6412 0.6986 0.2533, -0.6434 0.6979 0.2517, -0.6444 0.2235 0.2507, -0.6443 0.6976 0.2506, -0.6463 0.6967 0.2484, -0.6454 0.222 0.2496, -0.647 0.6963 0.2471, -0.6489 0.221 0.2432, -0.6486 0.2204 0.2441, -0.6484 0.6953 0.2445, -0.6483 0.2201 0.2449, -0.648 0.22 0.2455, -0.6476 0.22 0.2464, -0.6471 0.2202 0.2472, -0.6464 0.2208 0.2483, -0.6496 0.227 0.2385, -0.6494 0.2237 0.2406, -0.6495 0.6935 0.2399, -0.6487 0.6948 0.2432, -0.6492 0.2223 0.2418, -0.6495 0.693 0.2385, -0.6494 0.6925 0.2372, -0.6494 0.2302 0.2372, -0.6487 0.2409 0.2327, -0.6489 0.2374 0.2342, -0.649 0.2362 0.2347, -0.6494 0.6918 0.2353, -0.6486 0.6909 0.2328, -0.6464 0.2549 0.2291, -0.6481 0.6902 0.231, -0.6467 0.6894 0.2288, -0.644 0.2697 0.2253, -0.6458 0.6888 0.2272, -0.6439 0.6881 0.2254, -0.6403 0.2837 0.2231, -0.6427 0.6877 0.2241, -0.6403 0.6871 0.2226, -0.6368 0.297 0.221, -0.6365 0.2983 0.2208, -0.6364 0.6865 0.2209, -0.6349 0.6863 0.2203, -0.6326 0.3079 0.2202, -0.6388 0.6868 0.2217, -0.6328 0.3075 0.2202, -0.6299 0.3145 0.2197, -0.6324 0.6861 0.22, -0.6299 0.6959 0.0598, -0.6324 0.6958 0.0596, -0.6299 0.689 0.0413, -0.6167 0.6941 0.055, -0.6208 0.6951 0.0577, -0.625 0.6956 0.0592, -0.6103 0.6897 0.0433, -0.6115 0.6914 0.0479, -0.6137 0.6929 0.0518, -0.6135 0.6852 0.0311, -0.6114 0.6866 0.035, -0.6103 0.6882 0.0394, -0.6237 0.6824 0.0238, -0.6198 0.6831 0.0255, -0.6165 0.6839 0.0279, -0.6365 0.6825 0.024, -0.6321 0.6821 0.023, -0.6278 0.6821 0.023, -0.6471 0.6856 0.0323, -0.6444 0.6843 0.0288, -0.6406 0.6832 0.0258, -0.6496 0.6894 0.0424, -0.6496 0.6888 0.041, -0.6489 0.6871 0.0363, -0.644 0.6938 0.0542, -0.6468 0.6925 0.0508, -0.6487 0.691 0.0468, -0.6365 0.6955 0.0587, -0.6403 0.6948 0.057, -0.6324 0.7337 0.186, -0.6299 0.7335 0.186, -0.6299 0.731 0.1949, -0.6388 0.6964 0.222, -0.6427 0.6978 0.2242, -0.6458 0.6996 0.2269, -0.644 0.7391 0.1839, -0.6426 0.738 0.1843, -0.6427 0.7356 0.1943, -0.6481 0.7019 0.2303, -0.6468 0.7425 0.1827, -0.6457 0.7411 0.1832, -0.6458 0.7389 0.1938, -0.6487 0.7465 0.1812, -0.6479 0.7449 0.1818, -0.6481 0.7429 0.1933, -0.6495 0.707 0.2382, -0.6496 0.7509 0.1795, -0.6492 0.7491 0.1802, -0.6494 0.7475 0.1927, -0.6484 0.7098 0.2424, -0.6463 0.712 0.2458, -0.6471 0.761 0.1758, -0.6483 0.7583 0.1768, -0.6484 0.7572 0.1914, -0.6434 0.714 0.2487, -0.6444 0.7645 0.1745, -0.6462 0.7621 0.1754, -0.6463 0.7613 0.1908, -0.6371 0.7161 0.252, -0.6328 0.7168 0.253, -0.629 0.7169 0.2531, -0.6249 0.7165 0.2526, -0.6278 0.7703 0.1723, -0.629 0.7703 0.1723, -0.629 0.77 0.1897, -0.621 0.7157 0.2514, -0.6237 0.7695 0.1726, -0.625 0.7697 0.1725, -0.6249 0.7694 0.1898, -0.6171 0.7142 0.2492, -0.6198 0.7678 0.1732, -0.621 0.7683 0.173, -0.621 0.7679 0.19, -0.614 0.7124 0.2464, -0.6165 0.7654 0.1741, -0.6171 0.7659 0.1739, -0.6171 0.7653 0.1903, -0.6117 0.7102 0.243, -0.6135 0.7622 0.1753, -0.6141 0.7628 0.1751, -0.614 0.762 0.1907, -0.6105 0.7077 0.2391, -0.6114 0.7583 0.1768, -0.6118 0.759 0.1765, -0.6117 0.7579 0.1913, -0.6103 0.705 0.2351, -0.6103 0.7539 0.1784, -0.6105 0.7547 0.1781, -0.6105 0.7534 0.1919, -0.6115 0.7023 0.2309, -0.6136 0.7 0.2275, -0.6166 0.6981 0.2246, -0.6207 0.6965 0.2222, -0.6249 0.6956 0.2208, -0.6299 0.6952 0.2203, -0.6299 0.7043 0.2187, -0.6249 0.7048 0.2192, -0.6299 0.7129 0.2152, -0.6207 0.706 0.2203, -0.6249 0.7134 0.2155, -0.6299 0.7204 0.2098, -0.6166 0.7081 0.2223, -0.6207 0.7148 0.2164, -0.6249 0.721 0.21, -0.6299 0.7265 0.203, -0.6136 0.7106 0.2247, -0.6166 0.7173 0.2178, -0.6207 0.7226 0.2106, -0.6249 0.7272 0.203, -0.6115 0.7136 0.2276, -0.6136 0.7203 0.2196, -0.6166 0.7253 0.2114, -0.6207 0.7288 0.2032, -0.6249 0.7316 0.1948, -0.625 0.7341 0.1858, -0.6103 0.7171 0.231, -0.6115 0.7238 0.2218, -0.6136 0.7286 0.2125, -0.6166 0.7317 0.2034, -0.6207 0.7333 0.1946, -0.6208 0.7356 0.1852, -0.6105 0.7206 0.2344, -0.6103 0.7281 0.2243, -0.6115 0.7325 0.2138, -0.6136 0.7352 0.2037, -0.6166 0.7361 0.1942, -0.6167 0.7383 0.1842, -0.6117 0.724 0.2376, -0.6105 0.7322 0.2268, -0.6103 0.7372 0.2153, -0.6115 0.7392 0.2041, -0.6136 0.7396 0.1937, -0.6137 0.7415 0.183, -0.614 0.7269 0.2404, -0.6117 0.7362 0.2292, -0.6105 0.7418 0.2169, -0.6103 0.7442 0.2046, -0.6115 0.7436 0.1932, -0.6115 0.7454 0.1816, -0.6171 0.7293 0.2427, -0.614 0.7397 0.2313, -0.6117 0.7462 0.2183, -0.6105 0.749 0.205, -0.6103 0.7486 0.1925, -0.6103 0.75 0.1799, -0.621 0.7312 0.2445, -0.6171 0.7425 0.233, -0.614 0.7501 0.2196, -0.6117 0.7536 0.2054, -0.6249 0.7323 0.2455, -0.621 0.7448 0.2343, -0.6171 0.7533 0.2206, -0.614 0.7577 0.2058, -0.629 0.7327 0.246, -0.6249 0.7461 0.2351, -0.621 0.7557 0.2214, -0.6171 0.761 0.2061, -0.6328 0.7326 0.2458, -0.629 0.7466 0.2354, -0.6249 0.7572 0.2219, -0.621 0.7636 0.2064, -0.6412 0.7149 0.2502, -0.6371 0.7317 0.245, -0.6328 0.7464 0.2353, -0.629 0.7578 0.2221, -0.6249 0.7651 0.2065, -0.6412 0.7302 0.2435, -0.6371 0.7454 0.2347, -0.6328 0.7576 0.222, -0.629 0.7657 0.2066, -0.6434 0.7289 0.2423, -0.6412 0.7436 0.2336, -0.6371 0.7565 0.2216, -0.6328 0.7655 0.2065, -0.6463 0.7264 0.2399, -0.6434 0.7421 0.2327, -0.6412 0.7544 0.221, -0.6371 0.7644 0.2064, -0.6328 0.7698 0.1897, -0.6321 0.7703 0.1723, -0.6484 0.7234 0.237, -0.6463 0.7391 0.2309, -0.6434 0.7528 0.2204, -0.6412 0.7622 0.2062, -0.6371 0.7686 0.1899, -0.6365 0.7693 0.1726, -0.6489 0.757 0.1773, -0.6494 0.7536 0.1785, -0.6495 0.7523 0.192, -0.6496 0.7523 0.179, -0.6494 0.7044 0.2342, -0.6495 0.7198 0.2336, -0.6484 0.7355 0.2288, -0.6463 0.7494 0.2193, -0.6434 0.7605 0.2061, -0.6412 0.7665 0.1901, -0.6406 0.7675 0.1734, -0.6494 0.7163 0.2302, -0.6495 0.7313 0.2262, -0.6484 0.7455 0.2181, -0.6463 0.757 0.2058, -0.6434 0.7648 0.1904, -0.6433 0.7654 0.1741, -0.6481 0.713 0.227, -0.6494 0.7271 0.2237, -0.6495 0.7408 0.2165, -0.6484 0.7529 0.2054, -0.6458 0.7101 0.2242, -0.6481 0.7232 0.2214, -0.6494 0.7362 0.215, -0.6495 0.7479 0.2049, -0.6427 0.7077 0.222, -0.6458 0.7197 0.2193, -0.6481 0.7318 0.2136, -0.6494 0.7431 0.2045, -0.6388 0.7331 0.1946, -0.6349 0.7316 0.1948, -0.6349 0.7271 0.203, -0.6403 0.7363 0.185, -0.6388 0.7286 0.2032, -0.6349 0.721 0.21, -0.6427 0.7312 0.2034, -0.6388 0.7224 0.2105, -0.6349 0.7134 0.2155, -0.6458 0.7345 0.2037, -0.6427 0.7248 0.2113, -0.6388 0.7147 0.2163, -0.6349 0.7048 0.2191, -0.6481 0.7385 0.2041, -0.6458 0.728 0.2123, -0.6427 0.7169 0.2176, -0.6388 0.7059 0.2202, -0.6349 0.6956 0.2208, -0.6388 0.7356 0.1852, -0.6365 0.7346 0.1856, -0.6348 0.7342 0.1858, -0.625 0.7341 0.1071, -0.6249 0.7341 0.107, -0.6208 0.7357 0.1065, -0.6207 0.7357 0.1065, -0.6167 0.7383 0.1055, -0.6166 0.7384 0.1055, -0.6137 0.7416 0.1043, -0.6136 0.7417 0.1042, -0.6116 0.7454 0.1029, -0.6115 0.7455 0.1028, -0.6104 0.75 0.1011, -0.6103 0.7501 0.1011, -0.6104 0.7539 0.0997, -0.6105 0.7547 0.0994, -0.6115 0.7583 0.098, -0.6117 0.759 0.0978, -0.6136 0.7622 0.0966, -0.614 0.7628 0.0963, -0.6165 0.7654 0.0954, -0.6171 0.7659 0.0952, -0.6198 0.7677 0.0945, -0.621 0.7684 0.0943, -0.6237 0.7694 0.0939, -0.6249 0.7698 0.0937, -0.6278 0.7702 0.0936, -0.629 0.7704 0.0935, -0.6321 0.7703 0.0936, -0.6328 0.7702 0.0936, -0.6406 0.7674 0.0946, -0.6371 0.7691 0.094, -0.6365 0.7693 0.0939, -0.6412 0.7671 0.0947, -0.6434 0.7655 0.0954, -0.6443 0.7644 0.0958, -0.6463 0.7622 0.0966, -0.647 0.7609 0.0971, -0.6484 0.7583 0.098, -0.6487 0.757 0.0985, -0.6495 0.7537 0.0998, -0.6495 0.7523 0.1003, -0.6494 0.7509 0.1008, -0.6494 0.7491 0.1015, -0.6486 0.7466 0.1024, -0.6481 0.7448 0.1031, -0.6467 0.7426 0.1039, -0.6458 0.741 0.1045, -0.6439 0.7392 0.1052, -0.6427 0.7379 0.1056, -0.6403 0.7364 0.1062, -0.6388 0.7355 0.1065, -0.6364 0.7347 0.1068, -0.6349 0.7341 0.1071, -0.6324 0.7338 0.1072, -0.6299 0.7335 0.1073, -0.6324 0.6997 0.0596, -0.6299 0.6998 0.0598, -0.6299 0.7087 0.0623, -0.6388 0.7358 0.0969, -0.6427 0.738 0.0955, -0.6458 0.7407 0.0937, -0.644 0.6977 0.0542, -0.6426 0.6981 0.0553, -0.6427 0.708 0.0577, -0.6481 0.7441 0.0915, -0.6468 0.6964 0.0508, -0.6457 0.697 0.0522, -0.6458 0.7076 0.0544, -0.6487 0.6949 0.0468, -0.6479 0.6956 0.0485, -0.6481 0.7071 0.0504, -0.6495 0.752 0.0863, -0.6496 0.6933 0.0424, -0.6492 0.694 0.0442, -0.6494 0.7065 0.0458, -0.6484 0.7561 0.0835, -0.6463 0.7596 0.0813, -0.6471 0.6896 0.0323, -0.6483 0.6906 0.035, -0.6484 0.7052 0.0361, -0.6434 0.7625 0.0793, -0.6444 0.6882 0.0288, -0.6462 0.6891 0.0312, -0.6463 0.7046 0.032, -0.6371 0.7658 0.0772, -0.6328 0.7668 0.0766, -0.629 0.7669 0.0765, -0.6249 0.7664 0.0768, -0.6278 0.6861 0.023, -0.629 0.6861 0.023, -0.629 0.7035 0.0233, -0.621 0.7651 0.0776, -0.6237 0.6864 0.0238, -0.625 0.6863 0.0236, -0.6249 0.7035 0.0239, -0.6171 0.7629 0.0791, -0.6198 0.687 0.0255, -0.621 0.6868 0.025, -0.621 0.7037 0.0254, -0.614 0.7602 0.0809, -0.6165 0.6879 0.0279, -0.6171 0.6877 0.0274, -0.6171 0.7041 0.028, -0.6117 0.7568 0.0831, -0.6135 0.6891 0.0311, -0.6141 0.6889 0.0305, -0.614 0.7045 0.0313, -0.6105 0.7529 0.0857, -0.6114 0.6906 0.035, -0.6118 0.6903 0.0343, -0.6117 0.7051 0.0354, -0.6103 0.7489 0.0883, -0.6103 0.6922 0.0394, -0.6105 0.6919 0.0386, -0.6105 0.7057 0.0399, -0.6115 0.7447 0.091, -0.6136 0.7413 0.0933, -0.6166 0.7384 0.0952, -0.6207 0.736 0.0968, -0.6249 0.7346 0.0977, -0.6299 0.734 0.0981, -0.6299 0.7325 0.089, -0.6249 0.7329 0.0885, -0.6299 0.729 0.0805, -0.6207 0.7341 0.0873, -0.6249 0.7293 0.0799, -0.6299 0.7236 0.0729, -0.6166 0.7361 0.0852, -0.6207 0.7301 0.0785, -0.6249 0.7238 0.0723, -0.6299 0.7167 0.0668, -0.6136 0.7385 0.0827, -0.6166 0.7316 0.076, -0.6207 0.7243 0.0707, -0.6249 0.7168 0.0661, -0.6115 0.7413 0.0798, -0.6136 0.7334 0.073, -0.6166 0.7252 0.068, -0.6207 0.7169 0.0645, -0.6249 0.7086 0.0617, -0.625 0.6996 0.0592, -0.6103 0.7448 0.0762, -0.6115 0.7355 0.0695, -0.6136 0.7263 0.0647, -0.6166 0.7172 0.0616, -0.6207 0.7084 0.06, -0.6208 0.699 0.0577, -0.6105 0.7481 0.0727, -0.6103 0.7381 0.0652, -0.6115 0.7276 0.0608, -0.6136 0.7175 0.0581, -0.6166 0.708 0.0572, -0.6167 0.698 0.055, -0.6117 0.7513 0.0693, -0.6105 0.7406 0.0611, -0.6103 0.7291 0.0561, -0.6115 0.7179 0.0541, -0.6136 0.7075 0.0537, -0.6137 0.6968 0.0518, -0.614 0.7541 0.0664, -0.6117 0.743 0.0571, -0.6105 0.7306 0.0515, -0.6103 0.7184 0.0491, -0.6115 0.707 0.0497, -0.6115 0.6954 0.0479, -0.6171 0.7564 0.064, -0.614 0.745 0.0536, -0.6117 0.7321 0.0471, -0.6105 0.7188 0.0443, -0.6103 0.7063 0.0447, -0.6103 0.6936 0.0433, -0.621 0.7583 0.0621, -0.6171 0.7468 0.0508, -0.614 0.7333 0.0432, -0.6117 0.7192 0.0397, -0.6249 0.7593 0.061, -0.621 0.7481 0.0485, -0.6171 0.7344 0.0401, -0.614 0.7196 0.0357, -0.629 0.7597 0.0606, -0.6249 0.7489 0.0472, -0.621 0.7352 0.0376, -0.6171 0.7199 0.0323, -0.6328 0.7596 0.0607, -0.629 0.7492 0.0467, -0.6249 0.7357 0.0361, -0.621 0.7201 0.0297, -0.6412 0.764 0.0784, -0.6371 0.7588 0.0616, -0.6328 0.7491 0.0469, -0.629 0.7358 0.0355, -0.6249 0.7203 0.0282, -0.6412 0.7573 0.0631, -0.6371 0.7485 0.0479, -0.6328 0.7358 0.0357, -0.629 0.7203 0.0276, -0.6434 0.7561 0.0644, -0.6412 0.7474 0.0497, -0.6371 0.7354 0.0368, -0.6328 0.7203 0.0278, -0.6463 0.7537 0.0669, -0.6434 0.7465 0.0512, -0.6412 0.7348 0.0389, -0.6371 0.7202 0.0289, -0.6328 0.7035 0.0235, -0.6321 0.6861 0.023, -0.6484 0.7508 0.0699, -0.6463 0.7447 0.0542, -0.6434 0.7342 0.0405, -0.6412 0.72 0.0311, -0.6371 0.7036 0.0247, -0.6365 0.6864 0.024, -0.6489 0.691 0.0363, -0.6494 0.6923 0.0397, -0.6495 0.7058 0.041, -0.6496 0.6928 0.041, -0.6494 0.7479 0.0889, -0.6495 0.7474 0.0735, -0.6484 0.7426 0.0578, -0.6463 0.7331 0.0439, -0.6434 0.7199 0.0329, -0.6412 0.7039 0.0268, -0.6406 0.6871 0.0258, -0.6494 0.744 0.077, -0.6495 0.74 0.062, -0.6484 0.7318 0.0478, -0.6463 0.7195 0.0364, -0.6434 0.7041 0.0286, -0.6433 0.6879 0.0279, -0.6481 0.7408 0.0803, -0.6494 0.7375 0.0662, -0.6495 0.7303 0.0525, -0.6484 0.7192 0.0405, -0.6458 0.738 0.0832, -0.6481 0.7351 0.0701, -0.6494 0.7288 0.0571, -0.6495 0.7187 0.0454, -0.6427 0.7357 0.0856, -0.6458 0.7331 0.0736, -0.6481 0.7274 0.0615, -0.6494 0.7183 0.0502, -0.6388 0.7084 0.0602, -0.6349 0.7086 0.0617, -0.6349 0.7168 0.0662, -0.6403 0.6988 0.057, -0.6388 0.7169 0.0647, -0.6349 0.7238 0.0723, -0.6427 0.7172 0.0621, -0.6388 0.7243 0.0709, -0.6349 0.7293 0.0799, -0.6458 0.7175 0.0588, -0.6427 0.7251 0.0685, -0.6388 0.7301 0.0786, -0.6349 0.7329 0.0885, -0.6481 0.7178 0.0548, -0.6458 0.7261 0.0653, -0.6427 0.7314 0.0764, -0.6388 0.734 0.0874, -0.6349 0.7346 0.0977, -0.6388 0.699 0.0577, -0.6365 0.6994 0.0587, -0.6348 0.6995 0.0591, 0.6274 0.3191 0.2199, 0.6275 0.6861 0.22, 0.6299 0.686 0.2197, 0.6119 0.3264 0.2308, 0.6111 0.3247 0.2327, 0.6112 0.6909 0.2328, 0.635 0.6863 0.2204, 0.6391 0.6868 0.2219, 0.6391 0.2878 0.2225, 0.6392 0.6868 0.2219, 0.6431 0.2738 0.2245, 0.6431 0.6878 0.2245, 0.6432 0.6878 0.2246, 0.6458 0.2585 0.2282, 0.6462 0.689 0.2278, 0.6462 0.6891 0.2279, 0.6483 0.2445 0.2316, 0.6483 0.6905 0.2316, 0.649 0.2373 0.2342, 0.6491 0.2362 0.2346, 0.6484 0.6905 0.2317, 0.6495 0.2316 0.2362, 0.6495 0.6922 0.2362, 0.6495 0.2244 0.2401, 0.6495 0.6922 0.2364, 0.6494 0.6936 0.2401, 0.6493 0.2225 0.2416, 0.6494 0.6939 0.2409, 0.6476 0.22 0.2463, 0.648 0.22 0.2454, 0.6483 0.6953 0.2445, 0.6484 0.2203 0.2445, 0.6489 0.221 0.2432, 0.6434 0.2254 0.2517, 0.6444 0.2236 0.2507, 0.6462 0.6967 0.2484, 0.6448 0.2229 0.2503, 0.6455 0.2218 0.2494, 0.6463 0.2209 0.2484, 0.6481 0.6955 0.2452, 0.6469 0.2204 0.2476, 0.6473 0.2201 0.2468, 0.6458 0.697 0.249, 0.6433 0.6979 0.2516, 0.6401 0.2321 0.254, 0.6428 0.6981 0.2522, 0.64 0.6988 0.2539, 0.6397 0.2328 0.2541, 0.6362 0.2412 0.2552, 0.6389 0.699 0.2546, 0.6361 0.6994 0.2556, 0.6321 0.2508 0.2565, 0.6349 0.6996 0.256, 0.6321 0.6997 0.2564, 0.6275 0.2623 0.256, 0.6308 0.6998 0.2566, 0.6278 0.6997 0.2565, 0.6271 0.6997 0.2564, 0.6233 0.2726 0.2556, 0.6234 0.6994 0.2555, 0.6227 0.6993 0.2553, 0.6193 0.2836 0.2531, 0.6193 0.6987 0.2536, 0.6177 0.288 0.2521, 0.6187 0.6986 0.2533, 0.6165 0.6979 0.2517, 0.6154 0.294 0.2507, 0.6155 0.6976 0.2506, 0.6135 0.6967 0.2484, 0.6131 0.3027 0.2468, 0.6128 0.6963 0.2471, 0.6114 0.6953 0.2445, 0.611 0.3108 0.2432, 0.6111 0.6948 0.2432, 0.6103 0.6935 0.2399, 0.6104 0.3178 0.2385, 0.6104 0.693 0.2385, 0.6104 0.6925 0.2372, 0.6103 0.3198 0.2372, 0.6105 0.6918 0.2353, 0.6108 0.3231 0.2342, 0.613 0.3278 0.2287, 0.6118 0.6902 0.231, 0.6131 0.6894 0.2288, 0.6158 0.3291 0.2253, 0.615 0.3289 0.2261, 0.6139 0.3285 0.2274, 0.6172 0.329 0.2241, 0.6196 0.6871 0.2226, 0.6186 0.3285 0.2231, 0.6195 0.328 0.2225, 0.6141 0.6888 0.2272, 0.6159 0.6881 0.2254, 0.6172 0.6877 0.2241, 0.6234 0.6865 0.2209, 0.6234 0.3247 0.2208, 0.6215 0.3266 0.2215, 0.621 0.6868 0.2217, 0.625 0.6863 0.2203, 0.626 0.321 0.2202, 0.6366 0.2969 0.2212, 0.6348 0.3029 0.2203, 0.6348 0.6863 0.2203, 0.6337 0.3055 0.2202, 0.6299 0.3145 0.2197, 0.6299 0.6959 0.0598, 0.6274 0.6958 0.0596, 0.6299 0.689 0.0413, 0.6431 0.6941 0.055, 0.6391 0.6951 0.0577, 0.6348 0.6956 0.0592, 0.6495 0.6897 0.0433, 0.6483 0.6914 0.0479, 0.6462 0.6929 0.0518, 0.6463 0.6852 0.0311, 0.6484 0.6866 0.035, 0.6495 0.6882 0.0394, 0.6362 0.6824 0.0238, 0.6401 0.6831 0.0255, 0.6434 0.6839 0.0279, 0.6233 0.6825 0.024, 0.6278 0.6821 0.023, 0.6321 0.6821 0.023, 0.6127 0.6856 0.0323, 0.6154 0.6843 0.0288, 0.6192 0.6832 0.0258, 0.6103 0.6894 0.0424, 0.6102 0.6888 0.041, 0.611 0.6871 0.0363, 0.6158 0.6938 0.0542, 0.613 0.6925 0.0508, 0.6111 0.691 0.0468, 0.6234 0.6955 0.0587, 0.6195 0.6948 0.057, 0.6274 0.7337 0.186, 0.6299 0.7335 0.186, 0.6299 0.731 0.1949, 0.621 0.6964 0.222, 0.6172 0.6978 0.2242, 0.6141 0.6996 0.2269, 0.6158 0.7391 0.1839, 0.6172 0.738 0.1843, 0.6172 0.7356 0.1943, 0.6118 0.7019 0.2303, 0.613 0.7425 0.1827, 0.6142 0.7411 0.1832, 0.6141 0.7389 0.1938, 0.6111 0.7465 0.1812, 0.6119 0.7449 0.1818, 0.6118 0.7429 0.1933, 0.6103 0.707 0.2382, 0.6103 0.7509 0.1795, 0.6106 0.7491 0.1802, 0.6105 0.7475 0.1927, 0.6114 0.7098 0.2424, 0.6135 0.712 0.2458, 0.6127 0.761 0.1758, 0.6115 0.7583 0.1768, 0.6114 0.7572 0.1914, 0.6165 0.714 0.2487, 0.6154 0.7645 0.1745, 0.6136 0.7621 0.1754, 0.6135 0.7613 0.1908, 0.6227 0.7161 0.252, 0.6271 0.7168 0.253, 0.6308 0.7169 0.2531, 0.6349 0.7165 0.2526, 0.6321 0.7703 0.1723, 0.6308 0.7703 0.1723, 0.6308 0.77 0.1897, 0.6389 0.7157 0.2514, 0.6362 0.7695 0.1726, 0.6349 0.7697 0.1725, 0.6349 0.7694 0.1898, 0.6428 0.7142 0.2492, 0.6401 0.7678 0.1732, 0.6388 0.7683 0.173, 0.6389 0.7679 0.19, 0.6458 0.7124 0.2464, 0.6434 0.7654 0.1741, 0.6427 0.7659 0.1739, 0.6428 0.7653 0.1903, 0.6481 0.7102 0.243, 0.6463 0.7622 0.1753, 0.6458 0.7628 0.1751, 0.6458 0.762 0.1907, 0.6494 0.7077 0.2391, 0.6484 0.7583 0.1768, 0.648 0.759 0.1765, 0.6481 0.7579 0.1913, 0.6495 0.705 0.2351, 0.6495 0.7539 0.1784, 0.6493 0.7547 0.1781, 0.6494 0.7534 0.1919, 0.6484 0.7023 0.2309, 0.6462 0.7 0.2275, 0.6432 0.6981 0.2246, 0.6392 0.6965 0.2222, 0.635 0.6956 0.2208, 0.6299 0.6952 0.2203, 0.6299 0.7043 0.2187, 0.635 0.7048 0.2192, 0.6299 0.7129 0.2152, 0.6392 0.706 0.2203, 0.635 0.7134 0.2155, 0.6299 0.7204 0.2098, 0.6432 0.7081 0.2223, 0.6392 0.7148 0.2164, 0.635 0.721 0.21, 0.6299 0.7265 0.203, 0.6462 0.7106 0.2247, 0.6432 0.7173 0.2178, 0.6392 0.7226 0.2106, 0.635 0.7272 0.203, 0.6484 0.7136 0.2276, 0.6462 0.7203 0.2196, 0.6432 0.7253 0.2114, 0.6392 0.7288 0.2032, 0.635 0.7316 0.1948, 0.6348 0.7341 0.1858, 0.6495 0.7171 0.231, 0.6484 0.7238 0.2218, 0.6462 0.7286 0.2125, 0.6432 0.7317 0.2034, 0.6392 0.7333 0.1946, 0.6391 0.7356 0.1852, 0.6494 0.7206 0.2344, 0.6495 0.7281 0.2243, 0.6484 0.7325 0.2138, 0.6462 0.7352 0.2037, 0.6432 0.7361 0.1942, 0.6431 0.7383 0.1842, 0.6481 0.724 0.2376, 0.6494 0.7322 0.2268, 0.6495 0.7372 0.2153, 0.6484 0.7392 0.2041, 0.6462 0.7396 0.1937, 0.6462 0.7415 0.183, 0.6458 0.7269 0.2404, 0.6481 0.7362 0.2292, 0.6494 0.7418 0.2169, 0.6495 0.7442 0.2046, 0.6484 0.7436 0.1932, 0.6483 0.7454 0.1816, 0.6428 0.7293 0.2427, 0.6458 0.7397 0.2313, 0.6481 0.7462 0.2183, 0.6494 0.749 0.205, 0.6495 0.7486 0.1925, 0.6495 0.75 0.1799, 0.6389 0.7312 0.2445, 0.6428 0.7425 0.233, 0.6458 0.7501 0.2196, 0.6481 0.7536 0.2054, 0.6349 0.7323 0.2455, 0.6389 0.7448 0.2343, 0.6428 0.7533 0.2206, 0.6458 0.7577 0.2058, 0.6308 0.7327 0.246, 0.6349 0.7461 0.2351, 0.6389 0.7557 0.2214, 0.6428 0.761 0.2061, 0.6271 0.7326 0.2458, 0.6308 0.7466 0.2354, 0.6349 0.7572 0.2219, 0.6389 0.7636 0.2064, 0.6187 0.7149 0.2502, 0.6227 0.7317 0.245, 0.6271 0.7464 0.2353, 0.6308 0.7578 0.2221, 0.6349 0.7651 0.2065, 0.6187 0.7302 0.2435, 0.6227 0.7454 0.2347, 0.6271 0.7576 0.222, 0.6308 0.7657 0.2066, 0.6165 0.7289 0.2423, 0.6187 0.7436 0.2336, 0.6227 0.7565 0.2216, 0.6271 0.7655 0.2065, 0.6135 0.7264 0.2399, 0.6165 0.7421 0.2327, 0.6187 0.7544 0.221, 0.6227 0.7644 0.2064, 0.6271 0.7698 0.1897, 0.6278 0.7703 0.1723, 0.6114 0.7234 0.237, 0.6135 0.7391 0.2309, 0.6165 0.7528 0.2204, 0.6187 0.7622 0.2062, 0.6227 0.7686 0.1899, 0.6233 0.7693 0.1726, 0.611 0.757 0.1773, 0.6104 0.7536 0.1785, 0.6103 0.7523 0.192, 0.6102 0.7523 0.179, 0.6105 0.7044 0.2342, 0.6103 0.7198 0.2336, 0.6114 0.7355 0.2288, 0.6135 0.7494 0.2193, 0.6165 0.7605 0.2061, 0.6187 0.7665 0.1901, 0.6192 0.7675 0.1734, 0.6105 0.7163 0.2302, 0.6103 0.7313 0.2262, 0.6114 0.7455 0.2181, 0.6135 0.757 0.2058, 0.6165 0.7648 0.1904, 0.6166 0.7654 0.1741, 0.6118 0.713 0.227, 0.6105 0.7271 0.2237, 0.6103 0.7408 0.2165, 0.6114 0.7529 0.2054, 0.6141 0.7101 0.2242, 0.6118 0.7232 0.2214, 0.6105 0.7362 0.215, 0.6103 0.7479 0.2049, 0.6172 0.7077 0.222, 0.6141 0.7197 0.2193, 0.6118 0.7318 0.2136, 0.6105 0.7431 0.2045, 0.621 0.7331 0.1946, 0.625 0.7316 0.1948, 0.625 0.7271 0.203, 0.6195 0.7363 0.185, 0.621 0.7286 0.2032, 0.625 0.721 0.21, 0.6172 0.7312 0.2034, 0.621 0.7224 0.2105, 0.625 0.7134 0.2155, 0.6141 0.7345 0.2037, 0.6172 0.7248 0.2113, 0.621 0.7147 0.2163, 0.625 0.7048 0.2191, 0.6118 0.7385 0.2041, 0.6141 0.728 0.2123, 0.6172 0.7169 0.2176, 0.621 0.7059 0.2202, 0.625 0.6956 0.2208, 0.6211 0.7356 0.1852, 0.6234 0.7346 0.1856, 0.625 0.7342 0.1858, 0.6348 0.7341 0.1071, 0.635 0.7341 0.107, 0.6391 0.7357 0.1065, 0.6392 0.7357 0.1065, 0.6431 0.7383 0.1055, 0.6432 0.7384 0.1055, 0.6462 0.7416 0.1043, 0.6462 0.7417 0.1042, 0.6483 0.7454 0.1029, 0.6484 0.7455 0.1028, 0.6495 0.75 0.1011, 0.6495 0.7501 0.1011, 0.6494 0.7539 0.0997, 0.6494 0.7547 0.0994, 0.6483 0.7583 0.098, 0.6481 0.759 0.0978, 0.6462 0.7622 0.0966, 0.6458 0.7628 0.0963, 0.6433 0.7654 0.0954, 0.6428 0.7659 0.0952, 0.64 0.7677 0.0945, 0.6389 0.7684 0.0943, 0.6361 0.7694 0.0939, 0.6349 0.7698 0.0937, 0.6321 0.7702 0.0936, 0.6308 0.7704 0.0935, 0.6278 0.7703 0.0936, 0.6271 0.7702 0.0936, 0.6193 0.7674 0.0946, 0.6227 0.7691 0.094, 0.6234 0.7693 0.0939, 0.6187 0.7671 0.0947, 0.6165 0.7655 0.0954, 0.6155 0.7644 0.0958, 0.6135 0.7622 0.0966, 0.6128 0.7609 0.0971, 0.6114 0.7583 0.098, 0.6111 0.757 0.0985, 0.6103 0.7537 0.0998, 0.6104 0.7523 0.1003, 0.6104 0.7509 0.1008, 0.6105 0.7491 0.1015, 0.6112 0.7466 0.1024, 0.6118 0.7448 0.1031, 0.6131 0.7426 0.1039, 0.6141 0.741 0.1045, 0.6159 0.7392 0.1052, 0.6172 0.7379 0.1056, 0.6196 0.7364 0.1062, 0.621 0.7355 0.1065, 0.6234 0.7347 0.1068, 0.625 0.7341 0.1071, 0.6275 0.7338 0.1072, 0.6299 0.7335 0.1073, 0.6274 0.6997 0.0596, 0.6299 0.6998 0.0598, 0.6299 0.7087 0.0623, 0.621 0.7358 0.0969, 0.6172 0.738 0.0955, 0.6141 0.7407 0.0937, 0.6158 0.6977 0.0542, 0.6172 0.6981 0.0553, 0.6172 0.708 0.0577, 0.6118 0.7441 0.0915, 0.613 0.6964 0.0508, 0.6142 0.697 0.0522, 0.6141 0.7076 0.0544, 0.6111 0.6949 0.0468, 0.6119 0.6956 0.0485, 0.6118 0.7071 0.0504, 0.6103 0.752 0.0863, 0.6103 0.6933 0.0424, 0.6106 0.694 0.0442, 0.6105 0.7065 0.0458, 0.6114 0.7561 0.0835, 0.6135 0.7596 0.0813, 0.6127 0.6896 0.0323, 0.6115 0.6906 0.035, 0.6114 0.7052 0.0361, 0.6165 0.7625 0.0793, 0.6154 0.6882 0.0288, 0.6136 0.6891 0.0312, 0.6135 0.7046 0.032, 0.6227 0.7658 0.0772, 0.6271 0.7668 0.0766, 0.6308 0.7669 0.0765, 0.6349 0.7664 0.0768, 0.6321 0.6861 0.023, 0.6308 0.6861 0.023, 0.6308 0.7035 0.0233, 0.6389 0.7651 0.0776, 0.6362 0.6864 0.0238, 0.6349 0.6863 0.0236, 0.6349 0.7035 0.0239, 0.6428 0.7629 0.0791, 0.6401 0.687 0.0255, 0.6388 0.6868 0.025, 0.6389 0.7037 0.0254, 0.6458 0.7602 0.0809, 0.6434 0.6879 0.0279, 0.6427 0.6877 0.0274, 0.6428 0.7041 0.028, 0.6481 0.7568 0.0831, 0.6463 0.6891 0.0311, 0.6458 0.6889 0.0305, 0.6458 0.7045 0.0313, 0.6494 0.7529 0.0857, 0.6484 0.6906 0.035, 0.648 0.6903 0.0343, 0.6481 0.7051 0.0354, 0.6495 0.7489 0.0883, 0.6495 0.6922 0.0394, 0.6493 0.6919 0.0386, 0.6494 0.7057 0.0399, 0.6484 0.7447 0.091, 0.6462 0.7413 0.0933, 0.6432 0.7384 0.0952, 0.6392 0.736 0.0968, 0.635 0.7346 0.0977, 0.6299 0.734 0.0981, 0.6299 0.7325 0.089, 0.635 0.7329 0.0885, 0.6299 0.729 0.0805, 0.6392 0.7341 0.0873, 0.635 0.7293 0.0799, 0.6299 0.7236 0.0729, 0.6432 0.7361 0.0852, 0.6392 0.7301 0.0785, 0.635 0.7238 0.0723, 0.6299 0.7167 0.0668, 0.6462 0.7385 0.0827, 0.6432 0.7316 0.076, 0.6392 0.7243 0.0707, 0.635 0.7168 0.0661, 0.6484 0.7413 0.0798, 0.6462 0.7334 0.073, 0.6432 0.7252 0.068, 0.6392 0.7169 0.0645, 0.635 0.7086 0.0617, 0.6348 0.6996 0.0592, 0.6495 0.7448 0.0762, 0.6484 0.7355 0.0695, 0.6462 0.7263 0.0647, 0.6432 0.7172 0.0616, 0.6392 0.7084 0.06, 0.6391 0.699 0.0577, 0.6494 0.7481 0.0727, 0.6495 0.7381 0.0652, 0.6484 0.7276 0.0608, 0.6462 0.7175 0.0581, 0.6432 0.708 0.0572, 0.6431 0.698 0.055, 0.6481 0.7513 0.0693, 0.6494 0.7406 0.0611, 0.6495 0.7291 0.0561, 0.6484 0.7179 0.0541, 0.6462 0.7075 0.0537, 0.6462 0.6968 0.0518, 0.6458 0.7541 0.0664, 0.6481 0.743 0.0571, 0.6494 0.7306 0.0515, 0.6495 0.7184 0.0491, 0.6484 0.707 0.0497, 0.6483 0.6954 0.0479, 0.6428 0.7564 0.064, 0.6458 0.745 0.0536, 0.6481 0.7321 0.0471, 0.6494 0.7188 0.0443, 0.6495 0.7063 0.0447, 0.6495 0.6936 0.0433, 0.6389 0.7583 0.0621, 0.6428 0.7468 0.0508, 0.6458 0.7333 0.0432, 0.6481 0.7192 0.0397, 0.6349 0.7593 0.061, 0.6389 0.7481 0.0485, 0.6428 0.7344 0.0401, 0.6458 0.7196 0.0357, 0.6308 0.7597 0.0606, 0.6349 0.7489 0.0472, 0.6389 0.7352 0.0376, 0.6428 0.7199 0.0323, 0.6271 0.7596 0.0607, 0.6308 0.7492 0.0467, 0.6349 0.7357 0.0361, 0.6389 0.7201 0.0297, 0.6187 0.764 0.0784, 0.6227 0.7588 0.0616, 0.6271 0.7491 0.0469, 0.6308 0.7358 0.0355, 0.6349 0.7203 0.0282, 0.6187 0.7573 0.0631, 0.6227 0.7485 0.0479, 0.6271 0.7358 0.0357, 0.6308 0.7203 0.0276, 0.6165 0.7561 0.0644, 0.6187 0.7474 0.0497, 0.6227 0.7354 0.0368, 0.6271 0.7203 0.0278, 0.6135 0.7537 0.0669, 0.6165 0.7465 0.0512, 0.6187 0.7348 0.0389, 0.6227 0.7202 0.0289, 0.6271 0.7035 0.0235, 0.6278 0.6861 0.023, 0.6114 0.7508 0.0699, 0.6135 0.7447 0.0542, 0.6165 0.7342 0.0405, 0.6187 0.72 0.0311, 0.6227 0.7036 0.0247, 0.6233 0.6864 0.024, 0.611 0.691 0.0363, 0.6104 0.6923 0.0397, 0.6103 0.7058 0.041, 0.6102 0.6928 0.041, 0.6105 0.7479 0.0889, 0.6103 0.7474 0.0735, 0.6114 0.7426 0.0578, 0.6135 0.7331 0.0439, 0.6165 0.7199 0.0329, 0.6187 0.7039 0.0268, 0.6192 0.6871 0.0258, 0.6105 0.744 0.077, 0.6103 0.74 0.062, 0.6114 0.7318 0.0478, 0.6135 0.7195 0.0364, 0.6165 0.7041 0.0286, 0.6166 0.6879 0.0279, 0.6118 0.7408 0.0803, 0.6105 0.7375 0.0662, 0.6103 0.7303 0.0525, 0.6114 0.7192 0.0405, 0.6141 0.738 0.0832, 0.6118 0.7351 0.0701, 0.6105 0.7288 0.0571, 0.6103 0.7187 0.0454, 0.6172 0.7357 0.0856, 0.6141 0.7331 0.0736, 0.6118 0.7274 0.0615, 0.6105 0.7183 0.0502, 0.621 0.7084 0.0602, 0.625 0.7086 0.0617, 0.625 0.7168 0.0662, 0.6195 0.6988 0.057, 0.621 0.7169 0.0647, 0.625 0.7238 0.0723, 0.6172 0.7172 0.0621, 0.621 0.7243 0.0709, 0.625 0.7293 0.0799, 0.6141 0.7175 0.0588, 0.6172 0.7251 0.0685, 0.621 0.7301 0.0786, 0.625 0.7329 0.0885, 0.6118 0.7178 0.0548, 0.6141 0.7261 0.0653, 0.6172 0.7314 0.0764, 0.621 0.734 0.0874, 0.625 0.7346 0.0977, 0.6211 0.699 0.0577, 0.6234 0.6994 0.0587, 0.625 0.6995 0.0591
            ]
        }
        coordIndex [
            0,1,2,-1,2,1,3,-1,2,3,4,-1,4,3,5,-1,5,3,6,-1,5,6,7,-1,8,9,7,-1,7,9,10,-1,7,10,5,-1,11,12,13,-1,7,14,8,-1,8,14,15,-1,8,15,16,-1,16,15,13,-1,13,15,17,-1,13,17,11,-1,18,19,20,-1,12,11,20,-1,20,11,21,-1,20,21,18,-1,19,18,22,-1,22,18,23,-1,22,23,24,-1,25,26,24,-1,24,26,27,-1,24,27,22,-1,24,28,25,-1,25,28,29,-1,25,29,30,-1,29,31,30,-1,30,31,32,-1,30,32,33,-1,32,34,33,-1,33,34,35,-1,33,35,36,-1,36,35,37,-1,35,38,37,-1,37,38,39,-1,37,39,40,-1,39,41,40,-1,40,41,42,-1,40,42,43,-1,43,42,44,-1,42,45,44,-1,44,45,46,-1,44,46,47,-1,46,48,47,-1,47,48,49,-1,47,49,50,-1,50,49,51,-1,51,52,50,-1,50,52,53,-1,50,53,54,-1,53,55,54,-1,54,55,56,-1,54,56,57,-1,57,56,58,-1,57,58,59,-1,58,60,59,-1,59,60,61,-1,59,61,62,-1,61,63,62,-1,62,63,64,-1,62,64,65,-1,65,64,66,-1,67,68,69,-1,69,68,70,-1,69,70,71,-1,71,72,69,-1,69,72,73,-1,69,73,66,-1,66,73,74,-1,66,74,65,-1,75,76,77,-1,69,78,67,-1,67,78,77,-1,67,77,79,-1,79,77,76,-1,77,80,75,-1,75,80,81,-1,75,81,82,-1,83,84,81,-1,81,84,85,-1,81,85,82,-1,81,86,83,-1,83,86,87,-1,83,87,88,-1,87,89,88,-1,88,89,90,-1,88,90,91,-1,90,92,91,-1,91,92,93,-1,91,93,94,-1,93,95,94,-1,94,95,96,-1,94,96,97,-1,97,96,98,-1,99,100,101,-1,96,102,98,-1,98,102,99,-1,98,99,103,-1,103,99,101,-1,0,104,1,-1,1,104,101,-1,1,101,105,-1,105,101,100,-1,106,107,108,-1,109,110,108,-1,108,110,111,-1,108,111,106,-1,112,113,108,-1,108,113,114,-1,108,114,109,-1,115,116,108,-1,108,116,117,-1,108,117,112,-1,118,119,108,-1,108,119,120,-1,108,120,115,-1,121,122,108,-1,108,122,123,-1,108,123,118,-1,124,125,108,-1,108,125,126,-1,108,126,121,-1,127,128,108,-1,108,128,129,-1,108,129,124,-1,130,131,108,-1,108,131,132,-1,108,132,127,-1,107,133,108,-1,108,133,134,-1,108,134,130,-1,135,136,137,-1,99,102,138,-1,96,95,139,-1,93,92,140,-1,141,142,143,-1,90,89,144,-1,145,146,147,-1,148,149,150,-1,80,77,151,-1,152,153,154,-1,78,69,155,-1,66,64,156,-1,157,158,159,-1,63,61,160,-1,161,162,163,-1,58,56,164,-1,55,53,165,-1,52,51,166,-1,49,48,167,-1,168,169,170,-1,46,45,171,-1,172,173,174,-1,42,41,175,-1,176,177,178,-1,39,38,179,-1,180,181,182,-1,35,34,183,-1,184,185,186,-1,32,31,187,-1,188,189,190,-1,29,28,191,-1,192,193,194,-1,24,23,195,-1,18,21,196,-1,11,17,197,-1,15,14,198,-1,199,200,201,-1,14,7,198,-1,198,7,199,-1,198,199,202,-1,202,199,201,-1,202,201,203,-1,17,15,197,-1,197,15,198,-1,197,198,204,-1,204,198,202,-1,204,202,205,-1,205,202,203,-1,205,203,206,-1,21,11,196,-1,196,11,197,-1,196,197,207,-1,207,197,204,-1,207,204,208,-1,208,204,205,-1,208,205,209,-1,209,205,206,-1,209,206,210,-1,23,18,195,-1,195,18,196,-1,195,196,211,-1,211,196,207,-1,211,207,212,-1,212,207,208,-1,212,208,213,-1,213,208,209,-1,213,209,214,-1,214,209,210,-1,214,210,137,-1,28,24,191,-1,191,24,195,-1,191,195,215,-1,215,195,211,-1,215,211,216,-1,216,211,212,-1,216,212,217,-1,217,212,213,-1,217,213,218,-1,218,213,214,-1,218,214,219,-1,219,214,137,-1,219,137,220,-1,220,137,136,-1,31,29,187,-1,187,29,191,-1,187,191,221,-1,221,191,215,-1,221,215,222,-1,222,215,216,-1,222,216,223,-1,223,216,217,-1,223,217,224,-1,224,217,218,-1,224,218,225,-1,225,218,219,-1,225,219,226,-1,226,219,220,-1,34,32,183,-1,183,32,187,-1,183,187,227,-1,227,187,221,-1,227,221,228,-1,228,221,222,-1,228,222,229,-1,229,222,223,-1,229,223,230,-1,230,223,224,-1,230,224,231,-1,231,224,225,-1,231,225,232,-1,232,225,226,-1,38,35,179,-1,179,35,183,-1,179,183,233,-1,233,183,227,-1,233,227,234,-1,234,227,228,-1,234,228,235,-1,235,228,229,-1,235,229,236,-1,236,229,230,-1,236,230,237,-1,237,230,231,-1,237,231,238,-1,238,231,232,-1,41,39,175,-1,175,39,179,-1,175,179,239,-1,239,179,233,-1,239,233,240,-1,240,233,234,-1,240,234,241,-1,241,234,235,-1,241,235,242,-1,242,235,236,-1,242,236,243,-1,243,236,237,-1,243,237,244,-1,244,237,238,-1,45,42,171,-1,171,42,175,-1,171,175,245,-1,245,175,239,-1,245,239,246,-1,246,239,240,-1,246,240,247,-1,247,240,241,-1,247,241,248,-1,248,241,242,-1,248,242,249,-1,249,242,243,-1,249,243,250,-1,250,243,244,-1,48,46,167,-1,167,46,171,-1,167,171,251,-1,251,171,245,-1,251,245,252,-1,252,245,246,-1,252,246,253,-1,253,246,247,-1,253,247,254,-1,254,247,248,-1,254,248,194,-1,194,248,249,-1,194,249,192,-1,192,249,250,-1,51,49,166,-1,166,49,167,-1,166,167,255,-1,255,167,251,-1,255,251,256,-1,256,251,252,-1,256,252,257,-1,257,252,253,-1,257,253,258,-1,258,253,254,-1,258,254,190,-1,190,254,194,-1,190,194,188,-1,188,194,193,-1,53,52,165,-1,165,52,166,-1,165,166,259,-1,259,166,255,-1,259,255,260,-1,260,255,256,-1,260,256,261,-1,261,256,257,-1,261,257,262,-1,262,257,258,-1,262,258,186,-1,186,258,190,-1,186,190,184,-1,184,190,189,-1,56,55,164,-1,164,55,165,-1,164,165,263,-1,263,165,259,-1,263,259,264,-1,264,259,260,-1,264,260,265,-1,265,260,261,-1,265,261,266,-1,266,261,262,-1,266,262,182,-1,182,262,186,-1,182,186,180,-1,180,186,185,-1,60,58,267,-1,267,58,164,-1,267,164,268,-1,268,164,263,-1,268,263,269,-1,269,263,264,-1,269,264,270,-1,270,264,265,-1,270,265,271,-1,271,265,266,-1,271,266,178,-1,178,266,182,-1,178,182,176,-1,176,182,181,-1,61,60,160,-1,160,60,267,-1,160,267,272,-1,272,267,268,-1,272,268,273,-1,273,268,269,-1,273,269,274,-1,274,269,270,-1,274,270,275,-1,275,270,271,-1,275,271,174,-1,174,271,178,-1,174,178,172,-1,172,178,177,-1,64,63,156,-1,156,63,160,-1,156,160,276,-1,276,160,272,-1,276,272,277,-1,277,272,273,-1,277,273,278,-1,278,273,274,-1,278,274,279,-1,279,274,275,-1,279,275,170,-1,170,275,174,-1,170,174,168,-1,168,174,173,-1,69,66,155,-1,155,66,156,-1,155,156,280,-1,280,156,276,-1,280,276,281,-1,281,276,277,-1,281,277,282,-1,282,277,278,-1,282,278,283,-1,283,278,279,-1,283,279,284,-1,284,279,170,-1,284,170,285,-1,285,170,169,-1,77,78,151,-1,151,78,155,-1,151,155,286,-1,286,155,280,-1,286,280,287,-1,287,280,281,-1,287,281,288,-1,288,281,282,-1,288,282,289,-1,289,282,283,-1,289,283,290,-1,290,283,284,-1,290,284,291,-1,291,284,285,-1,292,293,294,-1,294,293,295,-1,87,86,296,-1,296,86,81,-1,81,80,296,-1,296,80,151,-1,296,151,297,-1,297,151,286,-1,297,286,298,-1,298,286,287,-1,298,287,299,-1,299,287,288,-1,299,288,300,-1,300,288,289,-1,300,289,301,-1,301,289,290,-1,301,290,302,-1,302,290,291,-1,89,87,144,-1,144,87,296,-1,144,296,303,-1,303,296,297,-1,303,297,304,-1,304,297,298,-1,304,298,305,-1,305,298,299,-1,305,299,306,-1,306,299,300,-1,306,300,307,-1,307,300,301,-1,307,301,308,-1,308,301,302,-1,92,90,140,-1,140,90,144,-1,140,144,309,-1,309,144,303,-1,309,303,310,-1,310,303,304,-1,310,304,311,-1,311,304,305,-1,311,305,312,-1,312,305,306,-1,312,306,163,-1,163,306,307,-1,163,307,161,-1,161,307,308,-1,95,93,139,-1,139,93,140,-1,139,140,313,-1,313,140,309,-1,313,309,314,-1,314,309,310,-1,314,310,315,-1,315,310,311,-1,315,311,316,-1,316,311,312,-1,316,312,159,-1,159,312,163,-1,159,163,157,-1,157,163,162,-1,102,96,138,-1,138,96,139,-1,138,139,317,-1,317,139,313,-1,317,313,318,-1,318,313,314,-1,318,314,319,-1,319,314,315,-1,319,315,320,-1,320,315,316,-1,320,316,294,-1,294,316,159,-1,294,159,292,-1,292,159,158,-1,321,322,323,-1,142,324,143,-1,143,324,321,-1,143,321,325,-1,325,321,323,-1,325,323,326,-1,146,141,147,-1,147,141,143,-1,147,143,327,-1,327,143,325,-1,327,325,328,-1,328,325,326,-1,328,326,329,-1,149,145,150,-1,150,145,147,-1,150,147,330,-1,330,147,327,-1,330,327,331,-1,331,327,328,-1,331,328,332,-1,332,328,329,-1,332,329,333,-1,153,148,154,-1,154,148,150,-1,154,150,334,-1,334,150,330,-1,334,330,335,-1,335,330,331,-1,335,331,336,-1,336,331,332,-1,336,332,337,-1,337,332,333,-1,337,333,338,-1,100,99,338,-1,338,99,138,-1,338,138,337,-1,337,138,317,-1,337,317,336,-1,336,317,318,-1,336,318,335,-1,335,318,319,-1,335,319,334,-1,334,319,320,-1,334,320,154,-1,154,320,294,-1,154,294,152,-1,152,294,295,-1,324,339,321,-1,321,339,340,-1,321,340,322,-1,322,340,341,-1,322,341,135,-1,7,6,199,-1,199,6,3,-1,199,3,200,-1,200,3,1,-1,200,1,105,-1,135,137,322,-1,322,137,210,-1,322,210,323,-1,323,210,206,-1,323,206,326,-1,326,206,203,-1,326,203,329,-1,329,203,201,-1,329,201,333,-1,333,201,200,-1,333,200,338,-1,338,200,105,-1,338,105,100,-1,342,343,226,-1,226,343,344,-1,226,344,232,-1,344,345,232,-1,232,345,346,-1,232,346,238,-1,346,347,238,-1,238,347,348,-1,238,348,244,-1,348,349,244,-1,244,349,350,-1,244,350,250,-1,350,351,250,-1,250,351,352,-1,250,352,192,-1,352,353,192,-1,192,353,354,-1,192,354,193,-1,193,354,355,-1,193,355,188,-1,188,355,356,-1,188,356,189,-1,189,356,357,-1,189,357,184,-1,184,357,358,-1,184,358,185,-1,185,358,359,-1,185,359,180,-1,180,359,360,-1,180,360,181,-1,181,360,361,-1,181,361,176,-1,176,361,362,-1,176,362,177,-1,177,362,363,-1,177,363,172,-1,172,363,364,-1,172,364,173,-1,173,364,365,-1,173,365,168,-1,168,365,366,-1,168,366,169,-1,169,366,367,-1,169,367,285,-1,367,368,285,-1,285,368,369,-1,285,369,291,-1,370,302,371,-1,371,302,291,-1,371,291,372,-1,372,291,369,-1,370,373,302,-1,302,373,374,-1,302,374,308,-1,308,374,375,-1,308,375,161,-1,161,375,376,-1,161,376,162,-1,162,376,377,-1,162,377,157,-1,157,377,378,-1,157,378,158,-1,158,378,379,-1,158,379,292,-1,292,379,380,-1,292,380,293,-1,293,380,381,-1,293,381,295,-1,295,381,382,-1,295,382,152,-1,152,382,383,-1,152,383,153,-1,153,383,384,-1,153,384,148,-1,148,384,385,-1,148,385,149,-1,149,385,386,-1,149,386,145,-1,145,386,387,-1,145,387,146,-1,146,387,388,-1,146,388,141,-1,141,388,389,-1,141,389,142,-1,142,389,390,-1,142,390,324,-1,324,390,391,-1,324,391,339,-1,339,391,392,-1,339,392,340,-1,340,392,393,-1,340,393,341,-1,341,393,394,-1,341,394,135,-1,135,394,395,-1,135,395,136,-1,136,395,342,-1,136,342,220,-1,220,342,226,-1,396,397,398,-1,392,391,399,-1,390,389,400,-1,388,387,401,-1,402,403,404,-1,386,385,405,-1,406,407,408,-1,409,410,411,-1,381,380,412,-1,413,414,415,-1,379,378,416,-1,377,376,417,-1,418,419,420,-1,375,374,421,-1,422,423,424,-1,370,371,425,-1,372,369,426,-1,368,367,427,-1,366,365,428,-1,429,430,431,-1,364,363,432,-1,433,434,435,-1,362,361,436,-1,437,438,439,-1,360,359,440,-1,441,442,443,-1,358,357,444,-1,445,446,447,-1,356,355,448,-1,449,450,451,-1,354,353,452,-1,453,454,455,-1,352,351,456,-1,350,349,457,-1,348,347,458,-1,346,345,459,-1,460,461,462,-1,345,344,459,-1,459,344,460,-1,459,460,463,-1,463,460,462,-1,463,462,464,-1,347,346,458,-1,458,346,459,-1,458,459,465,-1,465,459,463,-1,465,463,466,-1,466,463,464,-1,466,464,467,-1,349,348,457,-1,457,348,458,-1,457,458,468,-1,468,458,465,-1,468,465,469,-1,469,465,466,-1,469,466,470,-1,470,466,467,-1,470,467,471,-1,351,350,456,-1,456,350,457,-1,456,457,472,-1,472,457,468,-1,472,468,473,-1,473,468,469,-1,473,469,474,-1,474,469,470,-1,474,470,475,-1,475,470,471,-1,475,471,398,-1,353,352,452,-1,452,352,456,-1,452,456,476,-1,476,456,472,-1,476,472,477,-1,477,472,473,-1,477,473,478,-1,478,473,474,-1,478,474,479,-1,479,474,475,-1,479,475,480,-1,480,475,398,-1,480,398,481,-1,481,398,397,-1,355,354,448,-1,448,354,452,-1,448,452,482,-1,482,452,476,-1,482,476,483,-1,483,476,477,-1,483,477,484,-1,484,477,478,-1,484,478,485,-1,485,478,479,-1,485,479,486,-1,486,479,480,-1,486,480,487,-1,487,480,481,-1,357,356,444,-1,444,356,448,-1,444,448,488,-1,488,448,482,-1,488,482,489,-1,489,482,483,-1,489,483,490,-1,490,483,484,-1,490,484,491,-1,491,484,485,-1,491,485,492,-1,492,485,486,-1,492,486,493,-1,493,486,487,-1,359,358,440,-1,440,358,444,-1,440,444,494,-1,494,444,488,-1,494,488,495,-1,495,488,489,-1,495,489,496,-1,496,489,490,-1,496,490,497,-1,497,490,491,-1,497,491,498,-1,498,491,492,-1,498,492,499,-1,499,492,493,-1,361,360,436,-1,436,360,440,-1,436,440,500,-1,500,440,494,-1,500,494,501,-1,501,494,495,-1,501,495,502,-1,502,495,496,-1,502,496,503,-1,503,496,497,-1,503,497,504,-1,504,497,498,-1,504,498,505,-1,505,498,499,-1,363,362,432,-1,432,362,436,-1,432,436,506,-1,506,436,500,-1,506,500,507,-1,507,500,501,-1,507,501,508,-1,508,501,502,-1,508,502,509,-1,509,502,503,-1,509,503,510,-1,510,503,504,-1,510,504,511,-1,511,504,505,-1,365,364,428,-1,428,364,432,-1,428,432,512,-1,512,432,506,-1,512,506,513,-1,513,506,507,-1,513,507,514,-1,514,507,508,-1,514,508,515,-1,515,508,509,-1,515,509,455,-1,455,509,510,-1,455,510,453,-1,453,510,511,-1,367,366,427,-1,427,366,428,-1,427,428,516,-1,516,428,512,-1,516,512,517,-1,517,512,513,-1,517,513,518,-1,518,513,514,-1,518,514,519,-1,519,514,515,-1,519,515,451,-1,451,515,455,-1,451,455,449,-1,449,455,454,-1,369,368,426,-1,426,368,427,-1,426,427,520,-1,520,427,516,-1,520,516,521,-1,521,516,517,-1,521,517,522,-1,522,517,518,-1,522,518,523,-1,523,518,519,-1,523,519,447,-1,447,519,451,-1,447,451,445,-1,445,451,450,-1,371,372,425,-1,425,372,426,-1,425,426,524,-1,524,426,520,-1,524,520,525,-1,525,520,521,-1,525,521,526,-1,526,521,522,-1,526,522,527,-1,527,522,523,-1,527,523,443,-1,443,523,447,-1,443,447,441,-1,441,447,446,-1,373,370,528,-1,528,370,425,-1,528,425,529,-1,529,425,524,-1,529,524,530,-1,530,524,525,-1,530,525,531,-1,531,525,526,-1,531,526,532,-1,532,526,527,-1,532,527,439,-1,439,527,443,-1,439,443,437,-1,437,443,442,-1,374,373,421,-1,421,373,528,-1,421,528,533,-1,533,528,529,-1,533,529,534,-1,534,529,530,-1,534,530,535,-1,535,530,531,-1,535,531,536,-1,536,531,532,-1,536,532,435,-1,435,532,439,-1,435,439,433,-1,433,439,438,-1,376,375,417,-1,417,375,421,-1,417,421,537,-1,537,421,533,-1,537,533,538,-1,538,533,534,-1,538,534,539,-1,539,534,535,-1,539,535,540,-1,540,535,536,-1,540,536,431,-1,431,536,435,-1,431,435,429,-1,429,435,434,-1,378,377,416,-1,416,377,417,-1,416,417,541,-1,541,417,537,-1,541,537,542,-1,542,537,538,-1,542,538,543,-1,543,538,539,-1,543,539,544,-1,544,539,540,-1,544,540,545,-1,545,540,431,-1,545,431,546,-1,546,431,430,-1,380,379,412,-1,412,379,416,-1,412,416,547,-1,547,416,541,-1,547,541,548,-1,548,541,542,-1,548,542,549,-1,549,542,543,-1,549,543,550,-1,550,543,544,-1,550,544,551,-1,551,544,545,-1,551,545,552,-1,552,545,546,-1,553,554,555,-1,555,554,556,-1,384,383,557,-1,557,383,382,-1,382,381,557,-1,557,381,412,-1,557,412,558,-1,558,412,547,-1,558,547,559,-1,559,547,548,-1,559,548,560,-1,560,548,549,-1,560,549,561,-1,561,549,550,-1,561,550,562,-1,562,550,551,-1,562,551,563,-1,563,551,552,-1,385,384,405,-1,405,384,557,-1,405,557,564,-1,564,557,558,-1,564,558,565,-1,565,558,559,-1,565,559,566,-1,566,559,560,-1,566,560,567,-1,567,560,561,-1,567,561,568,-1,568,561,562,-1,568,562,569,-1,569,562,563,-1,387,386,401,-1,401,386,405,-1,401,405,570,-1,570,405,564,-1,570,564,571,-1,571,564,565,-1,571,565,572,-1,572,565,566,-1,572,566,573,-1,573,566,567,-1,573,567,424,-1,424,567,568,-1,424,568,422,-1,422,568,569,-1,389,388,400,-1,400,388,401,-1,400,401,574,-1,574,401,570,-1,574,570,575,-1,575,570,571,-1,575,571,576,-1,576,571,572,-1,576,572,577,-1,577,572,573,-1,577,573,420,-1,420,573,424,-1,420,424,418,-1,418,424,423,-1,391,390,399,-1,399,390,400,-1,399,400,578,-1,578,400,574,-1,578,574,579,-1,579,574,575,-1,579,575,580,-1,580,575,576,-1,580,576,581,-1,581,576,577,-1,581,577,555,-1,555,577,420,-1,555,420,553,-1,553,420,419,-1,582,583,584,-1,403,585,404,-1,404,585,582,-1,404,582,586,-1,586,582,584,-1,586,584,587,-1,407,402,408,-1,408,402,404,-1,408,404,588,-1,588,404,586,-1,588,586,589,-1,589,586,587,-1,589,587,590,-1,410,406,411,-1,411,406,408,-1,411,408,591,-1,591,408,588,-1,591,588,592,-1,592,588,589,-1,592,589,593,-1,593,589,590,-1,593,590,594,-1,414,409,415,-1,415,409,411,-1,415,411,595,-1,595,411,591,-1,595,591,596,-1,596,591,592,-1,596,592,597,-1,597,592,593,-1,597,593,598,-1,598,593,594,-1,598,594,599,-1,393,392,599,-1,599,392,399,-1,599,399,598,-1,598,399,578,-1,598,578,597,-1,597,578,579,-1,597,579,596,-1,596,579,580,-1,596,580,595,-1,595,580,581,-1,595,581,415,-1,415,581,555,-1,415,555,413,-1,413,555,556,-1,585,600,582,-1,582,600,601,-1,582,601,583,-1,583,601,602,-1,583,602,396,-1,344,343,460,-1,460,343,342,-1,460,342,461,-1,461,342,395,-1,461,395,394,-1,396,398,583,-1,583,398,471,-1,583,471,584,-1,584,471,467,-1,584,467,587,-1,587,467,464,-1,587,464,590,-1,590,464,462,-1,590,462,594,-1,594,462,461,-1,594,461,599,-1,599,461,394,-1,599,394,393,-1,454,117,116,-1,115,450,116,-1,116,450,449,-1,116,449,454,-1,120,446,115,-1,115,446,445,-1,115,445,450,-1,119,442,120,-1,120,442,441,-1,120,441,446,-1,118,438,119,-1,119,438,437,-1,119,437,442,-1,123,434,118,-1,118,434,433,-1,118,433,438,-1,126,552,121,-1,121,552,546,-1,121,546,122,-1,122,546,430,-1,122,430,123,-1,123,430,429,-1,123,429,434,-1,125,569,126,-1,126,569,563,-1,126,563,552,-1,124,423,125,-1,125,423,422,-1,125,422,569,-1,129,419,124,-1,124,419,418,-1,124,418,423,-1,127,556,128,-1,128,556,554,-1,128,554,129,-1,129,554,553,-1,129,553,419,-1,132,414,127,-1,127,414,413,-1,127,413,556,-1,131,410,132,-1,132,410,409,-1,132,409,414,-1,130,407,131,-1,131,407,406,-1,131,406,410,-1,134,403,130,-1,130,403,402,-1,130,402,407,-1,133,600,134,-1,134,600,585,-1,134,585,403,-1,454,453,117,-1,117,453,511,-1,117,511,112,-1,112,511,505,-1,112,505,113,-1,113,505,499,-1,113,499,114,-1,114,499,493,-1,114,493,109,-1,109,493,487,-1,109,487,110,-1,110,487,481,-1,110,481,111,-1,111,481,397,-1,111,397,106,-1,106,397,396,-1,106,396,107,-1,107,396,602,-1,107,602,133,-1,133,602,601,-1,133,601,600,-1,603,604,605,-1,606,607,608,-1,609,610,611,-1,611,610,612,-1,611,612,613,-1,612,614,613,-1,613,614,615,-1,613,615,616,-1,615,617,616,-1,616,617,618,-1,616,618,619,-1,619,618,620,-1,619,620,621,-1,621,620,622,-1,622,620,623,-1,622,623,624,-1,624,623,625,-1,624,625,626,-1,625,627,626,-1,626,627,628,-1,626,628,629,-1,629,628,630,-1,631,632,633,-1,633,632,634,-1,633,634,630,-1,630,634,635,-1,630,635,629,-1,636,637,638,-1,638,637,639,-1,639,640,638,-1,638,640,641,-1,638,641,642,-1,642,641,643,-1,642,643,633,-1,633,643,644,-1,633,644,631,-1,638,645,636,-1,636,645,646,-1,636,646,647,-1,646,648,647,-1,647,648,649,-1,647,649,650,-1,650,649,651,-1,649,652,651,-1,651,652,653,-1,651,653,654,-1,653,655,654,-1,654,655,656,-1,654,656,657,-1,657,656,658,-1,658,659,657,-1,657,659,660,-1,657,660,661,-1,660,662,661,-1,661,662,663,-1,661,663,664,-1,664,663,665,-1,664,665,666,-1,665,667,666,-1,666,667,668,-1,666,668,669,-1,668,670,669,-1,669,670,671,-1,669,671,672,-1,671,673,672,-1,672,673,674,-1,672,674,675,-1,674,676,675,-1,675,676,677,-1,675,677,678,-1,677,679,678,-1,678,679,680,-1,678,680,681,-1,608,607,682,-1,682,607,680,-1,680,607,683,-1,680,683,681,-1,606,608,684,-1,684,608,685,-1,684,685,686,-1,687,688,686,-1,686,688,689,-1,686,689,684,-1,690,691,692,-1,692,691,693,-1,686,694,687,-1,687,694,695,-1,687,695,690,-1,690,695,696,-1,690,696,691,-1,697,698,699,-1,693,691,699,-1,699,691,700,-1,699,700,697,-1,604,603,701,-1,701,603,697,-1,697,603,702,-1,697,702,698,-1,611,703,609,-1,609,703,704,-1,609,704,705,-1,705,704,706,-1,705,706,605,-1,605,706,707,-1,605,707,603,-1,708,709,710,-1,711,712,710,-1,710,712,713,-1,710,713,708,-1,714,715,710,-1,710,715,716,-1,710,716,711,-1,717,718,710,-1,710,718,719,-1,710,719,714,-1,720,721,710,-1,710,721,722,-1,710,722,717,-1,723,724,710,-1,710,724,725,-1,710,725,720,-1,726,727,710,-1,710,727,728,-1,710,728,723,-1,729,730,710,-1,710,730,731,-1,710,731,726,-1,732,733,710,-1,710,733,734,-1,710,734,729,-1,709,735,710,-1,710,735,736,-1,710,736,732,-1,737,738,739,-1,697,700,740,-1,691,696,741,-1,695,694,742,-1,743,744,745,-1,686,685,746,-1,747,748,749,-1,750,751,752,-1,679,677,753,-1,754,755,756,-1,676,674,757,-1,673,671,758,-1,759,760,761,-1,670,668,762,-1,763,764,765,-1,665,663,766,-1,662,660,767,-1,659,658,768,-1,656,655,769,-1,770,771,772,-1,653,652,773,-1,774,775,776,-1,649,648,777,-1,778,779,780,-1,646,645,781,-1,782,783,784,-1,638,642,785,-1,786,787,788,-1,633,630,789,-1,790,791,792,-1,628,627,793,-1,794,795,796,-1,625,623,797,-1,620,618,798,-1,617,615,799,-1,614,612,800,-1,801,802,803,-1,612,610,800,-1,800,610,801,-1,800,801,804,-1,804,801,803,-1,804,803,805,-1,615,614,799,-1,799,614,800,-1,799,800,806,-1,806,800,804,-1,806,804,807,-1,807,804,805,-1,807,805,808,-1,618,617,798,-1,798,617,799,-1,798,799,809,-1,809,799,806,-1,809,806,810,-1,810,806,807,-1,810,807,811,-1,811,807,808,-1,811,808,812,-1,623,620,797,-1,797,620,798,-1,797,798,813,-1,813,798,809,-1,813,809,814,-1,814,809,810,-1,814,810,815,-1,815,810,811,-1,815,811,816,-1,816,811,812,-1,816,812,739,-1,627,625,793,-1,793,625,797,-1,793,797,817,-1,817,797,813,-1,817,813,818,-1,818,813,814,-1,818,814,819,-1,819,814,815,-1,819,815,820,-1,820,815,816,-1,820,816,821,-1,821,816,739,-1,821,739,822,-1,822,739,738,-1,630,628,789,-1,789,628,793,-1,789,793,823,-1,823,793,817,-1,823,817,824,-1,824,817,818,-1,824,818,825,-1,825,818,819,-1,825,819,826,-1,826,819,820,-1,826,820,827,-1,827,820,821,-1,827,821,828,-1,828,821,822,-1,642,633,785,-1,785,633,789,-1,785,789,829,-1,829,789,823,-1,829,823,830,-1,830,823,824,-1,830,824,831,-1,831,824,825,-1,831,825,832,-1,832,825,826,-1,832,826,833,-1,833,826,827,-1,833,827,834,-1,834,827,828,-1,645,638,781,-1,781,638,785,-1,781,785,835,-1,835,785,829,-1,835,829,836,-1,836,829,830,-1,836,830,837,-1,837,830,831,-1,837,831,838,-1,838,831,832,-1,838,832,839,-1,839,832,833,-1,839,833,840,-1,840,833,834,-1,648,646,777,-1,777,646,781,-1,777,781,841,-1,841,781,835,-1,841,835,842,-1,842,835,836,-1,842,836,843,-1,843,836,837,-1,843,837,844,-1,844,837,838,-1,844,838,845,-1,845,838,839,-1,845,839,846,-1,846,839,840,-1,652,649,773,-1,773,649,777,-1,773,777,847,-1,847,777,841,-1,847,841,848,-1,848,841,842,-1,848,842,849,-1,849,842,843,-1,849,843,850,-1,850,843,844,-1,850,844,851,-1,851,844,845,-1,851,845,852,-1,852,845,846,-1,655,653,769,-1,769,653,773,-1,769,773,853,-1,853,773,847,-1,853,847,854,-1,854,847,848,-1,854,848,855,-1,855,848,849,-1,855,849,856,-1,856,849,850,-1,856,850,796,-1,796,850,851,-1,796,851,794,-1,794,851,852,-1,658,656,768,-1,768,656,769,-1,768,769,857,-1,857,769,853,-1,857,853,858,-1,858,853,854,-1,858,854,859,-1,859,854,855,-1,859,855,860,-1,860,855,856,-1,860,856,792,-1,792,856,796,-1,792,796,790,-1,790,796,795,-1,660,659,767,-1,767,659,768,-1,767,768,861,-1,861,768,857,-1,861,857,862,-1,862,857,858,-1,862,858,863,-1,863,858,859,-1,863,859,864,-1,864,859,860,-1,864,860,788,-1,788,860,792,-1,788,792,786,-1,786,792,791,-1,663,662,766,-1,766,662,767,-1,766,767,865,-1,865,767,861,-1,865,861,866,-1,866,861,862,-1,866,862,867,-1,867,862,863,-1,867,863,868,-1,868,863,864,-1,868,864,784,-1,784,864,788,-1,784,788,782,-1,782,788,787,-1,667,665,869,-1,869,665,766,-1,869,766,870,-1,870,766,865,-1,870,865,871,-1,871,865,866,-1,871,866,872,-1,872,866,867,-1,872,867,873,-1,873,867,868,-1,873,868,780,-1,780,868,784,-1,780,784,778,-1,778,784,783,-1,668,667,762,-1,762,667,869,-1,762,869,874,-1,874,869,870,-1,874,870,875,-1,875,870,871,-1,875,871,876,-1,876,871,872,-1,876,872,877,-1,877,872,873,-1,877,873,776,-1,776,873,780,-1,776,780,774,-1,774,780,779,-1,671,670,758,-1,758,670,762,-1,758,762,878,-1,878,762,874,-1,878,874,879,-1,879,874,875,-1,879,875,880,-1,880,875,876,-1,880,876,881,-1,881,876,877,-1,881,877,772,-1,772,877,776,-1,772,776,770,-1,770,776,775,-1,674,673,757,-1,757,673,758,-1,757,758,882,-1,882,758,878,-1,882,878,883,-1,883,878,879,-1,883,879,884,-1,884,879,880,-1,884,880,885,-1,885,880,881,-1,885,881,886,-1,886,881,772,-1,886,772,887,-1,887,772,771,-1,677,676,753,-1,753,676,757,-1,753,757,888,-1,888,757,882,-1,888,882,889,-1,889,882,883,-1,889,883,890,-1,890,883,884,-1,890,884,891,-1,891,884,885,-1,891,885,892,-1,892,885,886,-1,892,886,893,-1,893,886,887,-1,894,895,896,-1,896,895,897,-1,608,682,898,-1,898,682,680,-1,680,679,898,-1,898,679,753,-1,898,753,899,-1,899,753,888,-1,899,888,900,-1,900,888,889,-1,900,889,901,-1,901,889,890,-1,901,890,902,-1,902,890,891,-1,902,891,903,-1,903,891,892,-1,903,892,904,-1,904,892,893,-1,685,608,746,-1,746,608,898,-1,746,898,905,-1,905,898,899,-1,905,899,906,-1,906,899,900,-1,906,900,907,-1,907,900,901,-1,907,901,908,-1,908,901,902,-1,908,902,909,-1,909,902,903,-1,909,903,910,-1,910,903,904,-1,694,686,742,-1,742,686,746,-1,742,746,911,-1,911,746,905,-1,911,905,912,-1,912,905,906,-1,912,906,913,-1,913,906,907,-1,913,907,914,-1,914,907,908,-1,914,908,765,-1,765,908,909,-1,765,909,763,-1,763,909,910,-1,696,695,741,-1,741,695,742,-1,741,742,915,-1,915,742,911,-1,915,911,916,-1,916,911,912,-1,916,912,917,-1,917,912,913,-1,917,913,918,-1,918,913,914,-1,918,914,761,-1,761,914,765,-1,761,765,759,-1,759,765,764,-1,700,691,740,-1,740,691,741,-1,740,741,919,-1,919,741,915,-1,919,915,920,-1,920,915,916,-1,920,916,921,-1,921,916,917,-1,921,917,922,-1,922,917,918,-1,922,918,896,-1,896,918,761,-1,896,761,894,-1,894,761,760,-1,923,924,925,-1,744,926,745,-1,745,926,923,-1,745,923,927,-1,927,923,925,-1,927,925,928,-1,748,743,749,-1,749,743,745,-1,749,745,929,-1,929,745,927,-1,929,927,930,-1,930,927,928,-1,930,928,931,-1,751,747,752,-1,752,747,749,-1,752,749,932,-1,932,749,929,-1,932,929,933,-1,933,929,930,-1,933,930,934,-1,934,930,931,-1,934,931,935,-1,755,750,756,-1,756,750,752,-1,756,752,936,-1,936,752,932,-1,936,932,937,-1,937,932,933,-1,937,933,938,-1,938,933,934,-1,938,934,939,-1,939,934,935,-1,939,935,940,-1,701,697,940,-1,940,697,740,-1,940,740,939,-1,939,740,919,-1,939,919,938,-1,938,919,920,-1,938,920,937,-1,937,920,921,-1,937,921,936,-1,936,921,922,-1,936,922,756,-1,756,922,896,-1,756,896,754,-1,754,896,897,-1,926,941,923,-1,923,941,942,-1,923,942,924,-1,924,942,943,-1,924,943,737,-1,610,609,801,-1,801,609,705,-1,801,705,802,-1,802,705,605,-1,802,605,604,-1,737,739,924,-1,924,739,812,-1,924,812,925,-1,925,812,808,-1,925,808,928,-1,928,808,805,-1,928,805,931,-1,931,805,803,-1,931,803,935,-1,935,803,802,-1,935,802,940,-1,940,802,604,-1,940,604,701,-1,944,945,828,-1,828,945,946,-1,828,946,834,-1,946,947,834,-1,834,947,948,-1,834,948,840,-1,948,949,840,-1,840,949,950,-1,840,950,846,-1,950,951,846,-1,846,951,952,-1,846,952,852,-1,952,953,852,-1,852,953,954,-1,852,954,794,-1,954,955,794,-1,794,955,956,-1,794,956,795,-1,795,956,957,-1,795,957,790,-1,790,957,958,-1,790,958,791,-1,791,958,959,-1,791,959,786,-1,786,959,960,-1,786,960,787,-1,787,960,961,-1,787,961,782,-1,782,961,962,-1,782,962,783,-1,783,962,963,-1,783,963,778,-1,778,963,964,-1,778,964,779,-1,779,964,965,-1,779,965,774,-1,774,965,966,-1,774,966,775,-1,775,966,967,-1,775,967,770,-1,770,967,968,-1,770,968,771,-1,771,968,969,-1,771,969,887,-1,969,970,887,-1,887,970,971,-1,887,971,893,-1,972,904,973,-1,973,904,893,-1,973,893,974,-1,974,893,971,-1,972,975,904,-1,904,975,976,-1,904,976,910,-1,910,976,977,-1,910,977,763,-1,763,977,978,-1,763,978,764,-1,764,978,979,-1,764,979,759,-1,759,979,980,-1,759,980,760,-1,760,980,981,-1,760,981,894,-1,894,981,982,-1,894,982,895,-1,895,982,983,-1,895,983,897,-1,897,983,984,-1,897,984,754,-1,754,984,985,-1,754,985,755,-1,755,985,986,-1,755,986,750,-1,750,986,987,-1,750,987,751,-1,751,987,988,-1,751,988,747,-1,747,988,989,-1,747,989,748,-1,748,989,990,-1,748,990,743,-1,743,990,991,-1,743,991,744,-1,744,991,992,-1,744,992,926,-1,926,992,993,-1,926,993,941,-1,941,993,994,-1,941,994,942,-1,942,994,995,-1,942,995,943,-1,943,995,996,-1,943,996,737,-1,737,996,997,-1,737,997,738,-1,738,997,944,-1,738,944,822,-1,822,944,828,-1,998,999,1000,-1,994,993,1001,-1,992,991,1002,-1,990,989,1003,-1,1004,1005,1006,-1,988,987,1007,-1,1008,1009,1010,-1,1011,1012,1013,-1,983,982,1014,-1,1015,1016,1017,-1,981,980,1018,-1,979,978,1019,-1,1020,1021,1022,-1,977,976,1023,-1,1024,1025,1026,-1,972,973,1027,-1,974,971,1028,-1,970,969,1029,-1,968,967,1030,-1,1031,1032,1033,-1,966,965,1034,-1,1035,1036,1037,-1,964,963,1038,-1,1039,1040,1041,-1,962,961,1042,-1,1043,1044,1045,-1,960,959,1046,-1,1047,1048,1049,-1,958,957,1050,-1,1051,1052,1053,-1,956,955,1054,-1,1055,1056,1057,-1,954,953,1058,-1,952,951,1059,-1,950,949,1060,-1,948,947,1061,-1,1062,1063,1064,-1,947,946,1061,-1,1061,946,1062,-1,1061,1062,1065,-1,1065,1062,1064,-1,1065,1064,1066,-1,949,948,1060,-1,1060,948,1061,-1,1060,1061,1067,-1,1067,1061,1065,-1,1067,1065,1068,-1,1068,1065,1066,-1,1068,1066,1069,-1,951,950,1059,-1,1059,950,1060,-1,1059,1060,1070,-1,1070,1060,1067,-1,1070,1067,1071,-1,1071,1067,1068,-1,1071,1068,1072,-1,1072,1068,1069,-1,1072,1069,1073,-1,953,952,1058,-1,1058,952,1059,-1,1058,1059,1074,-1,1074,1059,1070,-1,1074,1070,1075,-1,1075,1070,1071,-1,1075,1071,1076,-1,1076,1071,1072,-1,1076,1072,1077,-1,1077,1072,1073,-1,1077,1073,1000,-1,955,954,1054,-1,1054,954,1058,-1,1054,1058,1078,-1,1078,1058,1074,-1,1078,1074,1079,-1,1079,1074,1075,-1,1079,1075,1080,-1,1080,1075,1076,-1,1080,1076,1081,-1,1081,1076,1077,-1,1081,1077,1082,-1,1082,1077,1000,-1,1082,1000,1083,-1,1083,1000,999,-1,957,956,1050,-1,1050,956,1054,-1,1050,1054,1084,-1,1084,1054,1078,-1,1084,1078,1085,-1,1085,1078,1079,-1,1085,1079,1086,-1,1086,1079,1080,-1,1086,1080,1087,-1,1087,1080,1081,-1,1087,1081,1088,-1,1088,1081,1082,-1,1088,1082,1089,-1,1089,1082,1083,-1,959,958,1046,-1,1046,958,1050,-1,1046,1050,1090,-1,1090,1050,1084,-1,1090,1084,1091,-1,1091,1084,1085,-1,1091,1085,1092,-1,1092,1085,1086,-1,1092,1086,1093,-1,1093,1086,1087,-1,1093,1087,1094,-1,1094,1087,1088,-1,1094,1088,1095,-1,1095,1088,1089,-1,961,960,1042,-1,1042,960,1046,-1,1042,1046,1096,-1,1096,1046,1090,-1,1096,1090,1097,-1,1097,1090,1091,-1,1097,1091,1098,-1,1098,1091,1092,-1,1098,1092,1099,-1,1099,1092,1093,-1,1099,1093,1100,-1,1100,1093,1094,-1,1100,1094,1101,-1,1101,1094,1095,-1,963,962,1038,-1,1038,962,1042,-1,1038,1042,1102,-1,1102,1042,1096,-1,1102,1096,1103,-1,1103,1096,1097,-1,1103,1097,1104,-1,1104,1097,1098,-1,1104,1098,1105,-1,1105,1098,1099,-1,1105,1099,1106,-1,1106,1099,1100,-1,1106,1100,1107,-1,1107,1100,1101,-1,965,964,1034,-1,1034,964,1038,-1,1034,1038,1108,-1,1108,1038,1102,-1,1108,1102,1109,-1,1109,1102,1103,-1,1109,1103,1110,-1,1110,1103,1104,-1,1110,1104,1111,-1,1111,1104,1105,-1,1111,1105,1112,-1,1112,1105,1106,-1,1112,1106,1113,-1,1113,1106,1107,-1,967,966,1030,-1,1030,966,1034,-1,1030,1034,1114,-1,1114,1034,1108,-1,1114,1108,1115,-1,1115,1108,1109,-1,1115,1109,1116,-1,1116,1109,1110,-1,1116,1110,1117,-1,1117,1110,1111,-1,1117,1111,1057,-1,1057,1111,1112,-1,1057,1112,1055,-1,1055,1112,1113,-1,969,968,1029,-1,1029,968,1030,-1,1029,1030,1118,-1,1118,1030,1114,-1,1118,1114,1119,-1,1119,1114,1115,-1,1119,1115,1120,-1,1120,1115,1116,-1,1120,1116,1121,-1,1121,1116,1117,-1,1121,1117,1053,-1,1053,1117,1057,-1,1053,1057,1051,-1,1051,1057,1056,-1,971,970,1028,-1,1028,970,1029,-1,1028,1029,1122,-1,1122,1029,1118,-1,1122,1118,1123,-1,1123,1118,1119,-1,1123,1119,1124,-1,1124,1119,1120,-1,1124,1120,1125,-1,1125,1120,1121,-1,1125,1121,1049,-1,1049,1121,1053,-1,1049,1053,1047,-1,1047,1053,1052,-1,973,974,1027,-1,1027,974,1028,-1,1027,1028,1126,-1,1126,1028,1122,-1,1126,1122,1127,-1,1127,1122,1123,-1,1127,1123,1128,-1,1128,1123,1124,-1,1128,1124,1129,-1,1129,1124,1125,-1,1129,1125,1045,-1,1045,1125,1049,-1,1045,1049,1043,-1,1043,1049,1048,-1,975,972,1130,-1,1130,972,1027,-1,1130,1027,1131,-1,1131,1027,1126,-1,1131,1126,1132,-1,1132,1126,1127,-1,1132,1127,1133,-1,1133,1127,1128,-1,1133,1128,1134,-1,1134,1128,1129,-1,1134,1129,1041,-1,1041,1129,1045,-1,1041,1045,1039,-1,1039,1045,1044,-1,976,975,1023,-1,1023,975,1130,-1,1023,1130,1135,-1,1135,1130,1131,-1,1135,1131,1136,-1,1136,1131,1132,-1,1136,1132,1137,-1,1137,1132,1133,-1,1137,1133,1138,-1,1138,1133,1134,-1,1138,1134,1037,-1,1037,1134,1041,-1,1037,1041,1035,-1,1035,1041,1040,-1,978,977,1019,-1,1019,977,1023,-1,1019,1023,1139,-1,1139,1023,1135,-1,1139,1135,1140,-1,1140,1135,1136,-1,1140,1136,1141,-1,1141,1136,1137,-1,1141,1137,1142,-1,1142,1137,1138,-1,1142,1138,1033,-1,1033,1138,1037,-1,1033,1037,1031,-1,1031,1037,1036,-1,980,979,1018,-1,1018,979,1019,-1,1018,1019,1143,-1,1143,1019,1139,-1,1143,1139,1144,-1,1144,1139,1140,-1,1144,1140,1145,-1,1145,1140,1141,-1,1145,1141,1146,-1,1146,1141,1142,-1,1146,1142,1147,-1,1147,1142,1033,-1,1147,1033,1148,-1,1148,1033,1032,-1,982,981,1014,-1,1014,981,1018,-1,1014,1018,1149,-1,1149,1018,1143,-1,1149,1143,1150,-1,1150,1143,1144,-1,1150,1144,1151,-1,1151,1144,1145,-1,1151,1145,1152,-1,1152,1145,1146,-1,1152,1146,1153,-1,1153,1146,1147,-1,1153,1147,1154,-1,1154,1147,1148,-1,1155,1156,1157,-1,1157,1156,1158,-1,986,985,1159,-1,1159,985,984,-1,984,983,1159,-1,1159,983,1014,-1,1159,1014,1160,-1,1160,1014,1149,-1,1160,1149,1161,-1,1161,1149,1150,-1,1161,1150,1162,-1,1162,1150,1151,-1,1162,1151,1163,-1,1163,1151,1152,-1,1163,1152,1164,-1,1164,1152,1153,-1,1164,1153,1165,-1,1165,1153,1154,-1,987,986,1007,-1,1007,986,1159,-1,1007,1159,1166,-1,1166,1159,1160,-1,1166,1160,1167,-1,1167,1160,1161,-1,1167,1161,1168,-1,1168,1161,1162,-1,1168,1162,1169,-1,1169,1162,1163,-1,1169,1163,1170,-1,1170,1163,1164,-1,1170,1164,1171,-1,1171,1164,1165,-1,989,988,1003,-1,1003,988,1007,-1,1003,1007,1172,-1,1172,1007,1166,-1,1172,1166,1173,-1,1173,1166,1167,-1,1173,1167,1174,-1,1174,1167,1168,-1,1174,1168,1175,-1,1175,1168,1169,-1,1175,1169,1026,-1,1026,1169,1170,-1,1026,1170,1024,-1,1024,1170,1171,-1,991,990,1002,-1,1002,990,1003,-1,1002,1003,1176,-1,1176,1003,1172,-1,1176,1172,1177,-1,1177,1172,1173,-1,1177,1173,1178,-1,1178,1173,1174,-1,1178,1174,1179,-1,1179,1174,1175,-1,1179,1175,1022,-1,1022,1175,1026,-1,1022,1026,1020,-1,1020,1026,1025,-1,993,992,1001,-1,1001,992,1002,-1,1001,1002,1180,-1,1180,1002,1176,-1,1180,1176,1181,-1,1181,1176,1177,-1,1181,1177,1182,-1,1182,1177,1178,-1,1182,1178,1183,-1,1183,1178,1179,-1,1183,1179,1157,-1,1157,1179,1022,-1,1157,1022,1155,-1,1155,1022,1021,-1,1184,1185,1186,-1,1005,1187,1006,-1,1006,1187,1184,-1,1006,1184,1188,-1,1188,1184,1186,-1,1188,1186,1189,-1,1009,1004,1010,-1,1010,1004,1006,-1,1010,1006,1190,-1,1190,1006,1188,-1,1190,1188,1191,-1,1191,1188,1189,-1,1191,1189,1192,-1,1012,1008,1013,-1,1013,1008,1010,-1,1013,1010,1193,-1,1193,1010,1190,-1,1193,1190,1194,-1,1194,1190,1191,-1,1194,1191,1195,-1,1195,1191,1192,-1,1195,1192,1196,-1,1016,1011,1017,-1,1017,1011,1013,-1,1017,1013,1197,-1,1197,1013,1193,-1,1197,1193,1198,-1,1198,1193,1194,-1,1198,1194,1199,-1,1199,1194,1195,-1,1199,1195,1200,-1,1200,1195,1196,-1,1200,1196,1201,-1,995,994,1201,-1,1201,994,1001,-1,1201,1001,1200,-1,1200,1001,1180,-1,1200,1180,1199,-1,1199,1180,1181,-1,1199,1181,1198,-1,1198,1181,1182,-1,1198,1182,1197,-1,1197,1182,1183,-1,1197,1183,1017,-1,1017,1183,1157,-1,1017,1157,1015,-1,1015,1157,1158,-1,1187,1202,1184,-1,1184,1202,1203,-1,1184,1203,1185,-1,1185,1203,1204,-1,1185,1204,998,-1,946,945,1062,-1,1062,945,944,-1,1062,944,1063,-1,1063,944,997,-1,1063,997,996,-1,998,1000,1185,-1,1185,1000,1073,-1,1185,1073,1186,-1,1186,1073,1069,-1,1186,1069,1189,-1,1189,1069,1066,-1,1189,1066,1192,-1,1192,1066,1064,-1,1192,1064,1196,-1,1196,1064,1063,-1,1196,1063,1201,-1,1201,1063,996,-1,1201,996,995,-1,1056,719,718,-1,717,1052,718,-1,718,1052,1051,-1,718,1051,1056,-1,722,1048,717,-1,717,1048,1047,-1,717,1047,1052,-1,721,1044,722,-1,722,1044,1043,-1,722,1043,1048,-1,720,1040,721,-1,721,1040,1039,-1,721,1039,1044,-1,725,1036,720,-1,720,1036,1035,-1,720,1035,1040,-1,728,1154,723,-1,723,1154,1148,-1,723,1148,724,-1,724,1148,1032,-1,724,1032,725,-1,725,1032,1031,-1,725,1031,1036,-1,727,1171,728,-1,728,1171,1165,-1,728,1165,1154,-1,726,1025,727,-1,727,1025,1024,-1,727,1024,1171,-1,731,1021,726,-1,726,1021,1020,-1,726,1020,1025,-1,729,1158,730,-1,730,1158,1156,-1,730,1156,731,-1,731,1156,1155,-1,731,1155,1021,-1,734,1016,729,-1,729,1016,1015,-1,729,1015,1158,-1,733,1012,734,-1,734,1012,1011,-1,734,1011,1016,-1,732,1009,733,-1,733,1009,1008,-1,733,1008,1012,-1,736,1005,732,-1,732,1005,1004,-1,732,1004,1009,-1,735,1202,736,-1,736,1202,1187,-1,736,1187,1005,-1,1056,1055,719,-1,719,1055,1113,-1,719,1113,714,-1,714,1113,1107,-1,714,1107,715,-1,715,1107,1101,-1,715,1101,716,-1,716,1101,1095,-1,716,1095,711,-1,711,1095,1089,-1,711,1089,712,-1,712,1089,1083,-1,712,1083,713,-1,713,1083,999,-1,713,999,708,-1,708,999,998,-1,708,998,709,-1,709,998,1204,-1,709,1204,735,-1,735,1204,1203,-1,735,1203,1202,-1,
        ]
    }
}
Shape{
    appearance Appearance {
        material  Material 	{
            diffuseColor 0.25098039215686274 0.25098039215686274 0.25098039215686274
            specularColor 0.12549019607843137 0.12549019607843137 0.12549019607843137
            ambientIntensity 0.251
            transparency 0.0
            shininess 0.5
        }
    }
    geometry IndexedFaceSet {
        ccw TRUE
        solid FALSE
        coord DEF co Coordinate {
            point [
                0.7087 0.689 0.0827, 0.7087 0.689 0.2008, 0.729 0.6863 0.2008, 0.729 0.6863 0.0827, 0.748 0.6784 0.2008, 0.748 0.6784 0.0827, 0.7643 0.6659 0.2008, 0.7643 0.6659 0.0827, 0.7769 0.6496 0.2008, 0.7769 0.6496 0.0827, 0.7847 0.6306 0.2008, 0.7847 0.6306 0.0827, 0.7874 0.6102 0.2008, 0.7874 0.6102 0.0827, 0.7874 -0.6102 0.0827, 0.7874 -0.6102 0.2008, 0.7847 -0.6306 0.2008, 0.7847 -0.6306 0.0827, 0.7769 -0.6496 0.2008, 0.7769 -0.6496 0.0827, 0.7643 -0.6659 0.2008, 0.7643 -0.6659 0.0827, 0.748 -0.6784 0.2008, 0.748 -0.6784 0.0827, 0.729 -0.6863 0.2008, 0.729 -0.6863 0.0827, 0.7087 -0.689 0.2008, 0.7087 -0.689 0.0827, -0.7087 -0.689 0.0827, -0.7087 -0.689 0.2008, -0.729 -0.6863 0.2008, -0.729 -0.6863 0.0827, -0.748 -0.6784 0.2008, -0.748 -0.6784 0.0827, -0.7643 -0.6659 0.2008, -0.7643 -0.6659 0.0827, -0.7769 -0.6496 0.2008, -0.7769 -0.6496 0.0827, -0.7847 -0.6306 0.2008, -0.7847 -0.6306 0.0827, -0.7874 -0.6102 0.2008, -0.7874 -0.6102 0.0827, -0.7874 0.6102 0.0827, -0.7874 0.6102 0.2008, -0.7847 0.6306 0.2008, -0.7847 0.6306 0.0827, -0.7769 0.6496 0.2008, -0.7769 0.6496 0.0827, -0.7643 0.6659 0.2008, -0.7643 0.6659 0.0827, -0.748 0.6784 0.2008, -0.748 0.6784 0.0827, -0.729 0.6863 0.2008, -0.729 0.6863 0.0827, -0.7087 0.689 0.2008, -0.7087 0.689 0.0827, 0.4595 0.7087 0.7717, 0.4921 0.7874 0.7717, -0.4595 0.7087 0.7717, -0.4921 0.7874 0.7717, -0.7087 0.4595 0.7717, -0.7874 0.4921 0.7717, -0.7087 -0.4595 0.7717, -0.7874 -0.4921 0.7717, -0.4595 -0.7087 0.7717, -0.4921 -0.7874 0.7717, 0.4595 -0.7087 0.7717, 0.4921 -0.7874 0.7717, 0.7087 -0.4595 0.7717, 0.7874 -0.4921 0.7717, 0.7087 0.4595 0.7717, 0.7874 0.4921 0.7717, 0.4595 -0.7087 0.7913, 0.7087 -0.4595 0.7913, -0.4595 -0.7087 0.7913, -0.7087 -0.4595 0.7913, -0.7087 0.4595 0.7913, -0.4595 0.7087 0.7913, 0.4595 0.7087 0.7913, 0.7087 0.4595 0.7913
            ]
        }
        coordIndex [
            0,1,2,-1,0,2,3,-1,3,2,4,-1,3,4,5,-1,5,4,6,-1,5,6,7,-1,7,6,8,-1,7,8,9,-1,9,8,10,-1,9,10,11,-1,11,10,12,-1,11,12,13,-1,14,15,16,-1,14,16,17,-1,17,16,18,-1,17,18,19,-1,19,18,20,-1,19,20,21,-1,21,20,22,-1,21,22,23,-1,23,22,24,-1,23,24,25,-1,25,24,26,-1,25,26,27,-1,28,29,30,-1,28,30,31,-1,31,30,32,-1,31,32,33,-1,33,32,34,-1,33,34,35,-1,35,34,36,-1,35,36,37,-1,37,36,38,-1,37,38,39,-1,39,38,40,-1,39,40,41,-1,42,43,44,-1,42,44,45,-1,45,44,46,-1,45,46,47,-1,47,46,48,-1,47,48,49,-1,49,48,50,-1,49,50,51,-1,51,50,52,-1,51,52,53,-1,53,52,54,-1,53,54,55,-1,56,57,58,-1,58,57,59,-1,58,59,60,-1,60,59,61,-1,60,61,62,-1,62,61,63,-1,62,63,64,-1,64,63,65,-1,64,65,66,-1,66,65,67,-1,66,67,68,-1,68,67,69,-1,68,69,70,-1,70,69,71,-1,70,71,56,-1,56,71,57,-1,66,68,72,-1,72,68,73,-1,64,66,74,-1,74,66,72,-1,62,64,75,-1,75,64,74,-1,60,62,76,-1,76,62,75,-1,58,60,77,-1,77,60,76,-1,56,58,78,-1,78,58,77,-1,70,56,79,-1,79,56,78,-1,68,70,73,-1,73,70,79,-1,
        ]
    }
}
Shape{
    appearance Appearance {
        material  Material 	{
            diffuseColor 1.0 1.0 1.0
            specularColor 0.5019607843137255 0.5019607843137255 0.5019607843137255
            ambientIntensity 1.0
            transparency 0.0
            shininess 0.5
        }
    }
    geometry IndexedFaceSet {
        ccw TRUE
        solid FALSE
        coord DEF co Coordinate {
            point [
                0.0243 -0.4729 0.7953, 0.0243 -0.4771 0.7953, 0.0243 -0.4729 0.7913, 0.0243 -0.4771 0.7913, 0.0095 -0.4729 0.7953, 0.0095 -0.4729 0.7913, 0.0095 -0.44 0.7953, 0.0095 -0.44 0.7913, 0.0047 -0.44 0.7953, 0.0047 -0.44 0.7913, 0.0047 -0.4771 0.7953, 0.0047 -0.4771 0.7913, 0.0433 -0.4777 0.7953, 0.0433 -0.4777 0.7913, 0.0489 -0.4772 0.7953, 0.0466 -0.4774 0.7913, 0.0489 -0.4772 0.7913, 0.0529 -0.4759 0.7913, 0.0529 -0.4759 0.7953, 0.0536 -0.4756 0.7913, 0.0536 -0.4756 0.7953, 0.0536 -0.471 0.7953, 0.0536 -0.471 0.7913, 0.0499 -0.4726 0.7913, 0.0499 -0.4726 0.7953, 0.0457 -0.4734 0.7913, 0.0457 -0.4734 0.7953, 0.044 -0.4735 0.7913, 0.044 -0.4735 0.7953, 0.0407 -0.4731 0.7913, 0.0407 -0.4731 0.7953, 0.038 -0.4722 0.7913, 0.038 -0.4722 0.7953, 0.0355 -0.4705 0.7913, 0.0355 -0.4705 0.7953, 0.0345 -0.4696 0.7913, 0.0345 -0.4696 0.7953, 0.0327 -0.4672 0.7913, 0.0327 -0.4672 0.7953, 0.0315 -0.4642 0.7913, 0.0315 -0.4642 0.7953, 0.0309 -0.4606 0.7913, 0.0309 -0.4606 0.7953, 0.0308 -0.459 0.7913, 0.0308 -0.459 0.7953, 0.0314 -0.4539 0.7913, 0.0314 -0.4539 0.7953, 0.0327 -0.4507 0.7913, 0.0327 -0.4507 0.7953, 0.0345 -0.4481 0.7913, 0.0345 -0.4481 0.7953, 0.0347 -0.4478 0.7913, 0.0347 -0.4478 0.7953, 0.0371 -0.4459 0.7913, 0.0371 -0.4459 0.7953, 0.0399 -0.4445 0.7913, 0.0399 -0.4445 0.7953, 0.0431 -0.4438 0.7913, 0.0431 -0.4438 0.7953, 0.0448 -0.4437 0.7913, 0.0448 -0.4437 0.7953, 0.0494 -0.4443 0.7913, 0.0494 -0.4443 0.7953, 0.0531 -0.4457 0.7913, 0.0531 -0.4457 0.7953, 0.0536 -0.4459 0.7913, 0.0536 -0.4459 0.7953, 0.0536 -0.4409 0.7953, 0.0536 -0.4409 0.7913, 0.0448 -0.4394 0.7913, 0.0448 -0.4394 0.7953, 0.0487 -0.4397 0.7913, 0.0496 -0.4398 0.7953, 0.0496 -0.4398 0.7913, 0.0422 -0.4397 0.7913, 0.0394 -0.4401 0.7953, 0.0394 -0.4401 0.7913, 0.0355 -0.4416 0.7913, 0.0355 -0.4416 0.7953, 0.0321 -0.444 0.7913, 0.0321 -0.444 0.7953, 0.0312 -0.4449 0.7913, 0.0312 -0.4449 0.7953, 0.0285 -0.4484 0.7913, 0.0285 -0.4484 0.7953, 0.0275 -0.4507 0.7913, 0.0267 -0.4525 0.7953, 0.0267 -0.4525 0.7913, 0.0259 -0.4573 0.7913, 0.0259 -0.4573 0.7953, 0.0258 -0.4593 0.7913, 0.0258 -0.4593 0.7953, 0.0265 -0.4653 0.7913, 0.0265 -0.4653 0.7953, 0.0275 -0.4677 0.7913, 0.028 -0.4692 0.7953, 0.028 -0.4692 0.7913, 0.0302 -0.4723 0.7913, 0.0302 -0.4723 0.7953, 0.0306 -0.4727 0.7913, 0.0306 -0.4727 0.7953, 0.0404 -0.4775 0.7953, 0.0331 -0.4748 0.7913, 0.0331 -0.4748 0.7953, 0.0365 -0.4766 0.7913, 0.0365 -0.4766 0.7953, 0.0399 -0.4774 0.7913, 0.0404 -0.4775 0.7913, 0.0809 -0.4729 0.7953, 0.0809 -0.4771 0.7953, 0.0809 -0.4729 0.7913, 0.0809 -0.4771 0.7913, 0.0658 -0.4729 0.7913, 0.0658 -0.4729 0.7953, 0.0758 -0.4729 0.7913, 0.0658 -0.4604 0.7953, 0.0658 -0.4604 0.7913, 0.079 -0.4604 0.7953, 0.0758 -0.4604 0.7913, 0.079 -0.4604 0.7913, 0.079 -0.4562 0.7953, 0.079 -0.4562 0.7913, 0.0658 -0.4562 0.7913, 0.0658 -0.4562 0.7953, 0.0758 -0.4562 0.7913, 0.0658 -0.4443 0.7953, 0.0658 -0.4443 0.7913, 0.0801 -0.4443 0.7953, 0.0758 -0.4443 0.7913, 0.0801 -0.4443 0.7913, 0.0801 -0.44 0.7953, 0.0801 -0.44 0.7913, 0.061 -0.44 0.7913, 0.061 -0.44 0.7953, 0.0758 -0.44 0.7913, 0.061 -0.4771 0.7953, 0.061 -0.4771 0.7913, 0.0758 -0.4771 0.7913, 0.1125 -0.4719 0.7953, 0.1087 -0.4694 0.7953, 0.1086 -0.4747 0.7953, 0.1063 -0.4711 0.7953, 0.1044 -0.4763 0.7953, 0.1032 -0.4723 0.7953, 0.0981 -0.4771 0.7953, 0.0981 -0.4729 0.7953, 0.0879 -0.4771 0.7953, 0.0927 -0.4729 0.7953, 0.0879 -0.44 0.7953, 0.0927 -0.4443 0.7953, 0.0985 -0.44 0.7953, 0.0983 -0.4443 0.7953, 0.0985 -0.4443 0.7953, 0.1041 -0.4407 0.7953, 0.1033 -0.4449 0.7953, 0.1086 -0.4423 0.7953, 0.1065 -0.4461 0.7953, 0.1125 -0.4449 0.7953, 0.109 -0.4478 0.7953, 0.1138 -0.4462 0.7953, 0.11 -0.4488 0.7953, 0.1161 -0.4495 0.7953, 0.1115 -0.4509 0.7953, 0.1175 -0.453 0.7953, 0.1125 -0.4536 0.7953, 0.1181 -0.4581 0.7953, 0.1131 -0.4582 0.7953, 0.118 -0.4605 0.7953, 0.1129 -0.4607 0.7953, 0.1171 -0.4648 0.7953, 0.1122 -0.4641 0.7953, 0.1153 -0.4686 0.7953, 0.1109 -0.4668 0.7953, 0.1091 -0.469 0.7953, 0.0981 -0.4771 0.7913, 0.0879 -0.4771 0.7913, 0.1125 -0.4719 0.7913, 0.1044 -0.4763 0.7913, 0.1049 -0.4761 0.7913, 0.1086 -0.4747 0.7913, 0.1153 -0.4686 0.7913, 0.1171 -0.4648 0.7913, 0.118 -0.4605 0.7913, 0.1181 -0.4581 0.7913, 0.1175 -0.453 0.7913, 0.1161 -0.4495 0.7913, 0.1138 -0.4462 0.7913, 0.1125 -0.4449 0.7913, 0.0985 -0.44 0.7913, 0.1086 -0.4423 0.7913, 0.1049 -0.4409 0.7913, 0.1041 -0.4407 0.7913, 0.0879 -0.44 0.7913, 0.0983 -0.4443 0.7913, 0.0927 -0.4443 0.7913, 0.0927 -0.4729 0.7913, 0.0981 -0.4729 0.7913, 0.1091 -0.469 0.7913, 0.1087 -0.4694 0.7913, 0.1063 -0.4711 0.7913, 0.1032 -0.4723 0.7913, 0.1131 -0.4582 0.7913, 0.1129 -0.4607 0.7913, 0.1122 -0.4641 0.7913, 0.1109 -0.4668 0.7913, 0.109 -0.4478 0.7913, 0.11 -0.4488 0.7913, 0.1115 -0.4509 0.7913, 0.1125 -0.4536 0.7913, 0.0985 -0.4443 0.7913, 0.1033 -0.4449 0.7913, 0.1065 -0.4461 0.7913
            ]
        }
        coordIndex [
            0,1,2,-1,2,1,3,-1,4,0,5,-1,5,0,2,-1,6,4,7,-1,7,4,5,-1,8,6,9,-1,9,6,7,-1,10,8,11,-1,11,8,9,-1,1,10,3,-1,3,10,11,-1,6,8,4,-1,4,8,10,-1,4,10,0,-1,0,10,1,-1,12,13,14,-1,14,13,15,-1,15,16,14,-1,14,16,17,-1,14,17,18,-1,18,17,19,-1,18,19,20,-1,21,20,22,-1,22,20,19,-1,21,22,23,-1,21,23,24,-1,24,23,25,-1,24,25,26,-1,26,25,27,-1,26,27,28,-1,28,27,29,-1,28,29,30,-1,30,29,31,-1,30,31,32,-1,32,31,33,-1,32,33,34,-1,34,33,35,-1,34,35,36,-1,36,35,37,-1,36,37,38,-1,38,37,39,-1,38,39,40,-1,40,39,41,-1,40,41,42,-1,42,41,43,-1,42,43,44,-1,44,43,45,-1,44,45,46,-1,46,45,47,-1,46,47,48,-1,48,47,49,-1,48,49,50,-1,50,49,51,-1,50,51,52,-1,52,51,53,-1,52,53,54,-1,54,53,55,-1,54,55,56,-1,56,55,57,-1,56,57,58,-1,58,57,59,-1,58,59,60,-1,60,59,61,-1,60,61,62,-1,62,61,63,-1,62,63,64,-1,64,63,65,-1,64,65,66,-1,67,66,68,-1,68,66,65,-1,69,70,71,-1,71,70,72,-1,71,72,73,-1,73,72,67,-1,73,67,68,-1,70,69,74,-1,70,74,75,-1,74,76,75,-1,75,76,77,-1,75,77,78,-1,78,77,79,-1,78,79,80,-1,80,79,81,-1,80,81,82,-1,82,81,83,-1,82,83,84,-1,84,83,85,-1,84,85,86,-1,85,87,86,-1,86,87,88,-1,86,88,89,-1,89,88,90,-1,89,90,91,-1,91,90,92,-1,91,92,93,-1,93,92,94,-1,93,94,95,-1,94,96,95,-1,95,96,97,-1,95,97,98,-1,98,97,99,-1,98,99,100,-1,13,12,101,-1,100,99,102,-1,100,102,103,-1,103,102,104,-1,103,104,105,-1,105,104,106,-1,105,106,101,-1,101,106,107,-1,101,107,13,-1,82,52,80,-1,80,52,54,-1,80,54,78,-1,91,44,89,-1,89,44,46,-1,89,46,86,-1,86,46,84,-1,84,46,48,-1,84,48,82,-1,82,48,50,-1,82,50,52,-1,78,54,75,-1,75,54,56,-1,75,56,70,-1,20,21,18,-1,18,21,24,-1,18,24,14,-1,14,24,26,-1,14,26,12,-1,12,26,28,-1,12,28,101,-1,101,28,30,-1,101,30,105,-1,105,30,32,-1,105,32,103,-1,103,32,34,-1,103,34,100,-1,100,34,36,-1,100,36,98,-1,98,36,38,-1,98,38,95,-1,95,38,93,-1,93,38,40,-1,93,40,91,-1,91,40,42,-1,91,42,44,-1,56,58,70,-1,70,58,60,-1,70,60,72,-1,72,60,62,-1,72,62,67,-1,67,62,64,-1,67,64,66,-1,108,109,110,-1,110,109,111,-1,112,113,114,-1,114,113,108,-1,114,108,110,-1,115,113,116,-1,116,113,112,-1,115,116,117,-1,117,116,118,-1,117,118,119,-1,120,117,121,-1,121,117,119,-1,122,123,124,-1,124,123,120,-1,124,120,121,-1,125,123,126,-1,126,123,122,-1,125,126,127,-1,127,126,128,-1,127,128,129,-1,130,127,131,-1,131,127,129,-1,132,133,134,-1,134,133,130,-1,134,130,131,-1,135,133,136,-1,136,133,132,-1,135,136,109,-1,109,136,137,-1,109,137,111,-1,135,109,108,-1,108,113,135,-1,135,113,115,-1,135,115,133,-1,127,130,125,-1,125,130,133,-1,125,133,123,-1,123,133,115,-1,123,115,120,-1,120,115,117,-1,138,139,140,-1,140,139,141,-1,140,141,142,-1,142,141,143,-1,142,143,144,-1,144,143,145,-1,144,145,146,-1,146,145,147,-1,146,147,148,-1,148,147,149,-1,148,149,150,-1,149,151,150,-1,150,151,152,-1,150,152,153,-1,153,152,154,-1,153,154,155,-1,155,154,156,-1,155,156,157,-1,157,156,158,-1,157,158,159,-1,159,158,160,-1,159,160,161,-1,161,160,162,-1,161,162,163,-1,163,162,164,-1,163,164,165,-1,165,164,166,-1,165,166,167,-1,167,166,168,-1,167,168,169,-1,169,168,170,-1,169,170,171,-1,171,170,172,-1,171,172,138,-1,138,172,173,-1,138,173,139,-1,144,146,174,-1,174,146,175,-1,176,138,140,-1,144,174,177,-1,144,177,142,-1,142,177,178,-1,142,178,140,-1,140,178,179,-1,140,179,176,-1,138,176,180,-1,138,180,171,-1,171,180,181,-1,171,181,169,-1,169,181,182,-1,169,182,167,-1,167,182,183,-1,167,183,165,-1,165,183,184,-1,165,184,163,-1,163,184,185,-1,163,185,161,-1,161,185,186,-1,161,186,159,-1,159,186,187,-1,159,187,157,-1,188,150,153,-1,157,187,189,-1,157,189,155,-1,155,189,190,-1,155,190,153,-1,153,190,191,-1,153,191,188,-1,148,150,192,-1,192,150,188,-1,146,148,175,-1,175,148,192,-1,151,149,193,-1,193,149,194,-1,149,147,194,-1,194,147,195,-1,147,145,195,-1,195,145,196,-1,173,197,198,-1,173,198,139,-1,139,198,199,-1,139,199,141,-1,141,199,200,-1,141,200,143,-1,143,200,196,-1,143,196,145,-1,166,201,202,-1,166,202,168,-1,168,202,203,-1,168,203,170,-1,170,203,204,-1,170,204,172,-1,172,204,197,-1,172,197,173,-1,158,205,206,-1,158,206,160,-1,160,206,207,-1,160,207,162,-1,162,207,208,-1,162,208,164,-1,164,208,201,-1,164,201,166,-1,151,193,209,-1,151,209,152,-1,152,209,210,-1,152,210,154,-1,154,210,211,-1,154,211,156,-1,156,211,205,-1,156,205,158,-1,
        ]
    }
}
Shape{
    appearance Appearance {
        material  Material 	{
            diffuseColor 0.25098039215686274 0.25098039215686274 0.25098039215686274
            specularColor 0.12549019607843137 0.12549019607843137 0.12549019607843137
            ambientIntensity 0.251
            transparency 0.0
            shininess 0.5
        }
    }
    geometry IndexedFaceSet {
        ccw TRUE
        solid FALSE
        coord DEF co Coordinate {
            point [
                0.1063 -0.4711 0.7913, 0.1087 -0.4694 0.7913, 0.0985 -0.4443 0.7913, 0.0927 -0.4443 0.7913, 0.0927 -0.4729 0.7913, 0.0983 -0.4443 0.7913, 0.0981 -0.4729 0.7913, 0.1032 -0.4723 0.7913, 0.1091 -0.469 0.7913, 0.1109 -0.4668 0.7913, 0.1122 -0.4641 0.7913, 0.1131 -0.4582 0.7913, 0.109 -0.4478 0.7913, 0.1065 -0.4461 0.7913, 0.1125 -0.4536 0.7913, 0.1115 -0.4509 0.7913, 0.11 -0.4488 0.7913, 0.1129 -0.4607 0.7913, 0.1033 -0.4449 0.7913
            ]
        }
        coordIndex [
            0,1,2,-1,3,4,5,-1,5,4,6,-1,5,6,2,-1,2,6,7,-1,2,7,0,-1,1,8,2,-1,2,8,9,-1,2,9,10,-1,11,12,13,-1,14,15,11,-1,11,15,16,-1,11,16,12,-1,10,17,2,-1,2,17,11,-1,2,11,18,-1,18,11,13,-1,
        ]
    }
}
Shape{
    appearance Appearance {
        material  Material 	{
            diffuseColor 1.0 1.0 1.0
            specularColor 0.5019607843137255 0.5019607843137255 0.5019607843137255
            ambientIntensity 1.0
            transparency 0.0
            shininess 0.5
        }
    }
    geometry IndexedFaceSet {
        ccw TRUE
        solid FALSE
        coord DEF co Coordinate {
            point [
                0.1305 -0.4628 0.7953, 0.129 -0.467 0.7953, 0.143 -0.4628 0.7953, 0.1444 -0.467 0.7953, 0.1361 -0.4474 0.7953, 0.1343 -0.44 0.7953, 0.1201 -0.4771 0.7953, 0.1254 -0.4771 0.7953, 0.1364 -0.4463 0.7953, 0.1367 -0.4448 0.7953, 0.1394 -0.44 0.7953, 0.1368 -0.4448 0.7953, 0.1371 -0.4463 0.7953, 0.1374 -0.4474 0.7953, 0.1535 -0.4771 0.7953, 0.1482 -0.4771 0.7953, 0.1394 -0.44 0.7913, 0.1535 -0.4771 0.7913, 0.1343 -0.44 0.7913, 0.1201 -0.4771 0.7913, 0.1308 -0.4491 0.7913, 0.1254 -0.4771 0.7913, 0.129 -0.467 0.7913, 0.1444 -0.467 0.7913, 0.1308 -0.467 0.7913, 0.1482 -0.4771 0.7913, 0.1305 -0.4628 0.7913, 0.143 -0.4628 0.7913, 0.1374 -0.4474 0.7913, 0.1368 -0.4448 0.7913, 0.1371 -0.4463 0.7913, 0.1367 -0.4448 0.7913, 0.1361 -0.4474 0.7913, 0.1364 -0.4463 0.7913
            ]
        }
        coordIndex [
            0,1,2,-1,2,1,3,-1,4,5,0,-1,0,5,6,-1,0,6,1,-1,1,6,7,-1,4,8,5,-1,5,8,9,-1,5,9,10,-1,10,9,11,-1,10,11,12,-1,12,13,10,-1,10,13,2,-1,10,2,14,-1,14,2,3,-1,14,3,15,-1,10,14,16,-1,16,14,17,-1,5,10,18,-1,18,10,16,-1,19,6,20,-1,20,6,5,-1,20,5,18,-1,7,6,21,-1,21,6,19,-1,1,7,22,-1,22,7,21,-1,23,3,24,-1,24,3,1,-1,24,1,22,-1,15,3,25,-1,25,3,23,-1,14,15,17,-1,17,15,25,-1,0,2,26,-1,26,2,27,-1,2,13,27,-1,27,13,28,-1,11,29,30,-1,11,30,12,-1,12,30,28,-1,12,28,13,-1,11,9,29,-1,29,9,31,-1,4,32,33,-1,4,33,8,-1,8,33,31,-1,8,31,9,-1,4,0,32,-1,32,0,26,-1,
        ]
    }
}
Shape{
    appearance Appearance {
        material  Material 	{
            diffuseColor 0.25098039215686274 0.25098039215686274 0.25098039215686274
            specularColor 0.12549019607843137 0.12549019607843137 0.12549019607843137
            ambientIntensity 0.251
            transparency 0.0
            shininess 0.5
        }
    }
    geometry IndexedFaceSet {
        ccw TRUE
        solid FALSE
        coord DEF co Coordinate {
            point [
                0.1368 -0.4448 0.7913, 0.1367 -0.4448 0.7913, 0.1371 -0.4463 0.7913, 0.1364 -0.4463 0.7913, 0.1374 -0.4474 0.7913, 0.1361 -0.4474 0.7913, 0.143 -0.4628 0.7913, 0.1305 -0.4628 0.7913
            ]
        }
        coordIndex [
            0,1,2,-1,2,1,3,-1,2,3,4,-1,4,3,5,-1,4,5,6,-1,6,5,7,-1,
        ]
    }
}
Shape{
    appearance Appearance {
        material  Material 	{
            diffuseColor 1.0 1.0 1.0
            specularColor 0.5019607843137255 0.5019607843137255 0.5019607843137255
            ambientIntensity 1.0
            transparency 0.0
            shininess 0.5
        }
    }
    geometry IndexedFaceSet {
        ccw TRUE
        solid FALSE
        coord DEF co Coordinate {
            point [
                0.0247 -0.5317 0.7953, 0.0247 -0.5359 0.7953, 0.0247 -0.5317 0.7913, 0.0247 -0.5359 0.7913, 0.0095 -0.5317 0.7953, 0.0095 -0.5317 0.7913, 0.0095 -0.5192 0.7953, 0.0095 -0.5192 0.7913, 0.0228 -0.5192 0.7953, 0.0228 -0.5192 0.7913, 0.0228 -0.515 0.7953, 0.0228 -0.515 0.7913, 0.0095 -0.515 0.7953, 0.0095 -0.515 0.7913, 0.0095 -0.5031 0.7953, 0.0095 -0.5031 0.7913, 0.0238 -0.5031 0.7953, 0.0238 -0.5031 0.7913, 0.0238 -0.4988 0.7953, 0.0238 -0.4988 0.7913, 0.0047 -0.4988 0.7953, 0.0047 -0.4988 0.7913, 0.0047 -0.5359 0.7953, 0.0047 -0.5359 0.7913, 0.0457 -0.5359 0.7953, 0.0504 -0.5359 0.7953, 0.0457 -0.5318 0.7953, 0.0504 -0.5189 0.7953, 0.0457 -0.5191 0.7953, 0.0356 -0.5246 0.7953, 0.0367 -0.5241 0.7953, 0.0456 -0.5318 0.7953, 0.0432 -0.5311 0.7953, 0.0449 -0.533 0.7953, 0.0419 -0.532 0.7953, 0.0395 -0.5235 0.7953, 0.0457 -0.5226 0.7953, 0.0457 -0.5252 0.7953, 0.0457 -0.5255 0.7953, 0.0454 -0.5275 0.7953, 0.0448 -0.5292 0.7953, 0.0438 -0.5306 0.7953, 0.0456 -0.517 0.7953, 0.05 -0.5154 0.7953, 0.0451 -0.5154 0.7953, 0.0493 -0.5133 0.7953, 0.0446 -0.5144 0.7953, 0.0484 -0.5118 0.7953, 0.0439 -0.5137 0.7953, 0.0471 -0.5106 0.7953, 0.043 -0.5131 0.7953, 0.0456 -0.5097 0.7953, 0.042 -0.5128 0.7953, 0.0436 -0.5091 0.7953, 0.0404 -0.5126 0.7953, 0.0408 -0.5088 0.7953, 0.0374 -0.5129 0.7953, 0.0361 -0.5094 0.7953, 0.0345 -0.514 0.7953, 0.0327 -0.5107 0.7953, 0.0317 -0.5158 0.7953, 0.0317 -0.5113 0.7953, 0.0348 -0.5311 0.7953, 0.0314 -0.5344 0.7953, 0.0352 -0.5315 0.7953, 0.033 -0.5355 0.7953, 0.0361 -0.5322 0.7953, 0.0347 -0.5362 0.7953, 0.0371 -0.5325 0.7953, 0.0375 -0.5365 0.7953, 0.0387 -0.5327 0.7953, 0.0399 -0.5363 0.7953, 0.0405 -0.5325 0.7953, 0.0418 -0.5356 0.7953, 0.0434 -0.5345 0.7953, 0.0339 -0.5277 0.7953, 0.0291 -0.5282 0.7953, 0.0338 -0.5284 0.7953, 0.0291 -0.5288 0.7953, 0.0339 -0.5295 0.7953, 0.0293 -0.5309 0.7953, 0.0342 -0.5304 0.7953, 0.0299 -0.5325 0.7953, 0.0309 -0.5339 0.7953, 0.0379 -0.5202 0.7953, 0.0345 -0.521 0.7953, 0.0351 -0.5251 0.7953, 0.0325 -0.522 0.7953, 0.0345 -0.5258 0.7953, 0.031 -0.5232 0.7953, 0.0341 -0.5266 0.7953, 0.0301 -0.5246 0.7953, 0.0294 -0.5262 0.7953, 0.0408 -0.5088 0.7913, 0.0361 -0.5094 0.7913, 0.0327 -0.5107 0.7913, 0.0317 -0.5113 0.7913, 0.0317 -0.5158 0.7913, 0.0345 -0.514 0.7913, 0.0374 -0.5129 0.7913, 0.0404 -0.5126 0.7913, 0.042 -0.5128 0.7913, 0.043 -0.5131 0.7913, 0.0439 -0.5137 0.7913, 0.0446 -0.5144 0.7913, 0.0451 -0.5154 0.7913, 0.0456 -0.517 0.7913, 0.0457 -0.5191 0.7913, 0.0379 -0.5202 0.7913, 0.0345 -0.521 0.7913, 0.0325 -0.522 0.7913, 0.031 -0.5232 0.7913, 0.0301 -0.5246 0.7913, 0.0294 -0.5262 0.7913, 0.0291 -0.5282 0.7913, 0.0291 -0.5288 0.7913, 0.0293 -0.5309 0.7913, 0.0299 -0.5325 0.7913, 0.0309 -0.5339 0.7913, 0.0314 -0.5344 0.7913, 0.0375 -0.5365 0.7913, 0.0348 -0.5362 0.7913, 0.0347 -0.5362 0.7913, 0.033 -0.5355 0.7913, 0.0399 -0.5363 0.7913, 0.04 -0.5362 0.7913, 0.0418 -0.5356 0.7913, 0.0434 -0.5345 0.7913, 0.0449 -0.533 0.7913, 0.0456 -0.5318 0.7913, 0.0457 -0.5318 0.7913, 0.0457 -0.5359 0.7913, 0.0504 -0.5359 0.7913, 0.0504 -0.5189 0.7913, 0.05 -0.5154 0.7913, 0.0493 -0.5133 0.7913, 0.0484 -0.5118 0.7913, 0.0471 -0.5106 0.7913, 0.0456 -0.5097 0.7913, 0.0436 -0.5091 0.7913, 0.0351 -0.5251 0.7913, 0.0356 -0.5246 0.7913, 0.0367 -0.5241 0.7913, 0.0395 -0.5235 0.7913, 0.0338 -0.5284 0.7913, 0.0339 -0.5277 0.7913, 0.0341 -0.5266 0.7913, 0.0345 -0.5258 0.7913, 0.0352 -0.5315 0.7913, 0.0348 -0.5311 0.7913, 0.0342 -0.5304 0.7913, 0.0339 -0.5295 0.7913, 0.0387 -0.5327 0.7913, 0.0371 -0.5325 0.7913, 0.0361 -0.5322 0.7913, 0.0438 -0.5306 0.7913, 0.0432 -0.5311 0.7913, 0.0419 -0.532 0.7913, 0.0405 -0.5325 0.7913, 0.0457 -0.5252 0.7913, 0.0457 -0.5255 0.7913, 0.0454 -0.5275 0.7913, 0.0448 -0.5292 0.7913, 0.0457 -0.5226 0.7913
            ]
        }
        coordIndex [
            0,1,2,-1,2,1,3,-1,4,0,5,-1,5,0,2,-1,6,4,7,-1,7,4,5,-1,8,6,9,-1,9,6,7,-1,10,8,11,-1,11,8,9,-1,12,10,13,-1,13,10,11,-1,14,12,15,-1,15,12,13,-1,16,14,17,-1,17,14,15,-1,18,16,19,-1,19,16,17,-1,20,18,21,-1,21,18,19,-1,22,20,23,-1,23,20,21,-1,1,22,3,-1,3,22,23,-1,22,1,0,-1,0,4,22,-1,22,4,6,-1,22,6,20,-1,16,18,14,-1,14,18,20,-1,14,20,12,-1,12,20,6,-1,12,6,10,-1,10,6,8,-1,24,25,26,-1,26,25,27,-1,28,29,30,-1,31,32,33,-1,33,32,34,-1,35,36,27,-1,27,36,37,-1,37,38,27,-1,27,38,39,-1,27,39,26,-1,26,39,40,-1,26,40,31,-1,31,40,41,-1,31,41,32,-1,30,35,28,-1,28,35,27,-1,28,27,42,-1,42,27,43,-1,42,43,44,-1,44,43,45,-1,44,45,46,-1,46,45,47,-1,46,47,48,-1,48,47,49,-1,48,49,50,-1,50,49,51,-1,50,51,52,-1,52,51,53,-1,52,53,54,-1,54,53,55,-1,54,55,56,-1,56,55,57,-1,56,57,58,-1,58,57,59,-1,58,59,60,-1,60,59,61,-1,62,63,64,-1,64,63,65,-1,64,65,66,-1,66,65,67,-1,66,67,68,-1,68,67,69,-1,68,69,70,-1,70,69,71,-1,70,71,72,-1,72,71,73,-1,72,73,34,-1,34,73,74,-1,34,74,33,-1,75,76,77,-1,77,76,78,-1,77,78,79,-1,79,78,80,-1,79,80,81,-1,81,80,82,-1,81,82,62,-1,62,82,83,-1,62,83,63,-1,28,84,29,-1,29,84,85,-1,29,85,86,-1,86,85,87,-1,86,87,88,-1,88,87,89,-1,88,89,90,-1,90,89,91,-1,90,91,75,-1,75,91,92,-1,75,92,76,-1,55,93,94,-1,55,94,57,-1,57,94,95,-1,57,95,59,-1,59,95,96,-1,59,96,61,-1,60,61,97,-1,97,61,96,-1,60,97,98,-1,60,98,58,-1,58,98,99,-1,58,99,56,-1,56,99,100,-1,56,100,54,-1,54,100,101,-1,54,101,52,-1,52,101,102,-1,52,102,50,-1,50,102,103,-1,50,103,48,-1,48,103,104,-1,48,104,46,-1,46,104,105,-1,46,105,44,-1,44,105,106,-1,44,106,42,-1,42,106,107,-1,42,107,28,-1,84,28,108,-1,108,28,107,-1,84,108,109,-1,84,109,85,-1,85,109,110,-1,85,110,87,-1,87,110,111,-1,87,111,89,-1,89,111,112,-1,89,112,91,-1,91,112,113,-1,91,113,92,-1,92,113,114,-1,92,114,76,-1,76,114,115,-1,76,115,78,-1,78,115,116,-1,78,116,80,-1,80,116,117,-1,80,117,82,-1,82,117,118,-1,82,118,83,-1,83,118,119,-1,83,119,63,-1,120,69,121,-1,121,69,67,-1,121,67,122,-1,122,67,65,-1,122,65,123,-1,123,65,63,-1,123,63,119,-1,69,120,124,-1,69,124,71,-1,71,124,125,-1,71,125,73,-1,125,126,73,-1,73,126,127,-1,73,127,74,-1,74,127,128,-1,74,128,33,-1,33,128,129,-1,33,129,31,-1,26,31,130,-1,130,31,129,-1,24,26,131,-1,131,26,130,-1,25,24,132,-1,132,24,131,-1,27,25,133,-1,133,25,132,-1,27,133,134,-1,27,134,43,-1,43,134,135,-1,43,135,45,-1,45,135,136,-1,45,136,47,-1,47,136,137,-1,47,137,49,-1,49,137,138,-1,49,138,51,-1,51,138,139,-1,51,139,53,-1,53,139,93,-1,53,93,55,-1,86,140,141,-1,86,141,29,-1,29,141,142,-1,29,142,30,-1,30,142,143,-1,30,143,35,-1,77,144,145,-1,77,145,75,-1,75,145,146,-1,75,146,90,-1,90,146,147,-1,90,147,88,-1,88,147,140,-1,88,140,86,-1,64,148,149,-1,64,149,62,-1,62,149,150,-1,62,150,81,-1,81,150,151,-1,81,151,79,-1,79,151,144,-1,79,144,77,-1,70,152,153,-1,70,153,68,-1,68,153,154,-1,68,154,66,-1,66,154,148,-1,66,148,64,-1,41,155,156,-1,41,156,32,-1,32,156,157,-1,32,157,34,-1,34,157,158,-1,34,158,72,-1,72,158,152,-1,72,152,70,-1,37,159,160,-1,37,160,38,-1,38,160,161,-1,38,161,39,-1,39,161,162,-1,39,162,40,-1,40,162,155,-1,40,155,41,-1,37,36,159,-1,159,36,163,-1,36,35,163,-1,163,35,143,-1,
        ]
    }
}
Shape{
    appearance Appearance {
        material  Material 	{
            diffuseColor 0.25098039215686274 0.25098039215686274 0.25098039215686274
            specularColor 0.12549019607843137 0.12549019607843137 0.12549019607843137
            ambientIntensity 0.251
            transparency 0.0
            shininess 0.5
        }
    }
    geometry IndexedFaceSet {
        ccw TRUE
        solid FALSE
        coord DEF co Coordinate {
            point [
                0.0457 -0.5255 0.7913, 0.0457 -0.5252 0.7913, 0.0351 -0.5251 0.7913, 0.0457 -0.5226 0.7913, 0.0395 -0.5235 0.7913, 0.0367 -0.5241 0.7913, 0.0356 -0.5246 0.7913, 0.0454 -0.5275 0.7913, 0.0345 -0.5258 0.7913, 0.0448 -0.5292 0.7913, 0.0348 -0.5311 0.7913, 0.0352 -0.5315 0.7913, 0.0432 -0.5311 0.7913, 0.0342 -0.5304 0.7913, 0.0419 -0.532 0.7913, 0.0405 -0.5325 0.7913, 0.0387 -0.5327 0.7913, 0.0341 -0.5266 0.7913, 0.0339 -0.5277 0.7913, 0.0438 -0.5306 0.7913, 0.0338 -0.5284 0.7913, 0.0339 -0.5295 0.7913, 0.0361 -0.5322 0.7913, 0.0371 -0.5325 0.7913
            ]
        }
        coordIndex [
            0,1,2,-1,1,3,4,-1,4,5,1,-1,1,5,6,-1,1,6,2,-1,0,2,7,-1,7,2,8,-1,7,8,9,-1,10,11,12,-1,10,12,13,-1,14,12,15,-1,15,12,16,-1,8,17,9,-1,9,17,18,-1,9,18,19,-1,19,18,20,-1,19,20,12,-1,12,20,21,-1,12,21,13,-1,11,22,12,-1,12,22,23,-1,12,23,16,-1,
        ]
    }
}
Shape{
    appearance Appearance {
        material  Material 	{
            diffuseColor 1.0 1.0 1.0
            specularColor 0.5019607843137255 0.5019607843137255 0.5019607843137255
            ambientIntensity 1.0
            transparency 0.0
            shininess 0.5
        }
    }
    geometry IndexedFaceSet {
        ccw TRUE
        solid FALSE
        coord DEF co Coordinate {
            point [
                0.0567 -0.5302 0.7913, 0.0567 -0.5302 0.7953, 0.0585 -0.5313 0.7953, 0.0643 -0.5327 0.7953, 0.0643 -0.5327 0.7913, 0.0614 -0.5324 0.7913, 0.0614 -0.5324 0.7953, 0.0588 -0.5314 0.7913, 0.0585 -0.5313 0.7913, 0.0567 -0.535 0.7953, 0.0567 -0.535 0.7913, 0.0588 -0.5358 0.7913, 0.0596 -0.536 0.7953, 0.0639 -0.5365 0.7913, 0.0639 -0.5365 0.7953, 0.0611 -0.5362 0.7913, 0.0596 -0.536 0.7913, 0.067 -0.5362 0.7913, 0.0674 -0.5362 0.7953, 0.0674 -0.5362 0.7913, 0.07 -0.5353 0.7913, 0.07 -0.5353 0.7953, 0.0716 -0.5344 0.7913, 0.0716 -0.5344 0.7953, 0.0729 -0.5333 0.7913, 0.0729 -0.5333 0.7953, 0.0738 -0.532 0.7913, 0.0738 -0.532 0.7953, 0.0743 -0.5306 0.7913, 0.0743 -0.5306 0.7953, 0.0746 -0.5287 0.7913, 0.0746 -0.5287 0.7953, 0.0744 -0.527 0.7913, 0.0744 -0.527 0.7953, 0.0739 -0.5256 0.7913, 0.0739 -0.5256 0.7953, 0.073 -0.5243 0.7913, 0.073 -0.5243 0.7953, 0.0719 -0.5233 0.7913, 0.0719 -0.5233 0.7953, 0.0688 -0.5216 0.7913, 0.0688 -0.5216 0.7953, 0.067 -0.5209 0.7913, 0.067 -0.5209 0.7953, 0.0641 -0.5196 0.7913, 0.0641 -0.5196 0.7953, 0.0625 -0.5186 0.7913, 0.0625 -0.5186 0.7953, 0.0621 -0.5181 0.7913, 0.0621 -0.5181 0.7953, 0.0617 -0.5175 0.7913, 0.0617 -0.5175 0.7953, 0.0615 -0.5168 0.7913, 0.0615 -0.5168 0.7953, 0.0615 -0.5162 0.7913, 0.0615 -0.5162 0.7953, 0.0616 -0.5154 0.7913, 0.0616 -0.5154 0.7953, 0.0618 -0.5148 0.7913, 0.0618 -0.5148 0.7953, 0.0622 -0.5142 0.7913, 0.0622 -0.5142 0.7953, 0.0629 -0.5136 0.7913, 0.0629 -0.5136 0.7953, 0.0639 -0.513 0.7913, 0.0639 -0.513 0.7953, 0.0652 -0.5127 0.7913, 0.0652 -0.5127 0.7953, 0.0666 -0.5126 0.7913, 0.0666 -0.5126 0.7953, 0.0696 -0.5129 0.7913, 0.0696 -0.5129 0.7953, 0.0722 -0.5139 0.7913, 0.0722 -0.5139 0.7953, 0.0733 -0.5145 0.7913, 0.0733 -0.5145 0.7953, 0.0733 -0.51 0.7953, 0.0733 -0.51 0.7913, 0.0702 -0.5091 0.7913, 0.0702 -0.5091 0.7953, 0.067 -0.5088 0.7913, 0.067 -0.5088 0.7953, 0.0637 -0.5092 0.7913, 0.0637 -0.5092 0.7953, 0.0611 -0.5101 0.7913, 0.0611 -0.5101 0.7953, 0.0597 -0.5109 0.7913, 0.0597 -0.5109 0.7953, 0.0588 -0.5117 0.7913, 0.0583 -0.5122 0.7953, 0.0583 -0.5122 0.7913, 0.0574 -0.5134 0.7913, 0.0574 -0.5134 0.7953, 0.0569 -0.5149 0.7913, 0.0569 -0.5149 0.7953, 0.0567 -0.5166 0.7913, 0.0567 -0.5166 0.7953, 0.0569 -0.5184 0.7913, 0.0569 -0.5184 0.7953, 0.0574 -0.5198 0.7913, 0.0574 -0.5198 0.7953, 0.058 -0.5208 0.7913, 0.058 -0.5208 0.7953, 0.0637 -0.5243 0.7913, 0.0637 -0.5243 0.7953, 0.061 -0.523 0.7953, 0.0588 -0.5216 0.7913, 0.0588 -0.5216 0.7953, 0.0588 -0.5216 0.7913, 0.061 -0.523 0.7913, 0.0668 -0.5255 0.7913, 0.0668 -0.5255 0.7953, 0.0686 -0.5266 0.7913, 0.0686 -0.5266 0.7953, 0.0692 -0.5272 0.7913, 0.0692 -0.5272 0.7953, 0.0695 -0.5279 0.7913, 0.0695 -0.5279 0.7953, 0.0697 -0.5286 0.7913, 0.0697 -0.5286 0.7953, 0.0698 -0.5292 0.7913, 0.0698 -0.5292 0.7953, 0.0697 -0.53 0.7913, 0.0697 -0.53 0.7953, 0.0695 -0.5307 0.7913, 0.0695 -0.5307 0.7953, 0.0691 -0.5313 0.7913, 0.0691 -0.5313 0.7953, 0.0685 -0.5318 0.7913, 0.0685 -0.5318 0.7953, 0.0681 -0.532 0.7913, 0.0681 -0.532 0.7953, 0.0669 -0.5325 0.7913, 0.0669 -0.5325 0.7953, 0.0645 -0.5327 0.7913, 0.0645 -0.5327 0.7953, 0.0976 -0.5094 0.7953, 0.1024 -0.5094 0.7953, 0.0976 -0.5094 0.7913, 0.1024 -0.5094 0.7913, 0.0903 -0.5294 0.7953, 0.0903 -0.5294 0.7913, 0.09 -0.5306 0.7913, 0.09 -0.5306 0.7953, 0.0898 -0.5315 0.7913, 0.0898 -0.5315 0.7953, 0.0897 -0.5315 0.7953, 0.0897 -0.5315 0.7913, 0.0891 -0.5293 0.7953, 0.0891 -0.5293 0.7913, 0.0822 -0.5094 0.7953, 0.0844 -0.5159 0.7913, 0.0822 -0.5094 0.7913, 0.077 -0.5094 0.7953, 0.077 -0.5094 0.7913, 0.0874 -0.5359 0.7953, 0.0844 -0.5283 0.7913, 0.0874 -0.5359 0.7913, 0.0853 -0.5407 0.7913, 0.0853 -0.5407 0.7953, 0.0872 -0.5362 0.7913, 0.0844 -0.5423 0.7913, 0.0844 -0.5423 0.7953, 0.0835 -0.5433 0.7913, 0.0835 -0.5433 0.7953, 0.0827 -0.5439 0.7913, 0.0827 -0.5439 0.7953, 0.0817 -0.5443 0.7913, 0.0817 -0.5443 0.7953, 0.0806 -0.5444 0.7913, 0.0806 -0.5444 0.7953, 0.0789 -0.5442 0.7913, 0.0789 -0.5442 0.7953, 0.0779 -0.5439 0.7913, 0.0779 -0.5439 0.7953, 0.0779 -0.548 0.7953, 0.0779 -0.548 0.7913, 0.0799 -0.5483 0.7913, 0.0799 -0.5483 0.7953, 0.0809 -0.5484 0.7913, 0.0809 -0.5484 0.7953, 0.0828 -0.5482 0.7913, 0.0828 -0.5482 0.7953, 0.0844 -0.5475 0.7913, 0.0846 -0.5475 0.7953, 0.0846 -0.5475 0.7913, 0.0863 -0.5463 0.7913, 0.0863 -0.5463 0.7953, 0.0866 -0.546 0.7913, 0.0866 -0.546 0.7953, 0.0883 -0.544 0.7913, 0.0883 -0.544 0.7953, 0.0904 -0.5399 0.7913, 0.0904 -0.5399 0.7953, 0.0918 -0.5362 0.7913, 0.1273 -0.5317 0.7953, 0.1273 -0.5359 0.7953, 0.1273 -0.5317 0.7913, 0.1273 -0.5359 0.7913, 0.1122 -0.5317 0.7953, 0.1191 -0.5317 0.7913, 0.1122 -0.5317 0.7913, 0.1122 -0.5192 0.7953, 0.1122 -0.5192 0.7913, 0.1254 -0.5192 0.7953, 0.1191 -0.5192 0.7913, 0.1254 -0.5192 0.7913, 0.1254 -0.515 0.7953, 0.1254 -0.515 0.7913, 0.1122 -0.515 0.7913, 0.1122 -0.515 0.7953, 0.1191 -0.515 0.7913, 0.1122 -0.5031 0.7953, 0.1122 -0.5031 0.7913, 0.1265 -0.5031 0.7913, 0.1265 -0.5031 0.7953, 0.1191 -0.5031 0.7913, 0.1265 -0.4988 0.7953, 0.1265 -0.4988 0.7913, 0.1074 -0.4988 0.7913, 0.1074 -0.4988 0.7953, 0.1191 -0.4988 0.7913, 0.1074 -0.5359 0.7953, 0.1074 -0.5359 0.7913, 0.1191 -0.5359 0.7913, 0.1589 -0.5307 0.7953, 0.1551 -0.5282 0.7953, 0.155 -0.5335 0.7953, 0.1527 -0.5299 0.7953, 0.1508 -0.5351 0.7953, 0.1496 -0.5311 0.7953, 0.1445 -0.5359 0.7953, 0.1445 -0.5317 0.7953, 0.1343 -0.5359 0.7953, 0.1391 -0.5317 0.7953, 0.1343 -0.4988 0.7953, 0.1391 -0.5031 0.7953, 0.1449 -0.4988 0.7953, 0.1447 -0.5031 0.7953, 0.145 -0.5031 0.7953, 0.1506 -0.4995 0.7953, 0.1498 -0.5037 0.7953, 0.155 -0.5011 0.7953, 0.1529 -0.5049 0.7953, 0.1589 -0.5037 0.7953, 0.1554 -0.5066 0.7953, 0.1602 -0.505 0.7953, 0.1565 -0.5076 0.7953, 0.1625 -0.5083 0.7953, 0.1579 -0.5097 0.7953, 0.1639 -0.5118 0.7953, 0.1589 -0.5124 0.7953, 0.1645 -0.5169 0.7953, 0.1595 -0.517 0.7953, 0.1644 -0.5193 0.7953, 0.1593 -0.5195 0.7953, 0.1635 -0.5236 0.7953, 0.1586 -0.5229 0.7953, 0.1617 -0.5274 0.7953, 0.1573 -0.5256 0.7953, 0.1555 -0.5278 0.7953, 0.1445 -0.5359 0.7913, 0.1343 -0.5359 0.7913, 0.1508 -0.5351 0.7913, 0.155 -0.5335 0.7913, 0.1589 -0.5307 0.7913, 0.1617 -0.5274 0.7913, 0.1635 -0.5236 0.7913, 0.1644 -0.5193 0.7913, 0.1645 -0.5169 0.7913, 0.1639 -0.5118 0.7913, 0.1625 -0.5083 0.7913, 0.1602 -0.505 0.7913, 0.1589 -0.5037 0.7913, 0.155 -0.5011 0.7913, 0.1506 -0.4995 0.7913, 0.1449 -0.4988 0.7913, 0.1343 -0.4988 0.7913, 0.1447 -0.5031 0.7913, 0.1391 -0.5031 0.7913, 0.1391 -0.5317 0.7913, 0.1445 -0.5317 0.7913, 0.1555 -0.5278 0.7913, 0.1551 -0.5282 0.7913, 0.1527 -0.5299 0.7913, 0.1496 -0.5311 0.7913, 0.1595 -0.517 0.7913, 0.1593 -0.5195 0.7913, 0.1586 -0.5229 0.7913, 0.1573 -0.5256 0.7913, 0.1554 -0.5066 0.7913, 0.1565 -0.5076 0.7913, 0.1579 -0.5097 0.7913, 0.1589 -0.5124 0.7913, 0.145 -0.5031 0.7913, 0.1498 -0.5037 0.7913, 0.1529 -0.5049 0.7913
            ]
        }
        coordIndex [
            0,1,2,-1,3,4,5,-1,3,5,6,-1,6,5,7,-1,6,7,2,-1,2,7,8,-1,2,8,0,-1,9,1,10,-1,10,1,0,-1,10,11,9,-1,9,11,12,-1,13,14,15,-1,15,14,12,-1,15,12,16,-1,16,12,11,-1,13,17,14,-1,14,17,18,-1,17,19,18,-1,18,19,20,-1,18,20,21,-1,21,20,22,-1,21,22,23,-1,23,22,24,-1,23,24,25,-1,25,24,26,-1,25,26,27,-1,27,26,28,-1,27,28,29,-1,29,28,30,-1,29,30,31,-1,31,30,32,-1,31,32,33,-1,33,32,34,-1,33,34,35,-1,35,34,36,-1,35,36,37,-1,37,36,38,-1,37,38,39,-1,39,38,40,-1,39,40,41,-1,41,40,42,-1,41,42,43,-1,43,42,44,-1,43,44,45,-1,45,44,46,-1,45,46,47,-1,47,46,48,-1,47,48,49,-1,49,48,50,-1,49,50,51,-1,51,50,52,-1,51,52,53,-1,53,52,54,-1,53,54,55,-1,55,54,56,-1,55,56,57,-1,57,56,58,-1,57,58,59,-1,59,58,60,-1,59,60,61,-1,61,60,62,-1,61,62,63,-1,63,62,64,-1,63,64,65,-1,65,64,66,-1,65,66,67,-1,67,66,68,-1,67,68,69,-1,69,68,70,-1,69,70,71,-1,71,70,72,-1,71,72,73,-1,73,72,74,-1,73,74,75,-1,76,75,77,-1,77,75,74,-1,76,77,78,-1,76,78,79,-1,79,78,80,-1,79,80,81,-1,81,80,82,-1,81,82,83,-1,83,82,84,-1,83,84,85,-1,85,84,86,-1,85,86,87,-1,86,88,87,-1,87,88,89,-1,88,90,89,-1,89,90,91,-1,89,91,92,-1,92,91,93,-1,92,93,94,-1,94,93,95,-1,94,95,96,-1,96,95,97,-1,96,97,98,-1,98,97,99,-1,98,99,100,-1,100,99,101,-1,100,101,102,-1,103,104,105,-1,102,101,106,-1,102,106,107,-1,107,106,108,-1,107,108,105,-1,105,108,109,-1,105,109,103,-1,104,103,110,-1,104,110,111,-1,111,110,112,-1,111,112,113,-1,113,112,114,-1,113,114,115,-1,115,114,116,-1,115,116,117,-1,117,116,118,-1,117,118,119,-1,119,118,120,-1,119,120,121,-1,121,120,122,-1,121,122,123,-1,123,122,124,-1,123,124,125,-1,125,124,126,-1,125,126,127,-1,127,126,128,-1,127,128,129,-1,129,128,130,-1,129,130,131,-1,131,130,132,-1,131,132,133,-1,133,132,134,-1,133,134,135,-1,135,134,4,-1,135,4,3,-1,61,63,85,-1,85,63,83,-1,45,104,43,-1,43,104,111,-1,43,111,41,-1,14,3,12,-1,12,3,6,-1,12,6,9,-1,9,6,2,-1,9,2,1,-1,63,65,83,-1,83,65,67,-1,83,67,81,-1,81,67,69,-1,81,69,79,-1,79,69,71,-1,79,71,76,-1,76,71,73,-1,76,73,75,-1,41,111,39,-1,39,111,113,-1,39,113,37,-1,37,113,115,-1,37,115,35,-1,35,115,117,-1,35,117,33,-1,33,117,119,-1,33,119,31,-1,31,119,121,-1,31,121,29,-1,29,121,123,-1,29,123,27,-1,27,123,125,-1,27,125,25,-1,25,125,127,-1,25,127,23,-1,23,127,129,-1,23,129,21,-1,21,129,131,-1,21,131,18,-1,18,131,133,-1,18,133,14,-1,14,133,135,-1,14,135,3,-1,85,87,61,-1,61,87,89,-1,61,89,59,-1,59,89,92,-1,59,92,57,-1,57,92,94,-1,57,94,55,-1,55,94,96,-1,55,96,53,-1,53,96,98,-1,53,98,51,-1,51,98,100,-1,51,100,49,-1,49,100,102,-1,49,102,47,-1,47,102,107,-1,47,107,45,-1,45,107,105,-1,45,105,104,-1,136,137,138,-1,138,137,139,-1,140,136,141,-1,141,136,138,-1,140,141,142,-1,140,142,143,-1,143,142,144,-1,143,144,145,-1,146,145,147,-1,147,145,144,-1,148,146,149,-1,149,146,147,-1,148,149,150,-1,150,149,151,-1,150,151,152,-1,153,150,154,-1,154,150,152,-1,153,154,155,-1,155,154,156,-1,155,156,157,-1,158,159,160,-1,160,159,155,-1,160,155,157,-1,159,158,161,-1,159,161,162,-1,162,161,163,-1,162,163,164,-1,164,163,165,-1,164,165,166,-1,166,165,167,-1,166,167,168,-1,168,167,169,-1,168,169,170,-1,170,169,171,-1,170,171,172,-1,172,171,173,-1,172,173,174,-1,175,174,176,-1,176,174,173,-1,175,176,177,-1,175,177,178,-1,178,177,179,-1,178,179,180,-1,180,179,181,-1,180,181,182,-1,182,181,183,-1,182,183,184,-1,183,185,184,-1,184,185,186,-1,184,186,187,-1,187,186,188,-1,187,188,189,-1,189,188,190,-1,189,190,191,-1,191,190,192,-1,191,192,193,-1,139,137,194,-1,194,137,193,-1,194,193,192,-1,143,145,193,-1,137,136,193,-1,193,136,140,-1,193,140,143,-1,150,153,148,-1,148,153,155,-1,148,155,146,-1,174,175,172,-1,172,175,178,-1,172,178,170,-1,170,178,180,-1,170,180,168,-1,168,180,182,-1,168,182,166,-1,166,182,184,-1,166,184,164,-1,145,146,193,-1,193,146,155,-1,193,155,191,-1,155,159,191,-1,191,159,162,-1,191,162,189,-1,189,162,164,-1,189,164,187,-1,187,164,184,-1,195,196,197,-1,197,196,198,-1,195,197,199,-1,199,197,200,-1,199,200,201,-1,202,199,203,-1,203,199,201,-1,202,203,204,-1,204,203,205,-1,204,205,206,-1,207,204,208,-1,208,204,206,-1,209,210,211,-1,211,210,207,-1,211,207,208,-1,212,210,213,-1,213,210,209,-1,214,215,216,-1,216,215,212,-1,216,212,213,-1,217,215,218,-1,218,215,214,-1,219,220,221,-1,221,220,217,-1,221,217,218,-1,222,220,223,-1,223,220,219,-1,222,223,196,-1,196,223,224,-1,196,224,198,-1,222,196,195,-1,195,199,222,-1,222,199,202,-1,222,202,220,-1,215,217,212,-1,212,217,220,-1,212,220,210,-1,210,220,202,-1,210,202,207,-1,207,202,204,-1,225,226,227,-1,227,226,228,-1,227,228,229,-1,229,228,230,-1,229,230,231,-1,231,230,232,-1,231,232,233,-1,233,232,234,-1,233,234,235,-1,235,234,236,-1,235,236,237,-1,236,238,237,-1,237,238,239,-1,237,239,240,-1,240,239,241,-1,240,241,242,-1,242,241,243,-1,242,243,244,-1,244,243,245,-1,244,245,246,-1,246,245,247,-1,246,247,248,-1,248,247,249,-1,248,249,250,-1,250,249,251,-1,250,251,252,-1,252,251,253,-1,252,253,254,-1,254,253,255,-1,254,255,256,-1,256,255,257,-1,256,257,258,-1,258,257,259,-1,258,259,225,-1,225,259,260,-1,225,260,226,-1,231,233,261,-1,261,233,262,-1,231,261,263,-1,231,263,229,-1,229,263,264,-1,229,264,227,-1,227,264,265,-1,227,265,225,-1,225,265,266,-1,225,266,258,-1,258,266,267,-1,258,267,256,-1,256,267,268,-1,256,268,254,-1,254,268,269,-1,254,269,252,-1,252,269,270,-1,252,270,250,-1,250,270,271,-1,250,271,248,-1,248,271,272,-1,248,272,246,-1,246,272,273,-1,246,273,244,-1,244,273,274,-1,244,274,242,-1,242,274,275,-1,242,275,240,-1,240,275,276,-1,240,276,237,-1,235,237,277,-1,277,237,276,-1,233,235,262,-1,262,235,277,-1,238,236,278,-1,278,236,279,-1,236,234,279,-1,279,234,280,-1,234,232,280,-1,280,232,281,-1,260,282,283,-1,260,283,226,-1,226,283,284,-1,226,284,228,-1,228,284,285,-1,228,285,230,-1,230,285,281,-1,230,281,232,-1,253,286,287,-1,253,287,255,-1,255,287,288,-1,255,288,257,-1,257,288,289,-1,257,289,259,-1,259,289,282,-1,259,282,260,-1,245,290,291,-1,245,291,247,-1,247,291,292,-1,247,292,249,-1,249,292,293,-1,249,293,251,-1,251,293,286,-1,251,286,253,-1,238,278,294,-1,238,294,239,-1,239,294,295,-1,239,295,241,-1,241,295,296,-1,241,296,243,-1,243,296,290,-1,243,290,245,-1,
        ]
    }
}
Shape{
    appearance Appearance {
        material  Material 	{
            diffuseColor 0.25098039215686274 0.25098039215686274 0.25098039215686274
            specularColor 0.12549019607843137 0.12549019607843137 0.12549019607843137
            ambientIntensity 0.251
            transparency 0.0
            shininess 0.5
        }
    }
    geometry IndexedFaceSet {
        ccw TRUE
        solid FALSE
        coord DEF co Coordinate {
            point [
                0.1527 -0.5299 0.7913, 0.1551 -0.5282 0.7913, 0.145 -0.5031 0.7913, 0.1391 -0.5031 0.7913, 0.1391 -0.5317 0.7913, 0.1447 -0.5031 0.7913, 0.1445 -0.5317 0.7913, 0.1496 -0.5311 0.7913, 0.1555 -0.5278 0.7913, 0.1573 -0.5256 0.7913, 0.1586 -0.5229 0.7913, 0.1595 -0.517 0.7913, 0.1554 -0.5066 0.7913, 0.1529 -0.5049 0.7913, 0.1589 -0.5124 0.7913, 0.1579 -0.5097 0.7913, 0.1565 -0.5076 0.7913, 0.1593 -0.5195 0.7913, 0.1498 -0.5037 0.7913
            ]
        }
        coordIndex [
            0,1,2,-1,3,4,5,-1,5,4,6,-1,5,6,2,-1,2,6,7,-1,2,7,0,-1,1,8,2,-1,2,8,9,-1,2,9,10,-1,11,12,13,-1,14,15,11,-1,11,15,16,-1,11,16,12,-1,10,17,2,-1,2,17,11,-1,2,11,18,-1,18,11,13,-1,
        ]
    }
}
Shape{
    appearance Appearance {
        material  Material 	{
            diffuseColor 1.0 1.0 1.0
            specularColor 0.5019607843137255 0.5019607843137255 0.5019607843137255
            ambientIntensity 1.0
            transparency 0.0
            shininess 0.5
        }
    }
    geometry IndexedFaceSet {
        ccw TRUE
        solid FALSE
        coord DEF co Coordinate {
            point [
                0.1769 -0.5216 0.7953, 0.1754 -0.5258 0.7953, 0.1894 -0.5216 0.7953, 0.1909 -0.5258 0.7953, 0.1825 -0.5062 0.7953, 0.1807 -0.4988 0.7953, 0.1666 -0.5359 0.7953, 0.1719 -0.5359 0.7953, 0.1828 -0.5051 0.7953, 0.1831 -0.5036 0.7953, 0.1858 -0.4988 0.7953, 0.1832 -0.5036 0.7953, 0.1835 -0.5051 0.7953, 0.1838 -0.5062 0.7953, 0.1999 -0.5359 0.7953, 0.1946 -0.5359 0.7953, 0.1858 -0.4988 0.7913, 0.1999 -0.5359 0.7913, 0.1807 -0.4988 0.7913, 0.1666 -0.5359 0.7913, 0.1719 -0.5359 0.7913, 0.1754 -0.5258 0.7913, 0.1909 -0.5258 0.7913, 0.1946 -0.5359 0.7913, 0.1769 -0.5216 0.7913, 0.1894 -0.5216 0.7913, 0.1838 -0.5062 0.7913, 0.1832 -0.5036 0.7913, 0.1835 -0.5051 0.7913, 0.1831 -0.5036 0.7913, 0.1825 -0.5062 0.7913, 0.1828 -0.5051 0.7913
            ]
        }
        coordIndex [
            0,1,2,-1,2,1,3,-1,4,5,0,-1,0,5,6,-1,0,6,1,-1,1,6,7,-1,4,8,5,-1,5,8,9,-1,5,9,10,-1,10,9,11,-1,10,11,12,-1,12,13,10,-1,10,13,2,-1,10,2,14,-1,14,2,3,-1,14,3,15,-1,10,14,16,-1,16,14,17,-1,5,10,18,-1,18,10,16,-1,6,5,19,-1,19,5,18,-1,7,6,20,-1,20,6,19,-1,1,7,21,-1,21,7,20,-1,3,1,22,-1,22,1,21,-1,15,3,23,-1,23,3,22,-1,14,15,17,-1,17,15,23,-1,0,2,24,-1,24,2,25,-1,2,13,25,-1,25,13,26,-1,11,27,28,-1,11,28,12,-1,12,28,26,-1,12,26,13,-1,11,9,27,-1,27,9,29,-1,4,30,31,-1,4,31,8,-1,8,31,29,-1,8,29,9,-1,4,0,30,-1,30,0,24,-1,
        ]
    }
}
Shape{
    appearance Appearance {
        material  Material 	{
            diffuseColor 0.25098039215686274 0.25098039215686274 0.25098039215686274
            specularColor 0.12549019607843137 0.12549019607843137 0.12549019607843137
            ambientIntensity 0.251
            transparency 0.0
            shininess 0.5
        }
    }
    geometry IndexedFaceSet {
        ccw TRUE
        solid FALSE
        coord DEF co Coordinate {
            point [
                0.1832 -0.5036 0.7913, 0.1831 -0.5036 0.7913, 0.1835 -0.5051 0.7913, 0.1828 -0.5051 0.7913, 0.1838 -0.5062 0.7913, 0.1825 -0.5062 0.7913, 0.1894 -0.5216 0.7913, 0.1769 -0.5216 0.7913
            ]
        }
        coordIndex [
            0,1,2,-1,2,1,3,-1,2,3,4,-1,4,3,5,-1,4,5,6,-1,6,5,7,-1,
        ]
    }
}
Shape{
    appearance Appearance {
        material  Material 	{
            diffuseColor 1.0 1.0 1.0
            specularColor 0.5019607843137255 0.5019607843137255 0.5019607843137255
            ambientIntensity 1.0
            transparency 0.0
            shininess 0.5
        }
    }
    geometry IndexedFaceSet {
        ccw TRUE
        solid FALSE
        coord DEF co Coordinate {
            point [
                -0.159 -0.5412 0.7953, -0.1551 -0.546 0.7953, -0.1614 -0.5179 0.7953, -0.1659 -0.4721 0.7953, -0.1601 -0.4689 0.7953, -0.1615 -0.4527 0.7953, -0.145 -0.452 0.7953, -0.1368 -0.4712 0.7953, -0.1328 -0.4629 0.7953, -0.1102 -0.5271 0.7953, -0.1102 -0.5244 0.7953, -0.1325 -0.518 0.7953, -0.135 -0.5172 0.7953, -0.1671 -0.5143 0.7953, -0.1649 -0.5345 0.7953, -0.1616 -0.5355 0.7953, -0.1511 -0.4514 0.7953, -0.1286 -0.5212 0.7953, -0.1274 -0.5234 0.7953, -0.1104 -0.5298 0.7953, -0.0733 -0.5049 0.7953, -0.0815 -0.491 0.7953, -0.1168 -0.5094 0.7953, -0.1368 -0.5171 0.7953, -0.1394 -0.5174 0.7953, -0.1429 -0.5012 0.7953, -0.1417 -0.5183 0.7953, -0.1487 -0.5035 0.7953, -0.1438 -0.5198 0.7953, -0.1541 -0.5072 0.7953, -0.1449 -0.5209 0.7953, -0.1584 -0.5122 0.7953, -0.1462 -0.5231 0.7953, -0.147 -0.5256 0.7953, -0.1471 -0.5282 0.7953, -0.127 -0.5022 0.7953, -0.1334 -0.5006 0.7953, -0.1366 -0.5005 0.7953, -0.1303 -0.5194 0.7953, -0.0646 -0.4788 0.7953, -0.0625 -0.4788 0.7953, -0.0517 -0.4646 0.7953, -0.0575 -0.4795 0.7953, -0.0504 -0.465 0.7953, -0.0529 -0.4812 0.7953, -0.0426 -0.4689 0.7953, -0.0354 -0.475 0.7953, -0.1396 -0.4457 0.7953, -0.1269 -0.4558 0.7953, -0.1334 -0.4404 0.7953, -0.1198 -0.4506 0.7953, -0.1262 -0.436 0.7953, -0.1536 -0.4674 0.7953, -0.1508 -0.4672 0.7953, -0.148 -0.4516 0.7953, -0.1446 -0.468 0.7953, -0.1387 -0.4702 0.7953, -0.1214 -0.5052 0.7953, -0.0354 -0.5242 0.7953, -0.0477 -0.5137 0.7953, -0.0425 -0.5302 0.7953, -0.0516 -0.5169 0.7953, -0.0506 -0.5342 0.7953, -0.0562 -0.5191 0.7953, -0.0594 -0.536 0.7953, -0.0609 -0.52 0.7953, -0.0749 -0.536 0.7953, -0.0728 -0.52 0.7953, -0.0764 -0.5358 0.7953, -0.1466 -0.5306 0.7953, -0.1455 -0.5328 0.7953, -0.0488 -0.4841 0.7953, -0.0458 -0.4875 0.7953, -0.0301 -0.4825 0.7953, -0.0433 -0.492 0.7953, -0.0268 -0.4905 0.7953, -0.0421 -0.4971 0.7953, -0.0256 -0.4991 0.7953, -0.042 -0.4994 0.7953, -0.0268 -0.5085 0.7953, -0.0426 -0.5045 0.7953, -0.0301 -0.5169 0.7953, -0.0444 -0.5092 0.7953, -0.0473 -0.5133 0.7953, -0.0659 -0.4438 0.7953, -0.0763 -0.4559 0.7953, -0.057 -0.4542 0.7953, -0.0703 -0.463 0.7953, -0.0662 -0.4715 0.7953, -0.1764 -0.4872 0.7953, -0.1937 -0.4916 0.7953, -0.1772 -0.4936 0.7953, -0.1938 -0.4941 0.7953, -0.1769 -0.4977 0.7953, -0.1925 -0.5045 0.7953, -0.175 -0.5041 0.7953, -0.1887 -0.5143 0.7953, -0.1718 -0.5095 0.7953, -0.1827 -0.5229 0.7953, -0.1745 -0.5299 0.7953, -0.1267 -0.5258 0.7953, -0.1266 -0.5283 0.7953, -0.1119 -0.5363 0.7953, -0.1272 -0.5309 0.7953, -0.115 -0.5422 0.7953, -0.1284 -0.5332 0.7953, -0.1191 -0.5467 0.7953, -0.13 -0.535 0.7953, -0.1243 -0.5504 0.7953, -0.132 -0.5364 0.7953, -0.1302 -0.5526 0.7953, -0.1343 -0.5373 0.7953, -0.1366 -0.5534 0.7953, -0.1368 -0.5376 0.7953, -0.1376 -0.5534 0.7953, -0.1373 -0.5376 0.7953, -0.1438 -0.5524 0.7953, -0.1397 -0.5372 0.7953, -0.1499 -0.5499 0.7953, -0.142 -0.5362 0.7953, -0.1441 -0.5347 0.7953, -0.114 -0.4315 0.7953, -0.1112 -0.4471 0.7953, -0.1018 -0.4301 0.7953, -0.1015 -0.4459 0.7953, -0.0896 -0.4315 0.7953, -0.0926 -0.447 0.7953, -0.0765 -0.4365 0.7953, -0.0843 -0.4502 0.7953, -0.0769 -0.4553 0.7953, -0.1712 -0.4565 0.7953, -0.1796 -0.4624 0.7953, -0.1705 -0.4761 0.7953, -0.1814 -0.4641 0.7953, -0.1741 -0.4813 0.7953, -0.1877 -0.4722 0.7953, -0.1919 -0.4817 0.7953, -0.0741 -0.5197 0.7953, -0.0805 -0.5333 0.7953, -0.0798 -0.5339 0.7953, -0.0733 -0.5199 0.7953, -0.0781 -0.5351 0.7953, -0.0826 -0.5279 0.7953, -0.0823 -0.5298 0.7953, -0.0816 -0.5316 0.7953, -0.0764 -0.52 0.7953, -0.0782 -0.5207 0.7953, -0.0825 -0.5268 0.7953, -0.0799 -0.5218 0.7953, -0.0809 -0.523 0.7953, -0.082 -0.5248 0.7953, -0.0744 -0.5197 0.7953, -0.0337 -0.4774 0.7913, -0.0301 -0.4825 0.7913, -0.0277 -0.4883 0.7913, -0.0268 -0.4905 0.7913, -0.0256 -0.4991 0.7913, -0.0354 -0.475 0.7913, -0.0426 -0.4689 0.7913, -0.0504 -0.465 0.7913, -0.0517 -0.4646 0.7913, -0.057 -0.4542 0.7913, -0.0659 -0.4438 0.7913, -0.0719 -0.4397 0.7913, -0.0765 -0.4365 0.7913, -0.0896 -0.4315 0.7913, -0.1018 -0.4301 0.7913, -0.1334 -0.4404 0.7913, -0.1324 -0.4397 0.7913, -0.1262 -0.436 0.7913, -0.114 -0.4315 0.7913, -0.1396 -0.4457 0.7913, -0.145 -0.452 0.7913, -0.148 -0.4516 0.7913, -0.1511 -0.4514 0.7913, -0.1615 -0.4527 0.7913, -0.1712 -0.4565 0.7913, -0.1796 -0.4624 0.7913, -0.1814 -0.4641 0.7913, -0.1877 -0.4722 0.7913, -0.19 -0.4774 0.7913, -0.1919 -0.4817 0.7913, -0.1931 -0.4883 0.7913, -0.1937 -0.4916 0.7913, -0.1938 -0.4941 0.7913, -0.1925 -0.5045 0.7913, -0.1887 -0.5143 0.7913, -0.1827 -0.5229 0.7913, -0.1745 -0.5299 0.7913, -0.1649 -0.5345 0.7913, -0.1616 -0.5355 0.7913, -0.1613 -0.5362 0.7913, -0.159 -0.5412 0.7913, -0.1551 -0.546 0.7913, -0.1499 -0.5499 0.7913, -0.1475 -0.5509 0.7913, -0.1438 -0.5524 0.7913, -0.1376 -0.5534 0.7913, -0.1366 -0.5534 0.7913, -0.1102 -0.5271 0.7913, -0.1302 -0.5526 0.7913, -0.1257 -0.5509 0.7913, -0.1243 -0.5504 0.7913, -0.1191 -0.5467 0.7913, -0.115 -0.5422 0.7913, -0.1119 -0.5363 0.7913, -0.1119 -0.5362 0.7913, -0.1104 -0.5298 0.7913, -0.1102 -0.5244 0.7913, -0.0733 -0.5049 0.7913, -0.0815 -0.491 0.7913, -0.1168 -0.5094 0.7913, -0.1214 -0.5052 0.7913, -0.127 -0.5022 0.7913, -0.1334 -0.5006 0.7913, -0.1366 -0.5005 0.7913, -0.1429 -0.5012 0.7913, -0.1487 -0.5035 0.7913, -0.1541 -0.5072 0.7913, -0.1584 -0.5122 0.7913, -0.1614 -0.5179 0.7913, -0.1671 -0.5143 0.7913, -0.1718 -0.5095 0.7913, -0.175 -0.5041 0.7913, -0.1769 -0.4977 0.7913, -0.1772 -0.4936 0.7913, -0.1765 -0.4883 0.7913, -0.1764 -0.4872 0.7913, -0.1741 -0.4813 0.7913, -0.1714 -0.4774 0.7913, -0.1705 -0.4761 0.7913, -0.1659 -0.4721 0.7913, -0.1601 -0.4689 0.7913, -0.1536 -0.4674 0.7913, -0.1508 -0.4672 0.7913, -0.1446 -0.468 0.7913, -0.1387 -0.4702 0.7913, -0.1368 -0.4712 0.7913, -0.1328 -0.4629 0.7913, -0.1269 -0.4558 0.7913, -0.1198 -0.4506 0.7913, -0.1112 -0.4471 0.7913, -0.1015 -0.4459 0.7913, -0.0646 -0.4788 0.7913, -0.0649 -0.4774 0.7913, -0.0662 -0.4715 0.7913, -0.0703 -0.463 0.7913, -0.0763 -0.4559 0.7913, -0.0769 -0.4553 0.7913, -0.0843 -0.4502 0.7913, -0.0926 -0.447 0.7913, -0.0625 -0.4788 0.7913, -0.0575 -0.4795 0.7913, -0.0529 -0.4812 0.7913, -0.0488 -0.4841 0.7913, -0.0458 -0.4875 0.7913, -0.0454 -0.4883 0.7913, -0.0433 -0.492 0.7913, -0.0421 -0.4971 0.7913, -0.042 -0.4994 0.7913, -0.0426 -0.5045 0.7913, -0.0444 -0.5092 0.7913, -0.0473 -0.5133 0.7913, -0.0477 -0.5137 0.7913, -0.0516 -0.5169 0.7913, -0.0562 -0.5191 0.7913, -0.0609 -0.52 0.7913, -0.0728 -0.52 0.7913, -0.0733 -0.5199 0.7913, -0.0741 -0.5197 0.7913, -0.0744 -0.5197 0.7913, -0.0764 -0.52 0.7913, -0.0782 -0.5207 0.7913, -0.0799 -0.5218 0.7913, -0.0809 -0.523 0.7913, -0.082 -0.5248 0.7913, -0.0825 -0.5268 0.7913, -0.0826 -0.5279 0.7913, -0.0823 -0.5298 0.7913, -0.0816 -0.5316 0.7913, -0.0805 -0.5333 0.7913, -0.0798 -0.5339 0.7913, -0.0781 -0.5351 0.7913, -0.0764 -0.5358 0.7913, -0.0749 -0.536 0.7913, -0.0594 -0.536 0.7913, -0.0506 -0.5342 0.7913, -0.0425 -0.5302 0.7913, -0.0354 -0.5242 0.7913, -0.0301 -0.5169 0.7913, -0.0268 -0.5085 0.7913, -0.1368 -0.5171 0.7913, -0.135 -0.5172 0.7913, -0.1325 -0.518 0.7913, -0.1303 -0.5194 0.7913, -0.1286 -0.5212 0.7913, -0.1274 -0.5234 0.7913, -0.1267 -0.5258 0.7913, -0.1266 -0.5283 0.7913, -0.1272 -0.5309 0.7913, -0.1284 -0.5332 0.7913, -0.13 -0.535 0.7913, -0.132 -0.5364 0.7913, -0.1343 -0.5373 0.7913, -0.1368 -0.5376 0.7913, -0.1373 -0.5376 0.7913, -0.1397 -0.5372 0.7913, -0.142 -0.5362 0.7913, -0.1441 -0.5347 0.7913, -0.1455 -0.5328 0.7913, -0.1466 -0.5306 0.7913, -0.1471 -0.5282 0.7913, -0.147 -0.5256 0.7913, -0.1462 -0.5231 0.7913, -0.1449 -0.5209 0.7913, -0.1438 -0.5198 0.7913, -0.1417 -0.5183 0.7913, -0.1394 -0.5174 0.7913
            ]
        }
        coordIndex [
            0,1,2,-1,3,4,5,-1,6,7,8,-1,9,10,11,-1,11,10,12,-1,13,14,2,-1,2,14,15,-1,2,15,0,-1,5,4,16,-1,17,18,19,-1,20,21,10,-1,10,21,22,-1,10,22,12,-1,12,22,23,-1,24,25,26,-1,26,25,27,-1,26,27,28,-1,28,27,29,-1,28,29,30,-1,30,29,31,-1,30,31,32,-1,32,31,2,-1,32,2,33,-1,33,2,34,-1,35,36,24,-1,24,36,37,-1,24,37,25,-1,9,11,19,-1,19,11,38,-1,19,38,17,-1,39,40,41,-1,41,40,42,-1,41,42,43,-1,43,42,44,-1,43,44,45,-1,45,44,46,-1,6,8,47,-1,47,8,48,-1,47,48,49,-1,49,48,50,-1,49,50,51,-1,4,52,16,-1,16,52,53,-1,16,53,54,-1,54,53,55,-1,54,55,6,-1,6,55,56,-1,6,56,7,-1,23,22,24,-1,24,22,57,-1,24,57,35,-1,58,59,60,-1,60,59,61,-1,60,61,62,-1,62,61,63,-1,62,63,64,-1,64,63,65,-1,64,65,66,-1,66,65,67,-1,66,67,68,-1,34,2,69,-1,69,2,1,-1,69,1,70,-1,44,71,46,-1,46,71,72,-1,46,72,73,-1,73,72,74,-1,73,74,75,-1,75,74,76,-1,75,76,77,-1,77,76,78,-1,77,78,79,-1,79,78,80,-1,79,80,81,-1,81,80,82,-1,81,82,58,-1,58,82,83,-1,58,83,59,-1,84,85,86,-1,86,85,87,-1,86,87,41,-1,41,87,88,-1,41,88,39,-1,89,90,91,-1,91,90,92,-1,91,92,93,-1,93,92,94,-1,93,94,95,-1,95,94,96,-1,95,96,97,-1,97,96,98,-1,97,98,13,-1,13,98,99,-1,13,99,14,-1,18,100,19,-1,19,100,101,-1,19,101,102,-1,102,101,103,-1,102,103,104,-1,104,103,105,-1,104,105,106,-1,106,105,107,-1,106,107,108,-1,108,107,109,-1,108,109,110,-1,110,109,111,-1,110,111,112,-1,112,111,113,-1,112,113,114,-1,114,113,115,-1,114,115,116,-1,116,115,117,-1,116,117,118,-1,118,117,119,-1,118,119,1,-1,1,119,120,-1,1,120,70,-1,51,50,121,-1,121,50,122,-1,121,122,123,-1,123,122,124,-1,123,124,125,-1,125,124,126,-1,125,126,127,-1,127,126,128,-1,127,128,84,-1,84,128,129,-1,84,129,85,-1,5,130,3,-1,3,130,131,-1,3,131,132,-1,132,131,133,-1,132,133,134,-1,134,133,135,-1,134,135,89,-1,89,135,136,-1,89,136,90,-1,137,138,139,-1,67,140,68,-1,68,140,137,-1,68,137,141,-1,141,137,139,-1,142,143,137,-1,137,143,144,-1,137,144,138,-1,145,146,147,-1,146,148,147,-1,147,148,149,-1,147,149,150,-1,142,137,147,-1,147,137,151,-1,147,151,145,-1,152,46,153,-1,153,46,73,-1,153,73,154,-1,154,73,75,-1,154,75,155,-1,155,75,77,-1,155,77,156,-1,152,157,46,-1,46,157,158,-1,46,158,45,-1,45,158,159,-1,45,159,43,-1,43,159,160,-1,43,160,41,-1,41,160,161,-1,41,161,86,-1,86,161,162,-1,86,162,84,-1,84,162,127,-1,127,162,163,-1,163,164,127,-1,127,164,165,-1,127,165,125,-1,125,165,166,-1,125,166,123,-1,167,49,168,-1,168,49,51,-1,168,51,169,-1,169,51,121,-1,169,121,170,-1,170,121,123,-1,170,123,166,-1,49,167,171,-1,49,171,47,-1,47,171,172,-1,47,172,6,-1,6,172,173,-1,6,173,54,-1,54,173,174,-1,54,174,16,-1,16,174,175,-1,16,175,5,-1,5,175,176,-1,5,176,130,-1,130,176,177,-1,130,177,131,-1,131,177,178,-1,131,178,133,-1,136,135,179,-1,179,135,133,-1,179,133,178,-1,179,180,136,-1,136,180,181,-1,136,181,90,-1,90,181,182,-1,182,183,90,-1,90,183,184,-1,90,184,92,-1,92,184,185,-1,92,185,94,-1,94,185,186,-1,94,186,96,-1,96,186,187,-1,96,187,98,-1,98,187,188,-1,98,188,99,-1,99,188,189,-1,99,189,14,-1,14,189,190,-1,14,190,15,-1,15,190,191,-1,15,191,0,-1,191,192,0,-1,0,192,193,-1,0,193,1,-1,1,193,194,-1,1,194,118,-1,118,194,195,-1,118,195,116,-1,195,196,116,-1,116,196,197,-1,116,197,114,-1,114,197,198,-1,114,198,112,-1,199,9,19,-1,112,198,200,-1,112,200,110,-1,110,200,201,-1,110,201,108,-1,201,202,108,-1,108,202,203,-1,108,203,106,-1,106,203,204,-1,106,204,104,-1,104,204,205,-1,104,205,102,-1,102,205,206,-1,102,206,19,-1,19,206,207,-1,19,207,199,-1,10,9,208,-1,208,9,199,-1,20,10,209,-1,209,10,208,-1,21,20,210,-1,210,20,209,-1,22,21,211,-1,211,21,210,-1,22,211,212,-1,22,212,57,-1,57,212,213,-1,57,213,35,-1,35,213,214,-1,35,214,36,-1,36,214,215,-1,36,215,37,-1,37,215,216,-1,37,216,25,-1,25,216,217,-1,25,217,27,-1,27,217,218,-1,27,218,29,-1,29,218,219,-1,29,219,31,-1,31,219,220,-1,31,220,2,-1,2,220,221,-1,2,221,13,-1,13,221,222,-1,13,222,97,-1,97,222,223,-1,97,223,95,-1,95,223,224,-1,95,224,93,-1,93,224,225,-1,93,225,91,-1,225,226,91,-1,91,226,89,-1,226,227,89,-1,89,227,228,-1,89,228,134,-1,134,228,229,-1,134,229,132,-1,229,230,132,-1,132,230,231,-1,132,231,3,-1,3,231,232,-1,3,232,4,-1,4,232,233,-1,4,233,52,-1,52,233,234,-1,52,234,53,-1,53,234,235,-1,53,235,55,-1,55,235,236,-1,55,236,56,-1,56,236,237,-1,56,237,7,-1,7,237,238,-1,7,238,8,-1,8,238,239,-1,8,239,48,-1,48,239,240,-1,48,240,50,-1,50,240,241,-1,50,241,122,-1,122,241,242,-1,122,242,124,-1,243,39,244,-1,244,39,88,-1,244,88,245,-1,245,88,87,-1,245,87,246,-1,246,87,85,-1,246,85,247,-1,247,85,129,-1,247,129,248,-1,248,129,128,-1,248,128,249,-1,249,128,126,-1,249,126,250,-1,250,126,124,-1,250,124,242,-1,40,39,251,-1,251,39,243,-1,40,251,252,-1,40,252,42,-1,42,252,253,-1,42,253,44,-1,44,253,254,-1,44,254,71,-1,71,254,255,-1,71,255,72,-1,72,255,256,-1,72,256,74,-1,256,257,74,-1,74,257,258,-1,74,258,76,-1,76,258,259,-1,76,259,78,-1,78,259,260,-1,78,260,80,-1,80,260,261,-1,80,261,82,-1,82,261,262,-1,82,262,83,-1,83,262,263,-1,83,263,59,-1,59,263,264,-1,59,264,61,-1,61,264,265,-1,61,265,63,-1,63,265,266,-1,63,266,65,-1,67,65,267,-1,267,65,266,-1,67,267,268,-1,67,268,140,-1,140,268,269,-1,140,269,137,-1,137,269,270,-1,137,270,151,-1,151,270,271,-1,151,271,145,-1,145,271,272,-1,145,272,146,-1,146,272,273,-1,146,273,148,-1,148,273,274,-1,148,274,149,-1,149,274,275,-1,149,275,150,-1,150,275,276,-1,150,276,147,-1,147,276,277,-1,147,277,142,-1,142,277,278,-1,142,278,143,-1,143,278,279,-1,143,279,144,-1,144,279,280,-1,144,280,138,-1,138,280,281,-1,138,281,139,-1,139,281,282,-1,139,282,141,-1,141,282,283,-1,141,283,68,-1,68,283,284,-1,68,284,66,-1,64,66,285,-1,285,66,284,-1,64,285,286,-1,64,286,62,-1,62,286,287,-1,62,287,60,-1,60,287,288,-1,60,288,58,-1,58,288,289,-1,58,289,81,-1,81,289,290,-1,81,290,79,-1,79,290,156,-1,79,156,77,-1,23,291,292,-1,23,292,12,-1,12,292,293,-1,12,293,11,-1,11,293,294,-1,11,294,38,-1,38,294,295,-1,38,295,17,-1,17,295,296,-1,17,296,18,-1,18,296,297,-1,18,297,100,-1,100,297,298,-1,100,298,101,-1,101,298,299,-1,101,299,103,-1,103,299,300,-1,103,300,105,-1,105,300,301,-1,105,301,107,-1,107,301,302,-1,107,302,109,-1,109,302,303,-1,109,303,111,-1,111,303,304,-1,111,304,113,-1,113,304,305,-1,113,305,115,-1,115,305,306,-1,115,306,117,-1,117,306,307,-1,117,307,119,-1,119,307,308,-1,119,308,120,-1,120,308,309,-1,120,309,70,-1,70,309,310,-1,70,310,69,-1,69,310,311,-1,69,311,34,-1,34,311,312,-1,34,312,33,-1,33,312,313,-1,33,313,32,-1,32,313,314,-1,32,314,30,-1,30,314,315,-1,30,315,28,-1,28,315,316,-1,28,316,26,-1,26,316,317,-1,26,317,24,-1,24,317,291,-1,24,291,23,-1,
        ]
    }
}
Shape{
    appearance Appearance {
        material  Material 	{
            diffuseColor 0.25098039215686274 0.25098039215686274 0.25098039215686274
            specularColor 0.12549019607843137 0.12549019607843137 0.12549019607843137
            ambientIntensity 0.251
            transparency 0.0
            shininess 0.5
        }
    }
    geometry IndexedFaceSet {
        ccw TRUE
        solid FALSE
        coord DEF co Coordinate {
            point [
                -0.1373 -0.5376 0.7913, -0.1438 -0.5198 0.7913, -0.1449 -0.5209 0.7913, -0.1343 -0.5373 0.7913, -0.132 -0.5364 0.7913, -0.135 -0.5172 0.7913, -0.1368 -0.5171 0.7913, -0.1394 -0.5174 0.7913, -0.1417 -0.5183 0.7913, -0.1466 -0.5306 0.7913, -0.1455 -0.5328 0.7913, -0.1441 -0.5347 0.7913, -0.1368 -0.5376 0.7913, -0.1274 -0.5234 0.7913, -0.1286 -0.5212 0.7913, -0.1284 -0.5332 0.7913, -0.1303 -0.5194 0.7913, -0.1462 -0.5231 0.7913, -0.147 -0.5256 0.7913, -0.1471 -0.5282 0.7913, -0.142 -0.5362 0.7913, -0.1397 -0.5372 0.7913, -0.13 -0.535 0.7913, -0.1325 -0.518 0.7913, -0.1272 -0.5309 0.7913, -0.1266 -0.5283 0.7913, -0.1267 -0.5258 0.7913
            ]
        }
        coordIndex [
            0,1,2,-1,3,4,5,-1,6,7,0,-1,0,7,8,-1,0,8,1,-1,9,10,2,-1,2,10,11,-1,6,0,5,-1,5,0,12,-1,5,12,3,-1,13,14,15,-1,15,14,16,-1,17,18,2,-1,2,18,19,-1,2,19,9,-1,11,20,2,-1,2,20,21,-1,2,21,0,-1,4,22,5,-1,5,22,15,-1,5,15,23,-1,23,15,16,-1,24,25,15,-1,15,25,26,-1,15,26,13,-1,
        ]
    }
}